# https://github.com/mikedh/trimesh
v -0.15448630 0.30719692 -1.06272709
v -0.15110257 0.30753818 -1.06390774
v -0.15448630 0.30364552 -1.06272709
v -0.15059954 0.30297086 -1.06036580
v -0.14721975 0.30330819 -1.06154644
v -0.15517281 0.30142769 -1.06744969
v -0.15059954 0.29942733 -1.06036580
v -0.14689226 0.29909393 -1.05918515
v -0.14367229 0.29976073 -1.06154644
v -0.15076721 0.29621324 -1.06154644
v -0.14672853 0.29522491 -1.05800450
v -0.14311302 0.29506019 -1.05741417
v -0.14082614 0.29769576 -1.06685936
v -0.15177330 0.29461879 -1.06863034
v -0.14664666 0.29152653 -1.05741417
v -0.14295322 0.29120103 -1.05623353
v -0.13957936 0.29152653 -1.05741417
v -0.13946348 0.29885033 -1.08397877
v -0.14672853 0.28815365 -1.05800450
v -0.14287333 0.28751051 -1.05564320
v -0.13934559 0.28751051 -1.05564320
v -0.13596976 0.28783208 -1.05682385
v -0.14754722 0.28620607 -1.06390774
v -0.14279343 0.28382400 -1.05505288
v -0.13918974 0.28366518 -1.05446255
v -0.13566597 0.28366518 -1.05446255
v -0.13251206 0.28445920 -1.05741417
v -0.14287333 0.28045505 -1.05564320
v -0.13903388 0.27982771 -1.05328190
v -0.13551405 0.27982771 -1.05328190
v -0.13206819 0.27998456 -1.05387223
v -0.12984243 0.28280756 -1.06449807
v -0.14343260 0.27801132 -1.05977547
v -0.13903388 0.27630788 -1.05328190
v -0.13536216 0.27599815 -1.05210125
v -0.13192023 0.27615300 -1.05269158
v -0.12847434 0.27630788 -1.05328190
v -0.12796591 0.28296682 -1.07866585
v -0.13918974 0.27309382 -1.05446255
v -0.13528621 0.27232939 -1.05151093
v -0.13169830 0.27217650 -1.05092061
v -0.12825833 0.27232939 -1.05151093
v -0.12495452 0.27278805 -1.05328190
v -0.13965729 0.27047551 -1.05800450
v -0.13528621 0.26881546 -1.05151093
v -0.13162431 0.26851362 -1.05033028
v -0.12804231 0.26836270 -1.04973996
v -0.12467439 0.26866454 -1.05092061
v -0.12157079 0.26957002 -1.05446255
v -0.13528621 0.26530153 -1.05151093
v -0.13155034 0.26485470 -1.04973996
v -0.12789831 0.26455683 -1.04855931
v -0.12446429 0.26470575 -1.04914963
v -0.12102631 0.26485470 -1.04973996
v -0.11983133 0.27006766 -1.07040131
v -0.13581786 0.26281637 -1.05564320
v -0.13147637 0.26119971 -1.04914963
v -0.12782629 0.26090577 -1.04796898
v -0.12432423 0.26090577 -1.04796898
v -0.12089020 0.26105276 -1.04855931
v -0.11751830 0.26134670 -1.04973996
v -0.13155034 0.25783867 -1.04973996
v -0.12775430 0.25725868 -1.04737866
v -0.12425420 0.25725868 -1.04737866
v -0.12075407 0.25725868 -1.04737866
v -0.11732004 0.25740367 -1.04796898
v -0.11407440 0.25798365 -1.05033028
v -0.13199420 0.25518879 -1.05328190
v -0.12775430 0.25375858 -1.04737866
v -0.12411414 0.25347251 -1.04619801
v -0.12061796 0.25347251 -1.04619801
v -0.11718786 0.25361556 -1.04678833
v -0.11381795 0.25390160 -1.04796898
v -0.11218008 0.25819230 -1.06567872
v -0.12775430 0.25025845 -1.04737866
v -0.12411414 0.24997634 -1.04619801
v -0.12048183 0.24969423 -1.04501736
v -0.11705569 0.24983530 -1.04560769
v -0.11368971 0.25011739 -1.04678833
v -0.11025370 0.25025845 -1.04737866
v -0.12811431 0.24745373 -1.05033028
v -0.12404411 0.24634111 -1.04560769
v -0.12048183 0.24620202 -1.04501736
v -0.11692351 0.24606295 -1.04442704
v -0.11349737 0.24620202 -1.04501736
v -0.11006728 0.24634111 -1.04560769
v -0.10681377 0.24689741 -1.04796898
v -0.12411414 0.24298400 -1.04619801
v -0.12034572 0.24243557 -1.04383671
v -0.11685743 0.24243557 -1.04383671
v -0.11336914 0.24243557 -1.04383671
v -0.10994300 0.24257270 -1.04442704
v -0.10651294 0.24270979 -1.04501736
v -0.10470835 0.24668585 -1.06213677
v -0.12432423 0.23989324 -1.04796898
v -0.12034572 0.23894732 -1.04383671
v -0.11672526 0.23867705 -1.04265606
v -0.11324091 0.23867705 -1.04265606
v -0.10975657 0.23867705 -1.04265606
v -0.10639260 0.23894732 -1.04383671
v -0.10296248 0.23908244 -1.04442704
v -0.10233963 0.24597421 -1.07453358
v -0.12041377 0.23559219 -1.04442704
v -0.11665916 0.23505954 -1.04206574
v -0.11311269 0.23492637 -1.04147542
v -0.10963229 0.23492637 -1.04147542
v -0.10621209 0.23505954 -1.04206574
v -0.10284609 0.23532586 -1.04324639
v -0.09964091 0.23599166 -1.04619801
v -0.12061796 0.23249549 -1.04619801
v -0.11665916 0.23157717 -1.04206574
v -0.11304858 0.23131481 -1.04088509
v -0.10957015 0.23131481 -1.04088509
v -0.10609176 0.23131481 -1.04088509
v -0.10267150 0.23144598 -1.04147542
v -0.09930358 0.23170836 -1.04265606
v -0.09728400 0.23525041 -1.05859482
v -0.12116244 0.23003301 -1.05092061
v -0.11672526 0.22822401 -1.04265606
v -0.11298446 0.22770715 -1.04029477
v -0.10950801 0.22770715 -1.04029477
v -0.10603159 0.22770715 -1.04029477
v -0.10261330 0.22783637 -1.04088509
v -0.09919114 0.22796558 -1.04147542
v -0.09581923 0.22822401 -1.04265606
v -0.11718786 0.22563039 -1.04678833
v -0.11304858 0.22435798 -1.04088509
v -0.10944587 0.22410348 -1.03970444
v -0.10597142 0.22410348 -1.03970444
v -0.10249691 0.22410348 -1.03970444
v -0.09907869 0.22423072 -1.04029477
v -0.09571074 0.22448522 -1.04147542
v -0.09254400 0.22524866 -1.04501736
v -0.11311269 0.22100480 -1.04147542
v -0.10938372 0.22050373 -1.03911412
v -0.10591125 0.22050373 -1.03911412
v -0.10243871 0.22050373 -1.03911412
v -0.09902247 0.22062901 -1.03970444
v -0.09560224 0.22075427 -1.04029477
v -0.09223034 0.22100480 -1.04147542
v -0.09066153 0.22576503 -1.06390774
v -0.11330503 0.21789430 -1.04324639
v -0.10938372 0.21703123 -1.03911412
v -0.10585108 0.21690793 -1.03852379
v -0.10238052 0.21690793 -1.03852379
v -0.09891002 0.21690793 -1.03852379
v -0.09549373 0.21703123 -1.03911412
v -0.09212579 0.21727782 -1.04029477
v -0.08880025 0.21764772 -1.04206574
v -0.10938372 0.21355873 -1.03911412
v -0.10579091 0.21331608 -1.03793347
v -0.10232233 0.21331608 -1.03793347
v -0.09885379 0.21331608 -1.03793347
v -0.09538524 0.21331608 -1.03793347
v -0.09191668 0.21331608 -1.03793347
v -0.08849842 0.21343742 -1.03852379
v -0.08555954 0.21477197 -1.04501736
v -0.10950801 0.21032494 -1.04029477
v -0.10579091 0.20984754 -1.03793347
v -0.10220593 0.20960884 -1.03675282
v -0.09874135 0.20960884 -1.03675282
v -0.09522249 0.20948948 -1.03616250
v -0.09181212 0.20960884 -1.03675282
v -0.08839781 0.20972818 -1.03734314
v -0.08497956 0.20984754 -1.03793347
v -0.10579091 0.20637898 -1.03793347
v -0.10214774 0.20602684 -1.03616250
v -0.09862891 0.20590946 -1.03557217
v -0.09516823 0.20590946 -1.03557217
v -0.09170756 0.20590946 -1.03557217
v -0.08824690 0.20590946 -1.03557217
v -0.08483456 0.20602684 -1.03616250
v -0.08151103 0.20637898 -1.03793347
v -0.10591125 0.20314124 -1.03911412
v -0.10208954 0.20244880 -1.03557217
v -0.09851646 0.20221800 -1.03439152
v -0.09505973 0.20221800 -1.03439152
v -0.09160301 0.20221800 -1.03439152
v -0.08814629 0.20221800 -1.03439152
v -0.08473790 0.20233341 -1.03498185
v -0.08132559 0.20244880 -1.03557217
v -0.07875266 0.20475692 -1.04737866
v -0.10214774 0.19910157 -1.03616250
v -0.09851646 0.19876128 -1.03439152
v -0.09500549 0.19864784 -1.03380120
v -0.09155074 0.19864784 -1.03380120
v -0.08809598 0.19864784 -1.03380120
v -0.08464123 0.19864784 -1.03380120
v -0.08123288 0.19876128 -1.03439152
v -0.07786492 0.19898814 -1.03557217
v -0.07567666 0.20239112 -1.05328190
v -0.10226413 0.19586185 -1.03734314
v -0.09846023 0.19519310 -1.03380120
v -0.09495123 0.19508164 -1.03321087
v -0.09144618 0.19497018 -1.03262055
v -0.08799537 0.19497018 -1.03262055
v -0.08459290 0.19508164 -1.03321087
v -0.08114015 0.19508164 -1.03321087
v -0.07777615 0.19530454 -1.03439152
v -0.07444666 0.19563892 -1.03616250
v -0.09846023 0.19173835 -1.03380120
v -0.09484274 0.19140987 -1.03203022
v -0.09139390 0.19140987 -1.03203022
v -0.08794507 0.19140987 -1.03203022
v -0.08449623 0.19140987 -1.03203022
v -0.08104744 0.19140987 -1.03203022
v -0.07768738 0.19162886 -1.03321087
v -0.07427701 0.19173835 -1.03380120
v -0.07146932 0.19349013 -1.04324639
v -0.09851646 0.18839113 -1.03439152
v -0.09478848 0.18785356 -1.03143990
v -0.09128934 0.18774603 -1.03084958
v -0.08779415 0.18763852 -1.03025925
v -0.08435123 0.18763852 -1.03025925
v -0.08090836 0.18763852 -1.03025925
v -0.07750983 0.18774603 -1.03084958
v -0.07414977 0.18796107 -1.03203022
v -0.07078182 0.18817610 -1.03321087
v -0.09478848 0.18440670 -1.03143990
v -0.09118479 0.18409008 -1.02966893
v -0.08769355 0.18398452 -1.02907860
v -0.08425458 0.18398452 -1.02907860
v -0.08081564 0.18398452 -1.02907860
v -0.07742106 0.18409008 -1.02966893
v -0.07402253 0.18419561 -1.03025925
v -0.07062005 0.18430114 -1.03084958
v -0.06732907 0.18472332 -1.03321087
v -0.09489698 0.18116699 -1.03262055
v -0.09113251 0.18054557 -1.02907860
v -0.08764324 0.18044201 -1.02848828
v -0.08415791 0.18033843 -1.02789795
v -0.08072291 0.18033843 -1.02789795
v -0.07733228 0.18044201 -1.02848828
v -0.07389528 0.18044201 -1.02848828
v -0.07053917 0.18064915 -1.02966893
v -0.06717520 0.18085627 -1.03084958
v -0.06467917 0.18354908 -1.04619801
v -0.09113251 0.17710660 -1.02907860
v -0.08759293 0.17690340 -1.02789795
v -0.08410958 0.17680182 -1.02730763
v -0.08063020 0.17670020 -1.02671731
v -0.07724351 0.17680182 -1.02730763
v -0.07381046 0.17680182 -1.02730763
v -0.07041785 0.17690340 -1.02789795
v -0.06705979 0.17710660 -1.02907860
v -0.06373028 0.17741139 -1.03084958
v -0.09128934 0.17396650 -1.03084958
v -0.08759293 0.17346840 -1.02789795
v -0.08406124 0.17326915 -1.02671731
v -0.08058384 0.17316952 -1.02612698
v -0.07719912 0.17326915 -1.02671731
v -0.07376804 0.17326915 -1.02671731
v -0.07033697 0.17326915 -1.02671731
v -0.06694439 0.17336877 -1.02730763
v -0.06358430 0.17356800 -1.02848828
v -0.06049253 0.17456424 -1.03439152
v -0.08759293 0.17003340 -1.02789795
v -0.08401292 0.16974042 -1.02612698
v -0.08053748 0.16964278 -1.02553666
v -0.07711035 0.16964278 -1.02553666
v -0.07368322 0.16964278 -1.02553666
v -0.07029653 0.16974042 -1.02612698
v -0.06686746 0.16974042 -1.02612698
v -0.06347481 0.16983809 -1.02671731
v -0.06014730 0.17013103 -1.02848828
v -0.05755664 0.17266995 -1.04383671
v -0.08769355 0.16678971 -1.02907860
v -0.08401292 0.16631131 -1.02612698
v -0.08049113 0.16611995 -1.02494633
v -0.07702158 0.16602427 -1.02435601
v -0.07364080 0.16611995 -1.02494633
v -0.07021564 0.16611995 -1.02494633
v -0.06679051 0.16611995 -1.02494633
v -0.06343832 0.16631131 -1.02612698
v -0.06004374 0.16640699 -1.02671731
v -0.05671034 0.16669403 -1.02848828
v -0.08396459 0.16278853 -1.02553666
v -0.08044476 0.16260111 -1.02435601
v -0.07697719 0.16250741 -1.02376568
v -0.07355598 0.16250741 -1.02376568
v -0.07013476 0.16250741 -1.02376568
v -0.06675205 0.16260111 -1.02435601
v -0.06336533 0.16269483 -1.02494633
v -0.05997469 0.16278853 -1.02553666
v -0.05661269 0.16297594 -1.02671731
v -0.05364027 0.16438152 -1.03557217
v -0.08406124 0.15954484 -1.02671731
v -0.08044476 0.15917791 -1.02435601
v -0.07693280 0.15899447 -1.02317536
v -0.07351356 0.15899447 -1.02317536
v -0.07009432 0.15899447 -1.02317536
v -0.06671358 0.15908620 -1.02376568
v -0.06332883 0.15917791 -1.02435601
v -0.05994017 0.15926965 -1.02494633
v -0.05654759 0.15936138 -1.02553666
v -0.05318161 0.15954484 -1.02671731
v -0.05078030 0.16284721 -1.04796898
v -0.08049113 0.15584452 -1.02494633
v -0.07693280 0.15557523 -1.02317536
v -0.07347115 0.15548548 -1.02258503
v -0.07005388 0.15548548 -1.02258503
v -0.06667511 0.15557523 -1.02317536
v -0.06329233 0.15566501 -1.02376568
v -0.05987112 0.15566501 -1.02376568
v -0.05648249 0.15575476 -1.02435601
v -0.05312045 0.15593427 -1.02553666
v -0.04980774 0.15629332 -1.02789795
v -0.08067656 0.15277049 -1.02730763
v -0.07693280 0.15215600 -1.02317536
v -0.07342874 0.15198041 -1.02199471
v -0.07001343 0.15198041 -1.02199471
v -0.06659818 0.15198041 -1.02199471
v -0.06321934 0.15206820 -1.02258503
v -0.05983660 0.15215600 -1.02317536
v -0.05644994 0.15224378 -1.02376568
v -0.05305930 0.15233156 -1.02435601
v -0.04969332 0.15250713 -1.02553666
v -0.04663904 0.15373614 -1.03380120
v -0.07697719 0.14882256 -1.02376568
v -0.07342874 0.14856511 -1.02199471
v -0.06997300 0.14847931 -1.02140439
v -0.06655971 0.14847931 -1.02140439
v -0.06318285 0.14856511 -1.02199471
v -0.05976755 0.14856511 -1.02199471
v -0.05638484 0.14865093 -1.02258503
v -0.05299814 0.14873675 -1.02317536
v -0.04963611 0.14890838 -1.02435601
v -0.04629282 0.14916581 -1.02612698
v -0.07338632 0.14506599 -1.02140439
v -0.06993256 0.14498216 -1.02081406
v -0.06652123 0.14498216 -1.02081406
v -0.06310985 0.14498216 -1.02081406
v -0.05973303 0.14506599 -1.02140439
v -0.05635229 0.14514983 -1.02199471
v -0.05293699 0.14514983 -1.02199471
v -0.04957891 0.14531752 -1.02317536
v -0.04621293 0.14548521 -1.02435601
v -0.04293770 0.14598826 -1.02789795
v -0.26900625 0.14042464 -1.01254952
v -0.26562253 0.14042464 -1.01254952
v -0.26315615 0.14091586 -1.01609147
v -0.26157153 0.14189827 -1.02317536
v -0.07338632 0.14165267 -1.02140439
v -0.06989212 0.14148892 -1.02022374
v -0.06648277 0.14148892 -1.02022374
v -0.06307336 0.14148892 -1.02022374
v -0.05966398 0.14148892 -1.02022374
v -0.05628719 0.14157081 -1.02081406
v -0.05290642 0.14165267 -1.02140439
v -0.04952170 0.14173454 -1.02199471
v -0.04613303 0.14181641 -1.02258503
v -0.04276508 0.14198014 -1.02376568
v -0.26853576 0.13680124 -1.01077855
v -0.26438364 0.13640176 -1.00782692
v -0.26101571 0.13640176 -1.00782692
v -0.25749686 0.13632186 -1.00723660
v -0.25398195 0.13624196 -1.00664628
v -0.25061795 0.13624196 -1.00664628
v -0.24739893 0.13632186 -1.00723660
v -0.24403295 0.13632186 -1.00723660
v -0.24080804 0.13640176 -1.00782692
v -0.23757918 0.13648164 -1.00841725
v -0.23448347 0.13664144 -1.00959790
v -0.23192041 0.13712083 -1.01313984
v -0.06985167 0.13799968 -1.01963341
v -0.06644430 0.13799968 -1.01963341
v -0.06303687 0.13799968 -1.01963341
v -0.05962946 0.13799968 -1.01963341
v -0.05622208 0.13799968 -1.01963341
v -0.05284526 0.13807957 -1.02022374
v -0.04946449 0.13815947 -1.02081406
v -0.04607977 0.13823937 -1.02140439
v -0.04271576 0.13839915 -1.02258503
v -0.03948002 0.13903832 -1.02730763
v -0.27433857 0.13630658 -1.03262055
v -0.26562253 0.13365720 -1.01254952
v -0.26132149 0.13318965 -1.00900757
v -0.25749686 0.13295588 -1.00723660
v -0.25383300 0.13280004 -1.00605595
v -0.25017706 0.13264419 -1.00487530
v -0.24681894 0.13264419 -1.00487530
v -0.24331784 0.13256626 -1.00428498
v -0.23996173 0.13256626 -1.00428498
v -0.23646656 0.13248836 -1.00369465
v -0.23311242 0.13248836 -1.00369465
v -0.22975828 0.13248836 -1.00369465
v -0.22627099 0.13241042 -1.00310433
v -0.22305001 0.13248836 -1.00369465
v -0.21969587 0.13248836 -1.00369465
v -0.21646897 0.13256626 -1.00428498
v -0.21311288 0.13256626 -1.00428498
v -0.21000335 0.13272211 -1.00546563
v -0.20700726 0.13295588 -1.00723660
v -0.06985167 0.13459226 -1.01963341
v -0.06640583 0.13451435 -1.01904309
v -0.06300037 0.13451435 -1.01904309
v -0.05959494 0.13451435 -1.01904309
v -0.05618954 0.13451435 -1.01904309
v -0.05278410 0.13451435 -1.01904309
v -0.04940728 0.13459226 -1.01963341
v -0.04602651 0.13467020 -1.02022374
v -0.04266645 0.13482603 -1.02140439
v -0.03929853 0.13498189 -1.02258503
v -0.25562030 0.13034943 -1.01313984
v -0.25047097 0.12943801 -1.00605595
v -0.24696393 0.12936206 -1.00546563
v -0.24331784 0.12921017 -1.00428498
v -0.23982067 0.12913422 -1.00369465
v -0.23646656 0.12913422 -1.00369465
v -0.23297530 0.12905827 -1.00310433
v -0.22962315 0.12905827 -1.00310433
v -0.22613783 0.12898232 -1.00251400
v -0.22278763 0.12898232 -1.00251400
v -0.21943744 0.12898232 -1.00251400
v -0.21608725 0.12898232 -1.00251400
v -0.21273705 0.12898232 -1.00251400
v -0.20938687 0.12898232 -1.00251400
v -0.20591536 0.12890637 -1.00192368
v -0.20244780 0.12883042 -1.00133336
v -0.19910154 0.12883042 -1.00133336
v -0.19587071 0.12890637 -1.00192368
v -0.19263592 0.12898232 -1.00251400
v -0.18939719 0.12905827 -1.00310433
v -0.18615450 0.12913422 -1.00369465
v -0.18344547 0.12958993 -1.00723660
v -0.06640583 0.13110892 -1.01904309
v -0.06296387 0.13103299 -1.01845276
v -0.05956041 0.13103299 -1.01845276
v -0.05615699 0.13103299 -1.01845276
v -0.05275352 0.13103299 -1.01845276
v -0.04937867 0.13110892 -1.01904309
v -0.04602651 0.13126083 -1.02022374
v -0.04264178 0.13133678 -1.02081406
v -0.03927584 0.13148868 -1.02199471
v -0.03590194 0.13164058 -1.02317536
v 0.08035205 0.13164058 -1.02317536
v 0.08357796 0.13133678 -1.02081406
v 0.08688867 0.13118488 -1.01963341
v 0.09029607 0.13118488 -1.01963341
v 0.09364925 0.13110892 -1.01904309
v 0.09711087 0.13118488 -1.01963341
v 0.10051826 0.13118488 -1.01963341
v 0.10398585 0.13126083 -1.02022374
v 0.10739524 0.13126083 -1.02022374
v 0.11093281 0.13141273 -1.02140439
v 0.11467654 0.13179249 -1.02435601
v -0.25044385 0.12777749 -1.01963341
v -0.24503413 0.12674180 -1.01136887
v -0.24038488 0.12607600 -1.00605595
v -0.23660563 0.12585406 -1.00428498
v -0.23297530 0.12570611 -1.00310433
v -0.22948802 0.12563212 -1.00251400
v -0.22613783 0.12563212 -1.00251400
v -0.22278763 0.12563212 -1.00251400
v -0.21943744 0.12563212 -1.00251400
v -0.21608725 0.12563212 -1.00251400
v -0.21273705 0.12563212 -1.00251400
v -0.20926356 0.12555814 -1.00192368
v -0.20579405 0.12548417 -1.00133336
v -0.20232844 0.12541020 -1.00074303
v -0.19886677 0.12533621 -1.00015271
v -0.19540909 0.12526223 -0.99956232
v -0.19195533 0.12518825 -0.99897200
v -0.18861698 0.12518825 -0.99897200
v -0.18527861 0.12518825 -0.99897200
v -0.18215528 0.12533621 -1.00015271
v -0.17891854 0.12541020 -1.00074303
v -0.17578141 0.12555814 -1.00192368
v -0.17253478 0.12563212 -1.00251400
v -0.16938382 0.12578008 -1.00369465
v -0.16632266 0.12600201 -1.00546563
v -0.16334529 0.12629792 -1.00782692
v -0.06644430 0.12777749 -1.01963341
v -0.06296387 0.12762952 -1.01845276
v -0.05956041 0.12762952 -1.01845276
v -0.05612443 0.12755553 -1.01786244
v -0.05272295 0.12755553 -1.01786244
v -0.04935006 0.12762952 -1.01845276
v -0.04597324 0.12770350 -1.01904309
v -0.04259247 0.12777749 -1.01963341
v -0.03923047 0.12792543 -1.02081406
v -0.03588123 0.12814736 -1.02258503
v -0.03261392 0.12873919 -1.02730763
v 0.06981126 0.12770350 -1.01904309
v 0.07313184 0.12755553 -1.01786244
v 0.07648894 0.12748156 -1.01727211
v 0.07988845 0.12748156 -1.01727211
v 0.08328797 0.12748156 -1.01727211
v 0.08668745 0.12748156 -1.01727211
v 0.09008696 0.12748156 -1.01727211
v 0.09348650 0.12748156 -1.01727211
v 0.09694221 0.12755553 -1.01786244
v 0.10034367 0.12755553 -1.01786244
v 0.10374518 0.12755553 -1.01786244
v 0.10714667 0.12755553 -1.01786244
v 0.11054812 0.12755553 -1.01786244
v 0.11388350 0.12748156 -1.01727211
v 0.11728304 0.12748156 -1.01727211
v 0.12082262 0.12762952 -1.01845276
v 0.12458608 0.12799941 -1.02140439
v -0.23744009 0.12292996 -1.00782692
v -0.23324952 0.12249792 -1.00428498
v -0.22948802 0.12228192 -1.00251400
v -0.22613783 0.12228192 -1.00251400
v -0.22278763 0.12228192 -1.00251400
v -0.21943744 0.12228192 -1.00251400
v -0.21608725 0.12228192 -1.00251400
v -0.21261179 0.12220991 -1.00192368
v -0.20926356 0.12220991 -1.00192368
v -0.20555140 0.12199389 -1.00015271
v -0.20220910 0.12199389 -1.00015271
v -0.19874941 0.12192189 -0.99956232
v -0.19529368 0.12184988 -0.99897200
v -0.19195533 0.12184988 -0.99897200
v -0.18850552 0.12177788 -0.99838167
v -0.18516912 0.12177788 -0.99838167
v -0.18194026 0.12184988 -0.99897200
v -0.17860191 0.12184988 -0.99897200
v -0.17536713 0.12192189 -0.99956232
v -0.17202680 0.12192189 -0.99956232
v -0.16878608 0.12199389 -1.00015271
v -0.16544379 0.12199389 -1.00015271
v -0.16210148 0.12199389 -1.00015271
v -0.15894660 0.12213790 -1.00133336
v -0.15587555 0.12235392 -1.00310433
v -0.15261318 0.12242592 -1.00369465
v -0.14917123 0.12235392 -1.00310433
v -0.14599070 0.12249792 -1.00428498
v -0.14322148 0.12300196 -1.00841725
v -0.06296387 0.12422605 -1.01845276
v -0.05952589 0.12415404 -1.01786244
v -0.05609188 0.12408204 -1.01727211
v -0.05269237 0.12408204 -1.01727211
v -0.04932146 0.12415404 -1.01786244
v -0.04594661 0.12422605 -1.01845276
v -0.04256781 0.12429806 -1.01904309
v -0.03918509 0.12437005 -1.01963341
v -0.03581909 0.12451407 -1.02081406
v -0.03244525 0.12465807 -1.02199471
v 0.06300037 0.12429806 -1.01904309
v 0.06629039 0.12408204 -1.01727211
v 0.06968994 0.12408204 -1.01727211
v 0.07304701 0.12401003 -1.01668179
v 0.07644455 0.12401003 -1.01668179
v 0.07984209 0.12401003 -1.01668179
v 0.08323963 0.12401003 -1.01668179
v 0.08668745 0.12408204 -1.01727211
v 0.09008696 0.12408204 -1.01727211
v 0.09354076 0.12415404 -1.01786244
v 0.09699844 0.12422605 -1.01845276
v 0.10040186 0.12422605 -1.01845276
v 0.10386553 0.12429806 -1.01904309
v 0.10727095 0.12429806 -1.01904309
v 0.11061224 0.12422605 -1.01845276
v 0.11388350 0.12408204 -1.01727211
v 0.11721499 0.12401003 -1.01668179
v 0.12054248 0.12393803 -1.01609147
v 0.12401003 0.12401003 -1.01668179
v 0.12740760 0.12401003 -1.01668179
v -0.23137987 0.11991220 -1.01077855
v -0.22680363 0.11928191 -1.00546563
v -0.22305001 0.11907181 -1.00369465
v -0.21943744 0.11893175 -1.00251400
v -0.21596001 0.11886171 -1.00192368
v -0.21248652 0.11879168 -1.00133336
v -0.20901698 0.11872166 -1.00074303
v -0.20543006 0.11858159 -0.99956232
v -0.20197040 0.11851155 -0.99897200
v -0.19851466 0.11844152 -0.99838167
v -0.19517827 0.11844152 -0.99838167
v -0.19172846 0.11837149 -0.99779135
v -0.18839405 0.11837149 -0.99779135
v -0.18505964 0.11837149 -0.99779135
v -0.18172523 0.11837149 -0.99779135
v -0.17849638 0.11844152 -0.99838167
v -0.17515999 0.11844152 -0.99838167
v -0.17182361 0.11844152 -0.99838167
v -0.16848722 0.11844152 -0.99838167
v -0.16515085 0.11844152 -0.99838167
v -0.16171877 0.11837149 -0.99779135
v -0.15847808 0.11844152 -0.99838167
v -0.15541689 0.11865162 -1.00015271
v -0.15225413 0.11879168 -1.00133336
v -0.14908344 0.11893175 -1.00251400
v -0.14581907 0.11900178 -1.00310433
v -0.14246690 0.11900178 -1.00310433
v -0.13903287 0.11893175 -1.00251400
v -0.13576259 0.11900178 -1.00310433
v -0.13248836 0.11907181 -1.00369465
v -0.12921017 0.11914184 -1.00428498
v -0.12585406 0.11914184 -1.00428498
v -0.06300037 0.12089264 -1.01904309
v -0.05949137 0.12068255 -1.01727211
v -0.05605933 0.12061252 -1.01668179
v -0.05266180 0.12061252 -1.01668179
v -0.04926425 0.12061252 -1.01668179
v -0.04589335 0.12068255 -1.01727211
v -0.04249383 0.12068255 -1.01727211
v -0.03913972 0.12082262 -1.01845276
v -0.03575695 0.12089264 -1.01904309
v -0.03237028 0.12096268 -1.01963341
v -0.02899641 0.12110275 -1.02081406
v 0.05631977 0.12117278 -1.02140439
v 0.05938783 0.12047246 -1.01550114
v 0.06274490 0.12040243 -1.01491082
v 0.06613652 0.12040243 -1.01491082
v 0.06956862 0.12047246 -1.01550114
v 0.07300460 0.12054248 -1.01609147
v 0.07644455 0.12061252 -1.01668179
v 0.07988845 0.12068255 -1.01727211
v 0.08333629 0.12075259 -1.01786244
v 0.08683836 0.12089264 -1.01904309
v 0.09034835 0.12103271 -1.02022374
v 0.09381201 0.12110275 -1.02081406
v 0.09727955 0.12117278 -1.02140439
v 0.10075103 0.12124281 -1.02199471
v 0.10416636 0.12124281 -1.02199471
v 0.10751951 0.12117278 -1.02140439
v 0.11086870 0.12110275 -1.02081406
v 0.11414785 0.12096268 -1.01963341
v 0.11741916 0.12082262 -1.01845276
v 0.12068255 0.12068255 -1.01727211
v 0.12401003 0.12061252 -1.01668179
v 0.12733363 0.12054248 -1.01609147
v 0.13080512 0.12061252 -1.01668179
v 0.13428058 0.12068255 -1.01727211
v -0.21723242 0.11619408 -1.00782692
v -0.21311288 0.11578573 -1.00428498
v -0.20938687 0.11558156 -1.00251400
v -0.20543006 0.11524126 -0.99956232
v -0.20185104 0.11510513 -0.99838167
v -0.19839728 0.11503707 -0.99779135
v -0.19506288 0.11503707 -0.99779135
v -0.19161503 0.11496902 -0.99720103
v -0.18828259 0.11496902 -0.99720103
v -0.18495014 0.11496902 -0.99720103
v -0.18161771 0.11496902 -0.99720103
v -0.17839082 0.11503707 -0.99779135
v -0.17505643 0.11503707 -0.99779135
v -0.17172201 0.11503707 -0.99779135
v -0.16838761 0.11503707 -0.99779135
v -0.16495556 0.11496902 -0.99720103
v -0.16152741 0.11490095 -0.99661070
v -0.15829067 0.11496902 -0.99720103
v -0.15514170 0.11510513 -0.99838167
v -0.15207462 0.11530931 -1.00015271
v -0.14882009 0.11537737 -1.00074303
v -0.14556162 0.11544544 -1.00133336
v -0.14221539 0.11544544 -1.00133336
v -0.13886914 0.11544544 -1.00133336
v -0.13560280 0.11551350 -1.00192368
v -0.13225457 0.11551350 -1.00192368
v -0.12890637 0.11551350 -1.00192368
v -0.12555814 0.11551350 -1.00192368
v -0.12228192 0.11558156 -1.00251400
v -0.11907181 0.11571767 -1.00369465
v -0.11585379 0.11585379 -1.00487530
v -0.11249571 0.11585379 -1.00487530
v -0.10920174 0.11592185 -1.00546563
v -0.10590382 0.11598991 -1.00605595
v -0.10272232 0.11619408 -1.00782692
v -0.06303687 0.11755528 -1.01963341
v -0.05945684 0.11721499 -1.01668179
v -0.05599423 0.11707886 -1.01550114
v -0.05260064 0.11707886 -1.01550114
v -0.04920704 0.11707886 -1.01550114
v -0.04584008 0.11714692 -1.01609147
v -0.04244451 0.11714692 -1.01609147
v -0.03907166 0.11721499 -1.01668179
v -0.03569480 0.11728304 -1.01727211
v -0.03231406 0.11735110 -1.01786244
v -0.02894611 0.11748722 -1.01904309
v -0.02565907 0.11803170 -1.02376568
v 0.05263122 0.11714692 -1.01609147
v 0.05589661 0.11687468 -1.01373017
v 0.05924974 0.11680662 -1.01313984
v 0.06267191 0.11687468 -1.01373017
v 0.06609805 0.11694275 -1.01432049
v 0.06952817 0.11701079 -1.01491082
v 0.07296218 0.11707886 -1.01550114
v 0.07648894 0.11728304 -1.01727211
v 0.08002753 0.11748722 -1.01904309
v 0.08352962 0.11762334 -1.02022374
v 0.08708988 0.11782752 -1.02199471
v 0.09066201 0.11803170 -1.02376568
v 0.09419177 0.11816781 -1.02494633
v 0.09767310 0.11823587 -1.02553666
v 0.10115840 0.11830393 -1.02612698
v 0.10458755 0.11830393 -1.02612698
v 0.10789237 0.11816781 -1.02494633
v 0.11125338 0.11809976 -1.02435601
v 0.11454436 0.11796363 -1.02317536
v 0.11775946 0.11775946 -1.02140439
v 0.12096268 0.11755528 -1.01963341
v 0.12415404 0.11735110 -1.01786244
v 0.12740760 0.11721499 -1.01668179
v 0.13065322 0.11707886 -1.01550114
v 0.13396889 0.11701079 -1.01491082
v 0.13744040 0.11707886 -1.01550114
v 0.14124335 0.11741916 -1.01845276
v -0.20340259 0.11262788 -1.00605595
v -0.19910154 0.11209919 -1.00133336
v -0.19529368 0.11183484 -0.99897200
v -0.19172846 0.11170266 -0.99779135
v -0.18828259 0.11163657 -0.99720103
v -0.18495014 0.11163657 -0.99720103
v -0.18161771 0.11163657 -0.99720103
v -0.17828529 0.11163657 -0.99720103
v -0.17505643 0.11170266 -0.99779135
v -0.17172201 0.11170266 -0.99779135
v -0.16828798 0.11163657 -0.99720103
v -0.16485789 0.11157049 -0.99661070
v -0.16143174 0.11150441 -0.99602038
v -0.15819697 0.11157049 -0.99661070
v -0.15504996 0.11170266 -0.99779135
v -0.15198486 0.11190092 -0.99956232
v -0.14873229 0.11196700 -1.00015271
v -0.14538999 0.11196700 -1.00015271
v -0.14204770 0.11196700 -1.00015271
v -0.13870540 0.11196700 -1.00015271
v -0.13544300 0.11203310 -1.00074303
v -0.13217665 0.11209919 -1.00133336
v -0.12883042 0.11209919 -1.00133336
v -0.12555814 0.11216526 -1.00192368
v -0.12220991 0.11216526 -1.00192368
v -0.11893175 0.11223136 -1.00251400
v -0.11571767 0.11236353 -1.00369465
v -0.11236353 0.11236353 -1.00369465
v -0.10907350 0.11242961 -1.00428498
v -0.10577953 0.11249571 -1.00487530
v -0.10242147 0.11249571 -1.00487530
v -0.09912156 0.11256179 -1.00546563
v -0.09581775 0.11262788 -1.00605595
v -0.09250996 0.11269396 -1.00664628
v -0.08925052 0.11282614 -1.00782692
v -0.08598318 0.11295830 -1.00900757
v -0.05942232 0.11375135 -1.01609147
v -0.05592914 0.11355309 -1.01432049
v -0.05253948 0.11355309 -1.01432049
v -0.04914983 0.11355309 -1.01432049
v -0.04576018 0.11355309 -1.01432049
v -0.04239519 0.11361918 -1.01491082
v -0.03900360 0.11361918 -1.01491082
v -0.03563266 0.11368527 -1.01550114
v -0.03225784 0.11375135 -1.01609147
v -0.02889581 0.11388353 -1.01727211
v -0.02554071 0.11408179 -1.01904309
v 0.04920704 0.11368527 -1.01550114
v 0.05253948 0.11355309 -1.01432049
v 0.05589661 0.11348701 -1.01373017
v 0.05924974 0.11342092 -1.01313984
v 0.06263541 0.11342092 -1.01313984
v 0.06605958 0.11348701 -1.01373017
v 0.06948774 0.11355309 -1.01432049
v 0.07300460 0.11375135 -1.01609147
v 0.07662210 0.11408179 -1.01904309
v 0.08025932 0.11441222 -1.02199471
v 0.08386795 0.11467656 -1.02435601
v 0.08754263 0.11500701 -1.02730763
v 0.09113251 0.11520527 -1.02907860
v 0.09468001 0.11533743 -1.03025925
v 0.09817912 0.11540352 -1.03084958
v 0.10156579 0.11533743 -1.03025925
v 0.10500873 0.11533743 -1.03025925
v 0.10832736 0.11520527 -1.02907860
v 0.11170217 0.11513917 -1.02848828
v 0.11494089 0.11494092 -1.02671731
v 0.11816781 0.11474266 -1.02494633
v 0.12138288 0.11454439 -1.02317536
v 0.12451407 0.11428005 -1.02081406
v 0.12770350 0.11408179 -1.01904309
v 0.13080512 0.11381744 -1.01668179
v 0.13396889 0.11361918 -1.01491082
v 0.13728061 0.11355309 -1.01432049
v 0.14058839 0.11348701 -1.01373017
v 0.14414375 0.11361918 -1.01491082
v -0.18906280 0.10875293 -1.00133336
v -0.18527861 0.10849647 -0.99897200
v -0.18172523 0.10836825 -0.99779135
v -0.17839082 0.10836825 -0.99779135
v -0.17505643 0.10836825 -0.99779135
v -0.17172201 0.10836825 -0.99779135
v -0.16838761 0.10836825 -0.99779135
v -0.16495556 0.10830414 -0.99720103
v -0.16162309 0.10830414 -0.99720103
v -0.15829067 0.10830414 -0.99720103
v -0.15504996 0.10836825 -0.99779135
v -0.15189509 0.10849647 -0.99897200
v -0.14864451 0.10856059 -0.99956232
v -0.14530417 0.10856059 -0.99956232
v -0.14196385 0.10856059 -0.99956232
v -0.13862354 0.10856059 -0.99956232
v -0.13536310 0.10862470 -1.00015271
v -0.13202080 0.10862470 -1.00015271
v -0.12875447 0.10868882 -1.00074303
v -0.12548417 0.10875293 -1.00133336
v -0.12220991 0.10881705 -1.00192368
v -0.11886171 0.10881705 -1.00192368
v -0.11558156 0.10888116 -1.00251400
v -0.11229745 0.10894528 -1.00310433
v -0.10894528 0.10894528 -1.00310433
v -0.10565525 0.10900939 -1.00369465
v -0.10236131 0.10907350 -1.00428498
v -0.09906337 0.10913762 -1.00487530
v -0.09576152 0.10920174 -1.00546563
v -0.09245572 0.10926584 -1.00605595
v -0.08914597 0.10932996 -1.00664628
v -0.08588257 0.10945819 -1.00782692
v -0.08256295 0.10952230 -1.00841725
v -0.07923942 0.10958642 -1.00900757
v -0.07591191 0.10965053 -1.00959790
v -0.07262287 0.10977875 -1.01077855
v -0.06932594 0.10990699 -1.01195920
v -0.06602114 0.11003521 -1.01313984
v -0.06270840 0.11016344 -1.01432049
v -0.05928423 0.11009933 -1.01373017
v -0.05586403 0.11003521 -1.01313984
v -0.05244775 0.10997110 -1.01254952
v -0.04909262 0.11003521 -1.01313984
v -0.04570692 0.11003521 -1.01313984
v -0.04232121 0.11003521 -1.01313984
v -0.03895823 0.11009933 -1.01373017
v -0.03557052 0.11009933 -1.01373017
v -0.03220161 0.11016344 -1.01432049
v -0.02882873 0.11022756 -1.01491082
v -0.02546673 0.11035579 -1.01609147
v -0.02208395 0.11041990 -1.01668179
v 0.04254315 0.11061224 -1.01845276
v 0.04581348 0.11029167 -1.01550114
v 0.04914983 0.11016344 -1.01432049
v 0.05250891 0.11009933 -1.01373017
v 0.05586406 0.11003521 -1.01313984
v 0.05921521 0.10997110 -1.01254952
v 0.06259891 0.10997110 -1.01254952
v 0.06602111 0.11003521 -1.01313984
v 0.06948774 0.11016344 -1.01432049
v 0.07313184 0.11054812 -1.01786244
v 0.07684403 0.11099692 -1.02199471
v 0.08063020 0.11150984 -1.02671731
v 0.08430294 0.11183041 -1.02966893
v 0.08789476 0.11202275 -1.03143990
v 0.09144618 0.11215098 -1.03262055
v 0.09495126 0.11221509 -1.03321087
v 0.09846023 0.11227921 -1.03380120
v 0.10191496 0.11227921 -1.03380120
v 0.10536973 0.11227921 -1.03380120
v 0.10876235 0.11221509 -1.03321087
v 0.11208686 0.11208686 -1.03203022
v 0.11540350 0.11195863 -1.03084958
v 0.11864423 0.11176629 -1.02907860
v 0.12180307 0.11150984 -1.02671731
v 0.12494610 0.11125338 -1.02435601
v 0.12807339 0.11099692 -1.02199471
v 0.13110892 0.11067636 -1.01904309
v 0.13420266 0.11041990 -1.01668179
v 0.13736050 0.11022756 -1.01491082
v 0.14050652 0.11003521 -1.01313984
v 0.14380839 0.10997110 -1.01254952
v 0.14736368 0.11009933 -1.01373017
v -0.17965733 0.10577953 -1.00487530
v -0.17578141 0.10546882 -1.00192368
v -0.17212841 0.10528240 -1.00015271
v -0.16868646 0.10522027 -0.99956232
v -0.16524850 0.10515812 -0.99897200
v -0.16181444 0.10509598 -0.99838167
v -0.15847808 0.10509598 -0.99838167
v -0.15514170 0.10509598 -0.99838167
v -0.15189509 0.10515812 -0.99897200
v -0.14855672 0.10515812 -0.99897200
v -0.14521836 0.10515812 -0.99897200
v -0.14188002 0.10515812 -0.99897200
v -0.13854165 0.10515812 -0.99897200
v -0.13520332 0.10515812 -0.99897200
v -0.13194288 0.10522027 -0.99956232
v -0.12867852 0.10528240 -1.00015271
v -0.12541020 0.10534454 -1.00074303
v -0.12206590 0.10534454 -1.00074303
v -0.11879168 0.10540669 -1.00133336
v -0.11551350 0.10546882 -1.00192368
v -0.11216526 0.10546882 -1.00192368
v -0.10888116 0.10553096 -1.00251400
v -0.10553096 0.10553096 -1.00251400
v -0.10224097 0.10559311 -1.00310433
v -0.09894697 0.10565525 -1.00369465
v -0.09564908 0.10571739 -1.00428498
v -0.09234722 0.10577953 -1.00487530
v -0.08904140 0.10584167 -1.00546563
v -0.08578195 0.10596596 -1.00664628
v -0.08246629 0.10602809 -1.00723660
v -0.07919306 0.10615238 -1.00841725
v -0.07586752 0.10621452 -1.00900757
v -0.07253804 0.10627666 -1.00959790
v -0.06920461 0.10633881 -1.01018822
v -0.06586727 0.10640094 -1.01077855
v -0.06248943 0.10640094 -1.01077855
v -0.05911162 0.10640094 -1.01077855
v -0.05573383 0.10640094 -1.01077855
v -0.05235602 0.10640094 -1.01077855
v -0.04900681 0.10646308 -1.01136887
v -0.04562702 0.10646308 -1.01136887
v -0.04224724 0.10646308 -1.01136887
v -0.03886748 0.10646308 -1.01136887
v -0.03546695 0.10640094 -1.01077855
v -0.03207043 0.10633881 -1.01018822
v -0.02869459 0.10633881 -1.01018822
v -0.02531878 0.10633881 -1.01018822
v -0.02194290 0.10633881 -1.01018822
v -0.01857791 0.10640094 -1.01077855
v -0.01520901 0.10646308 -1.01136887
v -0.01183613 0.10652523 -1.01195920
v -0.00845930 0.10658737 -1.01254952
v -0.00508149 0.10671165 -1.01373017
v -0.00169877 0.10702236 -1.01668179
v 0.03242654 0.10751949 -1.02140439
v 0.03569483 0.10708450 -1.01727211
v 0.03904897 0.10696021 -1.01609147
v 0.04239519 0.10683593 -1.01491082
v 0.04576021 0.10677379 -1.01432049
v 0.04912123 0.10671165 -1.01373017
v 0.05247833 0.10664951 -1.01313984
v 0.05583151 0.10658737 -1.01254952
v 0.05918069 0.10652523 -1.01195920
v 0.06252593 0.10646308 -1.01136887
v 0.06598265 0.10658737 -1.01254952
v 0.06956862 0.10689808 -1.01550114
v 0.07334391 0.10745735 -1.02081406
v 0.07715474 0.10801662 -1.02612698
v 0.10555024 0.10901088 -1.03557217
v 0.10894877 0.10894874 -1.03498185
v 0.11234332 0.10888659 -1.03439152
v 0.11573392 0.10882445 -1.03380120
v 0.11898452 0.10863803 -1.03203022
v 0.12222327 0.10845160 -1.03025925
v 0.12537813 0.10820304 -1.02789795
v 0.12844329 0.10789233 -1.02494633
v 0.13148867 0.10758163 -1.02199471
v 0.13459226 0.10733306 -1.01963341
v 0.13760020 0.10702236 -1.01668179
v 0.14058839 0.10671165 -1.01373017
v 0.14372455 0.10652523 -1.01195920
v 0.14702043 0.10646308 -1.01136887
v 0.15048806 0.10652523 -1.01195920
v -0.16681090 0.10278249 -1.00841725
v -0.16277124 0.10236131 -1.00428498
v -0.15904033 0.10212064 -1.00192368
v -0.15541689 0.10194013 -1.00015271
v -0.15198486 0.10187996 -0.99956232
v -0.14846894 0.10175962 -0.99838167
v -0.14513254 0.10175962 -0.99838167
v -0.14179619 0.10175962 -0.99838167
v -0.13845979 0.10175962 -0.99838167
v -0.13512342 0.10175962 -0.99838167
v -0.13186495 0.10181979 -0.99897200
v -0.12860256 0.10187996 -0.99956232
v -0.12533621 0.10194013 -1.00015271
v -0.12199389 0.10194013 -1.00015271
v -0.11872166 0.10200030 -1.00074303
v -0.11544544 0.10206047 -1.00133336
v -0.11209919 0.10206047 -1.00133336
v -0.10875293 0.10206047 -1.00133336
v -0.10546882 0.10212064 -1.00192368
v -0.10218080 0.10218080 -1.00251400
v -0.09883058 0.10218080 -1.00251400
v -0.09559286 0.10230114 -1.00369465
v -0.09229296 0.10236131 -1.00428498
v -0.08898913 0.10242147 -1.00487530
v -0.08568135 0.10248164 -1.00546563
v -0.08241796 0.10260198 -1.00664628
v -0.07910034 0.10266215 -1.00723660
v -0.07577875 0.10272232 -1.00782692
v -0.07245322 0.10278249 -1.00841725
v -0.06912374 0.10284265 -1.00900757
v -0.06582881 0.10296299 -1.01018822
v -0.06245293 0.10296299 -1.01018822
v -0.05907709 0.10296299 -1.01018822
v -0.05566873 0.10290282 -1.00959790
v -0.05229487 0.10290282 -1.00959790
v -0.04892100 0.10290282 -1.00959790
v -0.04554713 0.10290282 -1.00959790
v -0.04217326 0.10290282 -1.00959790
v -0.03875405 0.10278249 -1.00841725
v -0.03536338 0.10272232 -1.00782692
v -0.03197672 0.10266215 -1.00723660
v -0.02862751 0.10272232 -1.00782692
v -0.02525959 0.10272232 -1.00782692
v -0.02189161 0.10272232 -1.00782692
v -0.01853451 0.10278249 -1.00841725
v -0.01516462 0.10278249 -1.00841725
v -0.01180160 0.10284265 -1.00900757
v -0.00843957 0.10296299 -1.01018822
v -0.00506669 0.10302316 -1.01077855
v -0.00168989 0.10308333 -1.01136887
v 0.00169088 0.10314350 -1.01195920
v 0.00507261 0.10314350 -1.01195920
v 0.00845930 0.10320367 -1.01254952
v 0.01184303 0.10320367 -1.01254952
v 0.01523564 0.10326384 -1.01313984
v 0.01863216 0.10332400 -1.01373017
v 0.02203269 0.10338417 -1.01432049
v 0.02543714 0.10344435 -1.01491082
v 0.02881197 0.10338417 -1.01432049
v 0.03220164 0.10338417 -1.01432049
v 0.03557055 0.10332400 -1.01373017
v 0.03895823 0.10332400 -1.01373017
v 0.04234588 0.10332400 -1.01373017
v 0.04570695 0.10326384 -1.01313984
v 0.04909262 0.10326384 -1.01313984
v 0.05244775 0.10320367 -1.01254952
v 0.05579897 0.10314350 -1.01195920
v 0.05911164 0.10302316 -1.01077855
v 0.06252593 0.10308333 -1.01136887
v 0.06598265 0.10320367 -1.01254952
v 0.06977082 0.10380535 -1.01845276
v 0.07359839 0.10440703 -1.02435601
v 0.11918871 0.10536973 -1.03380120
v 0.12250339 0.10524940 -1.03262055
v 0.12573816 0.10506889 -1.03084958
v 0.12888716 0.10482822 -1.02848828
v 0.13194437 0.10452738 -1.02553666
v 0.13498189 0.10422653 -1.02258503
v 0.13791978 0.10386553 -1.01904309
v 0.14091587 0.10356468 -1.01609147
v 0.14389223 0.10326384 -1.01313984
v 0.14702043 0.10308333 -1.01136887
v 0.15022470 0.10296299 -1.01018822
v 0.15351079 0.10290282 -1.00959790
v 0.15706804 0.10302316 -1.01077855
v -0.15306197 0.09923795 -1.00664628
v -0.14908344 0.09883058 -1.00251400
v -0.14538999 0.09859779 -1.00015271
v -0.14188002 0.09848139 -0.99897200
v -0.13845979 0.09842321 -0.99838167
v -0.13512342 0.09842321 -0.99838167
v -0.13186495 0.09848139 -0.99897200
v -0.12852661 0.09848139 -0.99897200
v -0.12526223 0.09853960 -0.99956232
v -0.12199389 0.09859779 -1.00015271
v -0.11865162 0.09859779 -1.00015271
v -0.11537737 0.09865599 -1.00074303
v -0.11209919 0.09871418 -1.00133336
v -0.10868882 0.09865599 -1.00074303
v -0.10540669 0.09871418 -1.00133336
v -0.10206047 0.09871418 -1.00133336
v -0.09877238 0.09877238 -1.00192368
v -0.09548041 0.09883058 -1.00251400
v -0.09223872 0.09894697 -1.00369465
v -0.08893685 0.09900516 -1.00428498
v -0.08563104 0.09906337 -1.00487530
v -0.08232129 0.09912156 -1.00546563
v -0.07905398 0.09923795 -1.00664628
v -0.07573436 0.09929614 -1.00723660
v -0.07241080 0.09935433 -1.00782692
v -0.06908329 0.09941254 -1.00841725
v -0.06575187 0.09947073 -1.00900757
v -0.06237995 0.09947073 -1.00900757
v -0.05904257 0.09952892 -1.00959790
v -0.05563618 0.09947073 -1.00900757
v -0.05223371 0.09941254 -1.00841725
v -0.04889239 0.09947073 -1.00900757
v -0.04549386 0.09941254 -1.00841725
v -0.04209928 0.09935433 -1.00782692
v -0.03868599 0.09923795 -1.00664628
v -0.03528053 0.09912156 -1.00546563
v -0.03192050 0.09912156 -1.00546563
v -0.02857721 0.09917975 -1.00605595
v -0.02523000 0.09923795 -1.00664628
v -0.02187879 0.09929614 -1.00723660
v -0.01851281 0.09929614 -1.00723660
v -0.01514687 0.09929614 -1.00723660
v -0.01178779 0.09935433 -1.00782692
v -0.00842478 0.09941254 -1.00841725
v -0.00506077 0.09952892 -1.00959790
v -0.00168792 0.09958712 -1.01018822
v 0.00168891 0.09964532 -1.01077855
v 0.00506669 0.09964532 -1.01077855
v 0.00844450 0.09964532 -1.01077855
v 0.01182922 0.09970352 -1.01136887
v 0.01521789 0.09976171 -1.01195920
v 0.01861046 0.09981991 -1.01254952
v 0.02200705 0.09987810 -1.01313984
v 0.02539275 0.09987810 -1.01313984
v 0.02877843 0.09987810 -1.01313984
v 0.03214542 0.09981991 -1.01254952
v 0.03552912 0.09981991 -1.01254952
v 0.03891286 0.09981991 -1.01254952
v 0.04229655 0.09981991 -1.01254952
v 0.04568032 0.09981991 -1.01254952
v 0.04903542 0.09976171 -1.01195920
v 0.05238660 0.09970352 -1.01136887
v 0.05576641 0.09970352 -1.01136887
v 0.05907712 0.09958712 -1.01018822
v 0.06245293 0.09958712 -1.01018822
v 0.06594418 0.09976171 -1.01195920
v 0.06993259 0.10063465 -1.02081406
v 0.07372563 0.10115840 -1.02612698
v 0.12595417 0.10179856 -1.03262055
v 0.12918307 0.10162397 -1.03084958
v 0.13232411 0.10139119 -1.02848828
v 0.13537151 0.10110021 -1.02553666
v 0.13831925 0.10075103 -1.02199471
v 0.14132521 0.10046006 -1.01904309
v 0.14422759 0.10011089 -1.01550114
v 0.14719206 0.09981991 -1.01254952
v 0.15022470 0.09958712 -1.01018822
v 0.15333126 0.09941254 -1.00841725
v 0.15660940 0.09935433 -1.00782692
v 0.16016474 0.09947073 -1.00900757
v -0.13911474 0.09553663 -1.00310433
v -0.13544300 0.09531175 -1.00074303
v -0.13202080 0.09525552 -1.00015271
v -0.12860256 0.09519929 -0.99956232
v -0.12526223 0.09519929 -0.99956232
v -0.12199389 0.09525552 -1.00015271
v -0.11865162 0.09525552 -1.00015271
v -0.11530931 0.09525552 -1.00015271
v -0.11196700 0.09525552 -1.00015271
v -0.10868882 0.09531175 -1.00074303
v -0.10534454 0.09531175 -1.00074303
v -0.10200030 0.09531175 -1.00074303
v -0.09871418 0.09536796 -1.00133336
v -0.09542419 0.09542419 -1.00192368
v -0.09213021 0.09548041 -1.00251400
v -0.08883230 0.09553663 -1.00310433
v -0.08558074 0.09564908 -1.00428498
v -0.08227296 0.09570531 -1.00487530
v -0.07896127 0.09576152 -1.00546563
v -0.07568998 0.09587397 -1.00664628
v -0.07236839 0.09593019 -1.00723660
v -0.06900241 0.09593019 -1.00723660
v -0.06571340 0.09604264 -1.00841725
v -0.06234345 0.09604264 -1.00841725
v -0.05897352 0.09604264 -1.00841725
v -0.05557108 0.09598642 -1.00782692
v -0.05220313 0.09598642 -1.00782692
v -0.04883518 0.09598642 -1.00782692
v -0.04544060 0.09593019 -1.00723660
v -0.04204996 0.09587397 -1.00664628
v -0.03861793 0.09570531 -1.00487530
v -0.03523910 0.09564908 -1.00428498
v -0.03190176 0.09570531 -1.00487530
v -0.02856044 0.09576152 -1.00546563
v -0.02520041 0.09576152 -1.00546563
v -0.02185315 0.09581775 -1.00605595
v -0.01849111 0.09581775 -1.00605595
v -0.01512911 0.09581775 -1.00605595
v -0.01176708 0.09581775 -1.00605595
v -0.00841491 0.09593019 -1.00723660
v -0.00505189 0.09598642 -1.00782692
v -0.00168496 0.09604264 -1.00841725
v 0.00168595 0.09609887 -1.00900757
v 0.00505781 0.09609887 -1.00900757
v 0.00843464 0.09615508 -1.00959790
v 0.01180851 0.09615508 -1.00959790
v 0.01519125 0.09621131 -1.01018822
v 0.01857791 0.09626754 -1.01077855
v 0.02196858 0.09632375 -1.01136887
v 0.02534837 0.09632375 -1.01136887
v 0.02872812 0.09632375 -1.01136887
v 0.03210794 0.09632375 -1.01136887
v 0.03546698 0.09626754 -1.01077855
v 0.03884479 0.09626754 -1.01077855
v 0.04222258 0.09626754 -1.01077855
v 0.04560042 0.09626754 -1.01077855
v 0.04897821 0.09626754 -1.01077855
v 0.05235602 0.09626754 -1.01077855
v 0.05570131 0.09621131 -1.01018822
v 0.05904260 0.09615508 -1.00959790
v 0.06241644 0.09615508 -1.00959790
v 0.06590571 0.09632375 -1.01136887
v 0.06993259 0.09722333 -1.02081406
v 0.13262792 0.09817912 -1.03084958
v 0.13576111 0.09795423 -1.02848828
v 0.13879864 0.09767310 -1.02553666
v 0.14173456 0.09733577 -1.02199471
v 0.14456296 0.09694221 -1.01786244
v 0.14744949 0.09660488 -1.01432049
v 0.15040028 0.09632375 -1.01136887
v 0.15342101 0.09609887 -1.00900757
v 0.15651767 0.09593019 -1.00723660
v 0.15978993 0.09587397 -1.00664628
v 0.16324961 0.09593019 -1.00723660
v -0.12951398 0.09250996 -1.00664628
v -0.12578008 0.09223872 -1.00369465
v -0.12228192 0.09213021 -1.00251400
v -0.11879168 0.09202172 -1.00133336
v -0.11537737 0.09196746 -1.00074303
v -0.11203310 0.09196746 -1.00074303
v -0.10868882 0.09196746 -1.00074303
v -0.10534454 0.09196746 -1.00074303
v -0.10200030 0.09196746 -1.00074303
v -0.09865599 0.09196746 -1.00074303
v -0.09536796 0.09202172 -1.00133336
v -0.09213021 0.09213021 -1.00251400
v -0.08883230 0.09218447 -1.00310433
v -0.08553044 0.09223872 -1.00369465
v -0.08222462 0.09229296 -1.00428498
v -0.07891490 0.09234722 -1.00487530
v -0.07564559 0.09245572 -1.00605595
v -0.07232597 0.09250996 -1.00664628
v -0.06896196 0.09250996 -1.00664628
v -0.06563646 0.09256422 -1.00723660
v -0.06230695 0.09261847 -1.00782692
v -0.05893900 0.09261847 -1.00782692
v -0.05553853 0.09256422 -1.00723660
v -0.05214198 0.09250996 -1.00664628
v -0.04877797 0.09250996 -1.00664628
v -0.04541397 0.09250996 -1.00664628
v -0.04197599 0.09234722 -1.00487530
v -0.03857255 0.09223872 -1.00369465
v -0.03519768 0.09218447 -1.00310433
v -0.03186428 0.09223872 -1.00369465
v -0.02854367 0.09234722 -1.00487530
v -0.02518561 0.09234722 -1.00487530
v -0.02182750 0.09234722 -1.00487530
v -0.01846941 0.09234722 -1.00487530
v -0.01511136 0.09234722 -1.00487530
v -0.01175327 0.09234722 -1.00487530
v -0.00840505 0.09245572 -1.00605595
v -0.00504302 0.09245572 -1.00605595
v -0.00168200 0.09250996 -1.00664628
v 0.00168397 0.09261847 -1.00782692
v 0.00505189 0.09261847 -1.00782692
v 0.00841984 0.09261847 -1.00782692
v 0.01179470 0.09267271 -1.00841725
v 0.01517350 0.09272697 -1.00900757
v 0.01854536 0.09272697 -1.00900757
v 0.02194294 0.09283546 -1.01018822
v 0.02531878 0.09283546 -1.01018822
v 0.02867782 0.09278122 -1.00959790
v 0.03205172 0.09278122 -1.00959790
v 0.03542555 0.09278122 -1.00959790
v 0.03879942 0.09278122 -1.00959790
v 0.04217326 0.09278122 -1.00959790
v 0.04554716 0.09278122 -1.00959790
v 0.04892100 0.09278122 -1.00959790
v 0.05229487 0.09278122 -1.00959790
v 0.05566876 0.09278122 -1.00959790
v 0.05900808 0.09272697 -1.00900757
v 0.06237995 0.09272697 -1.00900757
v 0.06582877 0.09283546 -1.01018822
v 0.06989215 0.09375772 -1.02022374
v 0.13599488 0.09467997 -1.03025925
v 0.13911822 0.09446298 -1.02789795
v 0.14214391 0.09419173 -1.02494633
v 0.14506601 0.09386623 -1.02140439
v 0.14787857 0.09348647 -1.01727211
v 0.15075143 0.09316097 -1.01373017
v 0.15351079 0.09278122 -1.00959790
v 0.15651767 0.09256422 -1.00723660
v 0.15960252 0.09240147 -1.00546563
v 0.16296257 0.09240147 -1.00546563
v 0.16642030 0.09245572 -1.00605595
v -0.11598991 0.08909369 -1.00605595
v -0.11236353 0.08888457 -1.00369465
v -0.10888116 0.08878002 -1.00251400
v -0.10546882 0.08872774 -1.00192368
v -0.10206047 0.08867547 -1.00133336
v -0.09865599 0.08862319 -1.00074303
v -0.09536796 0.08867547 -1.00133336
v -0.09213021 0.08878002 -1.00251400
v -0.08878002 0.08878002 -1.00251400
v -0.08553044 0.08888457 -1.00369465
v -0.08222462 0.08893685 -1.00428498
v -0.07891490 0.08898913 -1.00487530
v -0.07560121 0.08904140 -1.00546563
v -0.07228356 0.08909369 -1.00605595
v -0.06896196 0.08914597 -1.00664628
v -0.06559800 0.08914597 -1.00664628
v -0.06227046 0.08919825 -1.00723660
v -0.05890448 0.08919825 -1.00723660
v -0.05550598 0.08914597 -1.00664628
v -0.05211140 0.08909369 -1.00605595
v -0.04874937 0.08909369 -1.00605595
v -0.04536071 0.08904140 -1.00546563
v -0.04195133 0.08893685 -1.00428498
v -0.03852718 0.08878002 -1.00251400
v -0.03517696 0.08878002 -1.00251400
v -0.03184553 0.08883230 -1.00310433
v -0.02851013 0.08888457 -1.00369465
v -0.02515602 0.08888457 -1.00369465
v -0.02181468 0.08893685 -1.00428498
v -0.01845856 0.08893685 -1.00428498
v -0.01509360 0.08888457 -1.00369465
v -0.01174637 0.08893685 -1.00428498
v -0.00839518 0.08898913 -1.00487530
v -0.00504006 0.08904140 -1.00546563
v -0.00168003 0.08904140 -1.00546563
v 0.00168200 0.08914597 -1.00664628
v 0.00504598 0.08914597 -1.00664628
v 0.00841491 0.08919825 -1.00723660
v 0.01178089 0.08919825 -1.00723660
v 0.01515574 0.08925052 -1.00782692
v 0.01852367 0.08925052 -1.00782692
v 0.02191729 0.08935508 -1.00900757
v 0.02528919 0.08935508 -1.00900757
v 0.02864428 0.08930280 -1.00841725
v 0.03201423 0.08930280 -1.00841725
v 0.03538413 0.08930280 -1.00841725
v 0.03875405 0.08930280 -1.00841725
v 0.04212394 0.08930280 -1.00841725
v 0.04549389 0.08930280 -1.00841725
v 0.04886379 0.08930280 -1.00841725
v 0.05223371 0.08930280 -1.00841725
v 0.05563621 0.08935508 -1.00900757
v 0.05897355 0.08930280 -1.00841725
v 0.06230695 0.08925052 -1.00782692
v 0.06579030 0.08940735 -1.00959790
v 0.06964950 0.09003469 -1.01668179
v 0.13935791 0.09118479 -1.02966893
v 0.14255324 0.09102796 -1.02789795
v 0.14548521 0.09071429 -1.02435601
v 0.14830764 0.09034835 -1.02022374
v 0.15110257 0.08998241 -1.01609147
v 0.15386982 0.08961646 -1.01195920
v 0.15670113 0.08930280 -1.00841725
v 0.15969622 0.08909369 -1.00605595
v 0.16286692 0.08898913 -1.00487530
v 0.16622500 0.08898913 -1.00487530
v 0.17018083 0.08930280 -1.00841725
v -0.10260198 0.08578195 -1.00664628
v -0.09900516 0.08558074 -1.00428498
v -0.09553663 0.08548013 -1.00310433
v -0.09218447 0.08548013 -1.00310433
v -0.08883230 0.08548013 -1.00310433
v -0.08553044 0.08553044 -1.00369465
v -0.08222462 0.08558074 -1.00428498
v -0.07891490 0.08563104 -1.00487530
v -0.07560121 0.08568135 -1.00546563
v -0.07228356 0.08573166 -1.00605595
v -0.06892153 0.08573166 -1.00605595
v -0.06559800 0.08578195 -1.00664628
v -0.06223396 0.08578195 -1.00664628
v -0.05883544 0.08573166 -1.00605595
v -0.05544088 0.08568135 -1.00546563
v -0.05208082 0.08568135 -1.00546563
v -0.04872077 0.08568135 -1.00546563
v -0.04533407 0.08563104 -1.00487530
v -0.04192667 0.08553044 -1.00369465
v -0.03852718 0.08542983 -1.00251400
v -0.03515625 0.08537952 -1.00192368
v -0.03180805 0.08537952 -1.00192368
v -0.02847660 0.08542983 -1.00251400
v -0.02514123 0.08548013 -1.00310433
v -0.02180185 0.08553044 -1.00369465
v -0.01844771 0.08553044 -1.00369465
v -0.01509360 0.08553044 -1.00369465
v -0.01173946 0.08553044 -1.00369465
v -0.00839025 0.08558074 -1.00428498
v -0.00503414 0.08558074 -1.00428498
v -0.00167904 0.08563104 -1.00487530
v 0.00168003 0.08568135 -1.00546563
v 0.00504302 0.08573166 -1.00605595
v 0.00840505 0.08573166 -1.00605595
v 0.01177398 0.08578195 -1.00664628
v 0.01513799 0.08578195 -1.00664628
v 0.01850196 0.08578195 -1.00664628
v 0.02189164 0.08588257 -1.00782692
v 0.02524480 0.08583226 -1.00723660
v 0.02861075 0.08583226 -1.00723660
v 0.03197675 0.08583226 -1.00723660
v 0.03534270 0.08583226 -1.00723660
v 0.03870868 0.08583226 -1.00723660
v 0.04207462 0.08583226 -1.00723660
v 0.04541400 0.08578195 -1.00664628
v 0.04877797 0.08578195 -1.00664628
v 0.05214198 0.08578195 -1.00664628
v 0.05553856 0.08583226 -1.00723660
v 0.05886999 0.08578195 -1.00664628
v 0.06223396 0.08578195 -1.00664628
v 0.06567490 0.08588257 -1.00782692
v 0.06928553 0.08618440 -1.01136887
v 0.07347115 0.08714019 -1.02258503
v 0.14582059 0.08749232 -1.02671731
v 0.14873672 0.08719050 -1.02317536
v 0.15154150 0.08683836 -1.01904309
v 0.15422887 0.08643592 -1.01432049
v 0.15706804 0.08613409 -1.01077855
v 0.15988363 0.08583226 -1.00723660
v 0.16286692 0.08563104 -1.00487530
v 0.16602969 0.08553044 -1.00369465
v 0.16948345 0.08558074 -1.00428498
v 0.17466830 0.08648623 -1.01491082
v -0.08914597 0.08241796 -1.00664628
v -0.08573166 0.08236962 -1.00605595
v -0.08232129 0.08232129 -1.00546563
v -0.07900762 0.08236962 -1.00605595
v -0.07564559 0.08236962 -1.00605595
v -0.07224115 0.08232129 -1.00546563
v -0.06888109 0.08232129 -1.00546563
v -0.06555953 0.08236962 -1.00605595
v -0.06219746 0.08236962 -1.00605595
v -0.05880091 0.08232129 -1.00546563
v -0.05544088 0.08232129 -1.00546563
v -0.05205024 0.08227296 -1.00487530
v -0.04869216 0.08227296 -1.00487530
v -0.04530744 0.08222462 -1.00428498
v -0.04190201 0.08212797 -1.00310433
v -0.03848181 0.08198297 -1.00133336
v -0.03511482 0.08193463 -1.00074303
v -0.03178931 0.08198297 -1.00133336
v -0.02845983 0.08203130 -1.00192368
v -0.02511164 0.08203130 -1.00192368
v -0.02177621 0.08207963 -1.00251400
v -0.01843686 0.08212797 -1.00310433
v -0.01507585 0.08207963 -1.00251400
v -0.01172565 0.08207963 -1.00251400
v -0.00838039 0.08212797 -1.00310433
v -0.00503118 0.08217630 -1.00369465
v -0.00167707 0.08217630 -1.00369465
v 0.00167904 0.08227296 -1.00487530
v 0.00503710 0.08227296 -1.00487530
v 0.00839518 0.08227296 -1.00487530
v 0.01175327 0.08227296 -1.00487530
v 0.01512024 0.08232129 -1.00546563
v 0.01848026 0.08232129 -1.00546563
v 0.02186600 0.08241796 -1.00664628
v 0.02523000 0.08241796 -1.00664628
v 0.02857721 0.08236962 -1.00605595
v 0.03193927 0.08236962 -1.00605595
v 0.03530127 0.08236962 -1.00605595
v 0.03866330 0.08236962 -1.00605595
v 0.04202531 0.08236962 -1.00605595
v 0.04538737 0.08236962 -1.00605595
v 0.04872077 0.08232129 -1.00546563
v 0.05208082 0.08232129 -1.00546563
v 0.05544091 0.08232129 -1.00546563
v 0.05880094 0.08232129 -1.00546563
v 0.06216097 0.08232129 -1.00546563
v 0.06555949 0.08236962 -1.00605595
v 0.06904288 0.08251461 -1.00782692
v 0.07262287 0.08275628 -1.01077855
v 0.07684403 0.08367459 -1.02199471
v 0.14907998 0.08396459 -1.02553666
v 0.15198044 0.08367459 -1.02199471
v 0.15476742 0.08333626 -1.01786244
v 0.15743499 0.08294962 -1.01313984
v 0.16016474 0.08261129 -1.00900757
v 0.16296257 0.08232129 -1.00546563
v 0.16593203 0.08212797 -1.00310433
v 0.16918458 0.08207963 -1.00251400
v 0.17263637 0.08212797 -1.00310433
v -0.07937850 0.07937850 -1.01077855
v -0.07582314 0.07919306 -1.00841725
v -0.07241080 0.07914670 -1.00782692
v -0.06896196 0.07905398 -1.00664628
v -0.06559800 0.07905398 -1.00664628
v -0.06219746 0.07900762 -1.00605595
v -0.05880091 0.07896127 -1.00546563
v -0.05540833 0.07891490 -1.00487530
v -0.05205024 0.07891490 -1.00487530
v -0.04866355 0.07886854 -1.00428498
v -0.04528081 0.07882219 -1.00369465
v -0.04187735 0.07872947 -1.00251400
v -0.03848181 0.07863675 -1.00133336
v -0.03507339 0.07849767 -0.99956232
v -0.03175183 0.07854402 -1.00015271
v -0.02840953 0.07854402 -1.00015271
v -0.02508205 0.07859039 -1.00074303
v -0.02175056 0.07863675 -1.00133336
v -0.01841516 0.07868311 -1.00192368
v -0.01506697 0.07868311 -1.00192368
v -0.01171875 0.07868311 -1.00192368
v -0.00837546 0.07872947 -1.00251400
v -0.00502822 0.07877582 -1.00310433
v -0.00167608 0.07877582 -1.00310433
v 0.00167806 0.07886854 -1.00428498
v 0.00503118 0.07882219 -1.00369465
v 0.00839025 0.07886854 -1.00428498
v 0.01174637 0.07886854 -1.00428498
v 0.01511136 0.07891490 -1.00487530
v 0.01846941 0.07891490 -1.00487530
v 0.02185318 0.07900762 -1.00605595
v 0.02520041 0.07896127 -1.00546563
v 0.02856044 0.07896127 -1.00546563
v 0.03192053 0.07896127 -1.00546563
v 0.03525984 0.07891490 -1.00487530
v 0.03864062 0.07896127 -1.00546563
v 0.04200064 0.07896127 -1.00546563
v 0.04533410 0.07891490 -1.00487530
v 0.04869216 0.07891490 -1.00487530
v 0.05201967 0.07886854 -1.00428498
v 0.05534326 0.07882219 -1.00369465
v 0.05866285 0.07877582 -1.00310433
v 0.06205148 0.07882219 -1.00369465
v 0.06544409 0.07886854 -1.00428498
v 0.06884068 0.07891490 -1.00487530
v 0.07232597 0.07905398 -1.00664628
v 0.07591191 0.07928578 -1.00959790
v 0.08016661 0.08016661 -1.02081406
v 0.15233159 0.08044476 -1.02435601
v 0.15521623 0.08016661 -1.02081406
v 0.15789366 0.07979573 -1.01609147
v 0.16053958 0.07942485 -1.01136887
v 0.16324961 0.07910034 -1.00723660
v 0.16602969 0.07882219 -1.00369465
v 0.16898534 0.07863675 -1.00133336
v 0.17222999 0.07859039 -1.00074303
v 0.17578141 0.07868311 -1.00192368
v -0.06586727 0.07600068 -1.01077855
v -0.06237995 0.07586752 -1.00900757
v -0.05890448 0.07573436 -1.00723660
v -0.05547343 0.07564559 -1.00605595
v -0.05208082 0.07560121 -1.00546563
v -0.04869216 0.07555681 -1.00487530
v -0.04530744 0.07551243 -1.00428498
v -0.04187735 0.07537927 -1.00251400
v -0.03848181 0.07529049 -1.00133336
v -0.03507339 0.07515734 -0.99956232
v -0.03171435 0.07511295 -0.99897200
v -0.02839276 0.07515734 -0.99956232
v -0.02505245 0.07515734 -0.99956232
v -0.02173774 0.07524611 -1.00074303
v -0.01839346 0.07524611 -1.00074303
v -0.01504922 0.07524611 -1.00074303
v -0.01171184 0.07529049 -1.00133336
v -0.00836559 0.07529049 -1.00133336
v -0.00502230 0.07533488 -1.00192368
v -0.00167510 0.07537927 -1.00251400
v 0.00167608 0.07542366 -1.00310433
v 0.00502822 0.07542366 -1.00310433
v 0.00838532 0.07546804 -1.00369465
v 0.01173946 0.07546804 -1.00369465
v 0.01510248 0.07551243 -1.00428498
v 0.01846941 0.07555681 -1.00487530
v 0.02184035 0.07560121 -1.00546563
v 0.02520041 0.07560121 -1.00546563
v 0.02856044 0.07560121 -1.00546563
v 0.03190179 0.07555681 -1.00487530
v 0.03525984 0.07555681 -1.00487530
v 0.03861793 0.07555681 -1.00487530
v 0.04197599 0.07555681 -1.00487530
v 0.04533410 0.07555681 -1.00487530
v 0.04866355 0.07551243 -1.00428498
v 0.05198909 0.07546804 -1.00369465
v 0.05531071 0.07542366 -1.00310433
v 0.05859380 0.07533488 -1.00192368
v 0.06194200 0.07533488 -1.00192368
v 0.06532869 0.07537927 -1.00251400
v 0.06875979 0.07546804 -1.00369465
v 0.07215632 0.07551243 -1.00428498
v 0.07560121 0.07560121 -1.00546563
v 0.07910034 0.07573436 -1.00723660
v 0.08299798 0.07622262 -1.01373017
v 0.15250716 0.07711035 -1.02553666
v 0.15557525 0.07693280 -1.02317536
v 0.15835230 0.07662210 -1.01904309
v 0.16110182 0.07631139 -1.01491082
v 0.16353665 0.07586752 -1.00900757
v 0.16622500 0.07555681 -1.00487530
v 0.16898534 0.07529049 -1.00133336
v 0.17202680 0.07515734 -0.99956232
v 0.17526357 0.07511295 -0.99897200
v 0.17881301 0.07520172 -1.00015271
v -0.05599423 0.07296218 -1.01550114
v -0.05235602 0.07262287 -1.01077855
v -0.04883518 0.07241080 -1.00782692
v -0.04536071 0.07224115 -1.00546563
v -0.04192667 0.07211390 -1.00369465
v -0.03850450 0.07198666 -1.00192368
v -0.03509410 0.07185942 -1.00015271
v -0.03171435 0.07177459 -0.99897200
v -0.02837599 0.07177459 -0.99897200
v -0.02503766 0.07177459 -0.99897200
v -0.02171209 0.07181700 -0.99956232
v -0.01837176 0.07181700 -0.99956232
v -0.01503146 0.07181700 -0.99956232
v -0.01169803 0.07185942 -1.00015271
v -0.00836066 0.07190184 -1.00074303
v -0.00501934 0.07194424 -1.00133336
v -0.00167411 0.07198666 -1.00192368
v 0.00167510 0.07202908 -1.00251400
v 0.00502822 0.07207149 -1.00310433
v 0.00838532 0.07211390 -1.00369465
v 0.01174637 0.07215632 -1.00428498
v 0.01511136 0.07219873 -1.00487530
v 0.01849111 0.07228356 -1.00605595
v 0.02187882 0.07236839 -1.00723660
v 0.02524480 0.07236839 -1.00723660
v 0.02862751 0.07241080 -1.00782692
v 0.03199549 0.07241080 -1.00782692
v 0.03536341 0.07241080 -1.00782692
v 0.03873136 0.07241080 -1.00782692
v 0.04207462 0.07236839 -1.00723660
v 0.04541400 0.07232597 -1.00664628
v 0.04874937 0.07228356 -1.00605595
v 0.05205024 0.07219873 -1.00487530
v 0.05534326 0.07211390 -1.00369465
v 0.05862832 0.07202908 -1.00251400
v 0.06190550 0.07194424 -1.00133336
v 0.06529021 0.07198666 -1.00192368
v 0.06863847 0.07198666 -1.00192368
v 0.07198666 0.07198666 -1.00192368
v 0.07537927 0.07202908 -1.00251400
v 0.07877582 0.07207149 -1.00310433
v 0.08217633 0.07211390 -1.00369465
v 0.08563104 0.07219873 -1.00487530
v 0.08925052 0.07241080 -1.00782692
v 0.09305251 0.07275011 -1.01254952
v 0.15575477 0.07359839 -1.02435601
v 0.15871924 0.07338632 -1.02140439
v 0.16147663 0.07308942 -1.01727211
v 0.16401504 0.07270770 -1.01195920
v 0.16651794 0.07232597 -1.00664628
v 0.16918458 0.07202908 -1.00251400
v 0.17192520 0.07177459 -0.99897200
v 0.17505643 0.07168976 -0.99779135
v 0.17839083 0.07168976 -0.99779135
v 0.18323046 0.07228356 -1.00605595
v -0.04560039 0.06924506 -1.01077855
v -0.04202531 0.06892153 -1.00605595
v -0.03854987 0.06871932 -1.00310433
v -0.03513553 0.06859800 -1.00133336
v -0.03173309 0.06847668 -0.99956232
v -0.02837599 0.06843624 -0.99897200
v -0.02502286 0.06839579 -0.99838167
v -0.02169927 0.06843624 -0.99897200
v -0.01836091 0.06843624 -0.99897200
v -0.01502258 0.06843624 -0.99897200
v -0.01169113 0.06847668 -0.99956232
v -0.00835573 0.06851712 -1.00015271
v -0.00501639 0.06855755 -1.00074303
v -0.00167411 0.06863844 -1.00192368
v 0.00167608 0.06871932 -1.00310433
v 0.00503414 0.06880020 -1.00428498
v 0.00840012 0.06888109 -1.00546563
v 0.01177398 0.06896196 -1.00664628
v 0.01515574 0.06904285 -1.00782692
v 0.01855621 0.06916417 -1.00959790
v 0.02196858 0.06928550 -1.01136887
v 0.02536316 0.06932594 -1.01195920
v 0.02876166 0.06936638 -1.01254952
v 0.03216416 0.06940682 -1.01313984
v 0.03554983 0.06940682 -1.01313984
v 0.03893554 0.06940682 -1.01313984
v 0.04229655 0.06936638 -1.01254952
v 0.04562706 0.06928550 -1.01136887
v 0.04894960 0.06920461 -1.01018822
v 0.05226429 0.06912374 -1.00900757
v 0.05553856 0.06900241 -1.00723660
v 0.05876642 0.06884065 -1.00487530
v 0.06205148 0.06875976 -1.00369465
v 0.06532869 0.06867888 -1.00251400
v 0.06863847 0.06863844 -1.00192368
v 0.07194424 0.06859800 -1.00133336
v 0.07529049 0.06859800 -1.00133336
v 0.07859039 0.06855755 -1.00074303
v 0.08193467 0.06855755 -1.00074303
v 0.08532921 0.06859800 -1.00133336
v 0.08867547 0.06859800 -1.00133336
v 0.09207600 0.06863844 -1.00192368
v 0.09548041 0.06867888 -1.00251400
v 0.09888877 0.06871932 -1.00310433
v 0.10242147 0.06884065 -1.00487530
v 0.10621455 0.06912374 -1.00900757
v 0.11009933 0.06944726 -1.01373017
v 0.11381741 0.06964947 -1.01668179
v 0.11775946 0.06997300 -1.02140439
v 0.15890270 0.07005388 -1.02258503
v 0.16185145 0.06985167 -1.01963341
v 0.16439775 0.06948770 -1.01432049
v 0.16690855 0.06912374 -1.00900757
v 0.16938382 0.06875976 -1.00369465
v 0.17202680 0.06847668 -0.99956232
v 0.17495285 0.06831491 -0.99720103
v 0.17828530 0.06831491 -0.99720103
v 0.18204778 0.06847668 -0.99956232
v -0.04589335 0.06629042 -1.01727211
v -0.04219792 0.06582881 -1.01018822
v -0.03861793 0.06548259 -1.00487530
v -0.03517696 0.06532872 -1.00251400
v -0.03178931 0.06525178 -1.00133336
v -0.02842629 0.06521331 -1.00074303
v -0.02506725 0.06517484 -1.00015271
v -0.02172492 0.06517484 -1.00015271
v -0.01837176 0.06513637 -0.99956232
v -0.01504034 0.06517484 -1.00015271
v -0.01170494 0.06521331 -1.00074303
v -0.00837053 0.06529025 -1.00192368
v -0.00502526 0.06532872 -1.00251400
v -0.00167707 0.06540565 -1.00369465
v 0.00168003 0.06552106 -1.00546563
v 0.00504598 0.06559800 -1.00664628
v 0.00842971 0.06575187 -1.00900757
v 0.01183613 0.06594421 -1.01195920
v 0.01525339 0.06609809 -1.01432049
v 0.01867556 0.06621349 -1.01609147
v 0.02210963 0.06632890 -1.01786244
v 0.02554071 0.06640583 -1.01904309
v 0.02896288 0.06644430 -1.01963341
v 0.03238906 0.06648277 -1.02022374
v 0.03577769 0.06644430 -1.01963341
v 0.03918509 0.06644430 -1.01963341
v 0.04254315 0.06636737 -1.01845276
v 0.04592001 0.06632890 -1.01786244
v 0.04926425 0.06625196 -1.01668179
v 0.05257006 0.06613655 -1.01491082
v 0.05586406 0.06602114 -1.01313984
v 0.05911164 0.06586727 -1.01077855
v 0.06234345 0.06571340 -1.00841725
v 0.06559797 0.06559800 -1.00664628
v 0.06884068 0.06548259 -1.00487530
v 0.07211390 0.06540565 -1.00369465
v 0.07537927 0.06532872 -1.00251400
v 0.07863675 0.06525178 -1.00133336
v 0.08193467 0.06521331 -1.00074303
v 0.08522861 0.06517484 -1.00015271
v 0.08846636 0.06509791 -0.99897200
v 0.09175050 0.06505944 -0.99838167
v 0.09503063 0.06502097 -0.99779135
v 0.09836501 0.06502097 -0.99779135
v 0.10175962 0.06505944 -0.99838167
v 0.10515814 0.06509791 -0.99897200
v 0.10856059 0.06513637 -0.99956232
v 0.11203307 0.06521331 -1.00074303
v 0.11585379 0.06548259 -1.00487530
v 0.12005226 0.06594421 -1.01195920
v 0.12437005 0.06644430 -1.01963341
v 0.16487613 0.06629042 -1.01727211
v 0.16739680 0.06594421 -1.01195920
v 0.16958308 0.06548259 -1.00487530
v 0.17212841 0.06517484 -1.00015271
v 0.17495285 0.06498250 -0.99720103
v 0.17807421 0.06490556 -0.99602038
v 0.18161774 0.06498250 -0.99720103
v 0.18637352 0.06548259 -1.00487530
v -0.04239519 0.06274490 -1.01491082
v -0.03873136 0.06230695 -1.00782692
v -0.03525982 0.06212447 -1.00487530
v -0.03186428 0.06205148 -1.00369465
v -0.02851013 0.06205148 -1.00369465
v -0.02515602 0.06205148 -1.00369465
v -0.02180185 0.06205148 -1.00369465
v -0.01844771 0.06205148 -1.00369465
v -0.01510248 0.06208798 -1.00428498
v -0.01175327 0.06212447 -1.00487530
v -0.00840505 0.06219746 -1.00605595
v -0.00504598 0.06223396 -1.00664628
v -0.00168397 0.06230695 -1.00782692
v 0.00168595 0.06237995 -1.00900757
v 0.00506669 0.06248943 -1.01077855
v 0.00846916 0.06267191 -1.01373017
v 0.01191208 0.06296387 -1.01845276
v 0.01534217 0.06307336 -1.02022374
v 0.01878406 0.06318285 -1.02199471
v 0.02223786 0.06329233 -1.02376568
v 0.02568866 0.06336533 -1.02494633
v 0.02913056 0.06340182 -1.02553666
v 0.03941196 0.06340182 -1.02553666
v 0.04283906 0.06340182 -1.02553666
v 0.04623959 0.06336533 -1.02494633
v 0.04960751 0.06329233 -1.02376568
v 0.05293699 0.06318285 -1.02199471
v 0.05625467 0.06307336 -1.02022374
v 0.05949140 0.06289088 -1.01727211
v 0.06274490 0.06274490 -1.01491082
v 0.06598265 0.06259891 -1.01254952
v 0.06920464 0.06245293 -1.01018822
v 0.07241080 0.06230695 -1.00782692
v 0.07564559 0.06219746 -1.00605595
v 0.07886854 0.06208798 -1.00428498
v 0.08212799 0.06201499 -1.00310433
v 0.08532921 0.06190550 -1.00133336
v 0.08857091 0.06183251 -1.00015271
v 0.09175050 0.06172302 -0.99838167
v 0.09497440 0.06165003 -0.99720103
v 0.09819043 0.06157704 -0.99602038
v 0.10145878 0.06154054 -0.99543005
v 0.10478530 0.06154054 -0.99543005
v 0.10817591 0.06157704 -0.99602038
v 0.11157046 0.06161353 -0.99661070
v 0.11490095 0.06161353 -0.99661070
v 0.11830146 0.06165003 -0.99720103
v 0.12177788 0.06172302 -0.99838167
v 0.12555817 0.06194200 -1.00192368
v 0.13004561 0.06248943 -1.01077855
v 0.16506749 0.06296387 -1.01845276
v 0.16778740 0.06270840 -1.01432049
v 0.16988195 0.06223396 -1.00664628
v 0.17222999 0.06186900 -1.00074303
v 0.17505643 0.06168653 -0.99779135
v 0.17807421 0.06157704 -0.99602038
v 0.18151021 0.06161353 -0.99661070
v 0.18538813 0.06179601 -0.99956232
v -0.03884479 0.05911162 -1.01077855
v -0.03530124 0.05883544 -1.00605595
v -0.03190176 0.05876639 -1.00487530
v -0.02854367 0.05876639 -1.00487530
v -0.02520041 0.05880091 -1.00546563
v -0.02184032 0.05880091 -1.00546563
v -0.01849111 0.05883544 -1.00605595
v -0.01513799 0.05886995 -1.00664628
v -0.01178089 0.05890448 -1.00723660
v -0.00841984 0.05893900 -1.00782692
v -0.00505485 0.05897352 -1.00841725
v -0.00168693 0.05904257 -1.00959790
v 0.00168792 0.05907709 -1.01018822
v 0.00507261 0.05918066 -1.01195920
v 0.00848396 0.05938780 -1.01550114
v 0.05990567 0.05990564 -1.02435601
v 0.06321934 0.05980207 -1.02258503
v 0.06648274 0.05966398 -1.02022374
v 0.06973038 0.05952589 -1.01786244
v 0.07296218 0.05938780 -1.01550114
v 0.07617823 0.05924971 -1.01313984
v 0.07937850 0.05911162 -1.01077855
v 0.08256298 0.05897352 -1.00841725
v 0.08573166 0.05883544 -1.00605595
v 0.08893685 0.05873187 -1.00428498
v 0.09207600 0.05859377 -1.00192368
v 0.09519929 0.05845568 -0.99956232
v 0.09830681 0.05831759 -0.99720103
v 0.10151894 0.05824854 -0.99602038
v 0.10472316 0.05817950 -0.99483973
v 0.10798356 0.05814497 -0.99424940
v 0.11124003 0.05811045 -0.99365908
v 0.11456066 0.05811045 -0.99365908
v 0.11795130 0.05814497 -0.99424940
v 0.12127384 0.05814497 -0.99424940
v 0.12467042 0.05817950 -0.99483973
v 0.12814684 0.05824854 -0.99602038
v 0.13186495 0.05842116 -0.99897200
v 0.13616207 0.05883544 -1.00605595
v 0.14148895 0.05966398 -1.02022374
v 0.16808036 0.05942232 -1.01609147
v 0.17018083 0.05897352 -1.00841725
v 0.17233157 0.05855925 -1.00133336
v 0.17505643 0.05835211 -0.99779135
v 0.17807421 0.05824854 -0.99602038
v 0.18140270 0.05824854 -0.99602038
v 0.18516915 0.05838664 -0.99838167
v -0.03898091 0.05592914 -1.01432049
v -0.03536338 0.05557108 -1.00782692
v -0.03192050 0.05544088 -1.00546563
v -0.02856044 0.05544088 -1.00546563
v -0.02520041 0.05544088 -1.00546563
v -0.02185315 0.05547343 -1.00605595
v -0.01850196 0.05550598 -1.00664628
v -0.01513799 0.05550598 -1.00664628
v -0.01178089 0.05553853 -1.00723660
v -0.00841984 0.05557108 -1.00782692
v -0.00505485 0.05560363 -1.00841725
v -0.00168595 0.05563618 -1.00900757
v 0.00168792 0.05570128 -1.01018822
v 0.00507261 0.05579893 -1.01195920
v 0.06694436 0.05664524 -1.02730763
v 0.07029656 0.05658014 -1.02612698
v 0.07355598 0.05644994 -1.02376568
v 0.07679964 0.05631974 -1.02140439
v 0.08002753 0.05618954 -1.01904309
v 0.08319130 0.05602679 -1.01609147
v 0.08633532 0.05586403 -1.01313984
v 0.08951191 0.05573383 -1.01077855
v 0.09261850 0.05557108 -1.00782692
v 0.09570531 0.05540833 -1.00487530
v 0.09877238 0.05524558 -1.00192368
v 0.10181979 0.05508283 -0.99897200
v 0.10497172 0.05498518 -0.99720103
v 0.10817591 0.05492008 -0.99602038
v 0.11130611 0.05482243 -0.99424940
v 0.11449260 0.05475733 -0.99306875
v 0.11781123 0.05475733 -0.99306875
v 0.12105783 0.05472478 -0.99247843
v 0.12444849 0.05475733 -0.99306875
v 0.12776710 0.05475733 -0.99306875
v 0.13124157 0.05482243 -0.99424940
v 0.13464405 0.05485498 -0.99483973
v 0.13821420 0.05495263 -0.99661070
v 0.14221540 0.05521303 -1.00133336
v 0.14779276 0.05605933 -1.01668179
v 0.17047969 0.05570128 -1.01018822
v 0.17233157 0.05521303 -1.00133336
v 0.17515999 0.05505028 -0.99838167
v 0.17817976 0.05495263 -0.99661070
v 0.18140270 0.05492008 -0.99602038
v 0.18516915 0.05505028 -0.99838167
v -0.03546695 0.05235602 -1.01077855
v -0.03199546 0.05220313 -1.00782692
v -0.02857721 0.05211140 -1.00605595
v -0.02521521 0.05211140 -1.00605595
v -0.02185315 0.05211140 -1.00605595
v -0.01850196 0.05214198 -1.00664628
v -0.01513799 0.05214198 -1.00664628
v -0.01178089 0.05217255 -1.00723660
v -0.00841984 0.05220313 -1.00782692
v -0.00505189 0.05220313 -1.00782692
v -0.00168496 0.05223371 -1.00841725
v 0.00168693 0.05229487 -1.00959790
v 0.00506965 0.05238660 -1.01136887
v 0.07733228 0.05327334 -1.02848828
v 0.08063020 0.05318161 -1.02671731
v 0.08386795 0.05305930 -1.02435601
v 0.08703958 0.05290642 -1.02140439
v 0.09019152 0.05275352 -1.01845276
v 0.09332375 0.05260064 -1.01550114
v 0.09637998 0.05241717 -1.01195920
v 0.09941254 0.05223371 -1.00841725
v 0.10248164 0.05208082 -1.00546563
v 0.10553100 0.05192793 -1.00251400
v 0.10862470 0.05180562 -1.00015271
v 0.11170264 0.05168331 -0.99779135
v 0.11476483 0.05156100 -0.99543005
v 0.11795130 0.05149985 -0.99424940
v 0.12112983 0.05143870 -0.99306875
v 0.12437452 0.05140812 -0.99247843
v 0.12761518 0.05137754 -0.99188811
v 0.13092989 0.05137754 -0.99188811
v 0.13432446 0.05140812 -0.99247843
v 0.13772298 0.05143870 -0.99306875
v 0.14129314 0.05153043 -0.99483973
v 0.14487508 0.05162216 -0.99661070
v 0.14899568 0.05189736 -1.00192368
v 0.15422887 0.05253948 -1.01432049
v 0.16808036 0.05263122 -1.01609147
v 0.17077856 0.05241717 -1.01195920
v 0.17243318 0.05189736 -1.00192368
v 0.17515999 0.05171390 -0.99838167
v 0.17828530 0.05165274 -0.99720103
v 0.18151021 0.05162216 -0.99661070
v 0.18516915 0.05171390 -0.99838167
v -0.03559123 0.04914983 -1.01432049
v -0.03203294 0.04889239 -1.00900757
v -0.02859398 0.04877797 -1.00664628
v -0.02520041 0.04872077 -1.00546563
v -0.02184032 0.04872077 -1.00546563
v -0.01849111 0.04874937 -1.00605595
v -0.01512911 0.04874937 -1.00605595
v -0.01177398 0.04877797 -1.00664628
v -0.00840998 0.04877797 -1.00664628
v -0.00504894 0.04880657 -1.00723660
v -0.00168397 0.04883518 -1.00782692
v 0.00168595 0.04889239 -1.00900757
v 0.00506669 0.04897821 -1.01077855
v 0.08439960 0.04995077 -1.03084958
v 0.08774385 0.04989355 -1.02966893
v 0.09092341 0.04975053 -1.02671731
v 0.09408326 0.04960751 -1.02376568
v 0.09716710 0.04943588 -1.02022374
v 0.10022727 0.04926425 -1.01668179
v 0.10326384 0.04909262 -1.01313984
v 0.10627670 0.04892100 -1.00959790
v 0.10932996 0.04877797 -1.00664628
v 0.11236349 0.04863495 -1.00369465
v 0.11537737 0.04849193 -1.00074303
v 0.11844152 0.04837751 -0.99838167
v 0.12156186 0.04829169 -0.99661070
v 0.12467042 0.04820588 -0.99483973
v 0.12784305 0.04814867 -0.99365908
v 0.13100781 0.04809146 -0.99247843
v 0.13424456 0.04806286 -0.99188811
v 0.13764112 0.04809146 -0.99247843
v 0.14095777 0.04809146 -0.99247843
v 0.14444600 0.04814867 -0.99365908
v 0.14794225 0.04820588 -0.99483973
v 0.15153606 0.04829169 -0.99661070
v 0.15578380 0.04857774 -1.00251400
v 0.16063327 0.04903542 -1.01195920
v 0.16468479 0.04923565 -1.01609147
v 0.16788505 0.04917844 -1.01491082
v 0.17067893 0.04900681 -1.01136887
v 0.17233157 0.04852053 -1.00133336
v 0.17515999 0.04837751 -0.99838167
v 0.17828530 0.04832030 -0.99720103
v 0.18161774 0.04832030 -0.99720103
v 0.18527862 0.04840611 -0.99897200
v -0.03208917 0.04560039 -1.01077855
v -0.02861075 0.04544060 -1.00723660
v -0.02520041 0.04536071 -1.00546563
v -0.02182750 0.04533407 -1.00487530
v -0.01846941 0.04533407 -1.00487530
v -0.01512024 0.04536071 -1.00546563
v -0.01176018 0.04536071 -1.00546563
v -0.00840505 0.04538734 -1.00605595
v -0.00504302 0.04538734 -1.00605595
v -0.00168299 0.04544060 -1.00723660
v 0.00168397 0.04546724 -1.00782692
v 0.00506077 0.04554713 -1.00959790
v 0.09462576 0.04645262 -1.02966893
v 0.09784178 0.04634609 -1.02730763
v 0.10098382 0.04621293 -1.02435601
v 0.10410620 0.04607977 -1.02140439
v 0.10714667 0.04591998 -1.01786244
v 0.11022756 0.04578682 -1.01491082
v 0.11322263 0.04562702 -1.01136887
v 0.11626215 0.04549386 -1.00841725
v 0.11928191 0.04536071 -1.00546563
v 0.12235392 0.04525417 -1.00310433
v 0.12533621 0.04512102 -1.00015271
v 0.12837470 0.04501449 -0.99779135
v 0.13139741 0.04490796 -0.99543005
v 0.13448425 0.04482806 -0.99365908
v 0.13772298 0.04480143 -0.99306875
v 0.14104162 0.04480143 -0.99306875
v 0.14436020 0.04480143 -0.99306875
v 0.14767888 0.04480143 -0.99306875
v 0.15117703 0.04485470 -0.99424940
v 0.15468301 0.04490796 -0.99543005
v 0.15819694 0.04496123 -0.99661070
v 0.16219716 0.04514765 -1.00074303
v 0.16632263 0.04536071 -1.00546563
v 0.16968270 0.04536071 -1.00546563
v 0.17212841 0.04512102 -1.00015271
v 0.17505643 0.04501449 -0.99779135
v 0.17828530 0.04498786 -0.99720103
v 0.18161774 0.04498786 -0.99720103
v 0.18549761 0.04512102 -1.00015271
v -0.03216413 0.04232121 -1.01313984
v -0.02864428 0.04212394 -1.00841725
v -0.02521521 0.04202531 -1.00605595
v -0.02181468 0.04195133 -1.00428498
v -0.01845856 0.04195133 -1.00428498
v -0.01510248 0.04195133 -1.00428498
v -0.01175327 0.04197599 -1.00487530
v -0.00839518 0.04197599 -1.00487530
v -0.00504006 0.04200064 -1.00546563
v -0.00168003 0.04200064 -1.00546563
v 0.00168200 0.04204996 -1.00664628
v 0.00505485 0.04212394 -1.00841725
v 0.10482822 0.04296235 -1.02848828
v 0.10801665 0.04286372 -1.02612698
v 0.11112516 0.04274042 -1.02317536
v 0.11421393 0.04261713 -1.02022374
v 0.11721499 0.04246917 -1.01668179
v 0.12026235 0.04234588 -1.01373017
v 0.12328999 0.04222258 -1.01077855
v 0.12622397 0.04207462 -1.00723660
v 0.12921016 0.04195133 -1.00428498
v 0.13217665 0.04182803 -1.00133336
v 0.13512342 0.04170474 -0.99838167
v 0.13821420 0.04163076 -0.99661070
v 0.14129314 0.04155678 -0.99483973
v 0.14444600 0.04150746 -0.99365908
v 0.14776666 0.04150746 -0.99365908
v 0.15099752 0.04148280 -0.99306875
v 0.15440783 0.04150746 -0.99365908
v 0.15772842 0.04150746 -0.99365908
v 0.16114470 0.04153212 -0.99424940
v 0.16476023 0.04160610 -0.99602038
v 0.16828798 0.04165541 -0.99720103
v 0.17162041 0.04165541 -0.99720103
v 0.17495285 0.04165541 -0.99720103
v 0.17828530 0.04165541 -0.99720103
v 0.18172525 0.04168008 -0.99779135
v 0.18593556 0.04187735 -1.00251400
v -0.02869459 0.03882211 -1.01018822
v -0.02521521 0.03866330 -1.00605595
v -0.02181468 0.03859524 -1.00428498
v -0.01843686 0.03854987 -1.00310433
v -0.01508473 0.03854987 -1.00310433
v -0.01173946 0.03857255 -1.00369465
v -0.00838532 0.03857255 -1.00369465
v -0.00503414 0.03859524 -1.00428498
v -0.00167904 0.03861793 -1.00487530
v 0.00167904 0.03861793 -1.00487530
v 0.00504302 0.03866330 -1.00605595
v 0.11500697 0.03948002 -1.02730763
v 0.11823587 0.03941196 -1.02553666
v 0.12131284 0.03929853 -1.02258503
v 0.12437005 0.03918509 -1.01963341
v 0.12725966 0.03902629 -1.01550114
v 0.13027346 0.03891286 -1.01254952
v 0.13311173 0.03875405 -1.00841725
v 0.13600229 0.03861793 -1.00487530
v 0.13895102 0.03850450 -1.00192368
v 0.14188004 0.03839106 -0.99897200
v 0.14496088 0.03832300 -0.99720103
v 0.14803003 0.03825495 -0.99543005
v 0.15117703 0.03820958 -0.99424940
v 0.15440783 0.03818689 -0.99365908
v 0.15763472 0.03816420 -0.99306875
v 0.16095334 0.03816420 -0.99306875
v 0.16436963 0.03818689 -0.99365908
v 0.16788948 0.03823226 -0.99483973
v 0.17141721 0.03827763 -0.99602038
v 0.17495285 0.03832300 -0.99720103
v 0.17849639 0.03836838 -0.99838167
v 0.18204778 0.03841375 -0.99956232
v -0.02874489 0.03550838 -1.01195920
v -0.02523000 0.03532195 -1.00664628
v -0.02178903 0.03519768 -1.00310433
v -0.01841516 0.03515625 -1.00192368
v -0.01506697 0.03515625 -1.00192368
v -0.01171875 0.03515625 -1.00192368
v -0.00837053 0.03515625 -1.00192368
v -0.00502230 0.03515625 -1.00192368
v -0.00167608 0.03519768 -1.00310433
v 0.00167707 0.03521839 -1.00369465
v 0.00503414 0.03523910 -1.00428498
v 0.12523413 0.03602622 -1.02671731
v 0.12829533 0.03592265 -1.02376568
v 0.13126081 0.03579837 -1.02022374
v 0.13412473 0.03565338 -1.01609147
v 0.13704093 0.03552909 -1.01254952
v 0.13993345 0.03540481 -1.00900757
v 0.14280228 0.03528053 -1.00546563
v 0.14581904 0.03519768 -1.00310433
v 0.14873232 0.03509410 -1.00015271
v 0.15180536 0.03503196 -0.99838167
v 0.15486647 0.03496982 -0.99661070
v 0.15791583 0.03490768 -0.99483973
v 0.16114470 0.03488697 -0.99424940
v 0.16446728 0.03488697 -0.99424940
v 0.16798910 0.03492840 -0.99543005
v 0.17151882 0.03496982 -0.99661070
v 0.17515999 0.03503196 -0.99838167
v 0.17881301 0.03509410 -1.00015271
v 0.18312295 0.03528053 -1.00546563
v -0.02881197 0.03220161 -1.01432049
v -0.02524480 0.03197672 -1.00723660
v -0.02177621 0.03182679 -1.00251400
v -0.01839346 0.03177057 -1.00074303
v -0.01504034 0.03175183 -1.00015271
v -0.01169803 0.03175183 -1.00015271
v -0.00835573 0.03175183 -1.00015271
v -0.00501343 0.03175183 -1.00015271
v -0.00167214 0.03177057 -1.00074303
v 0.00167214 0.03177057 -1.00074303
v 0.00502230 0.03180805 -1.00192368
v 0.00838532 0.03186428 -1.00369465
v 0.13513774 0.03250147 -1.02376568
v 0.13823937 0.03242651 -1.02140439
v 0.14107960 0.03229532 -1.01727211
v 0.14405991 0.03220161 -1.01432049
v 0.14693461 0.03208917 -1.01077855
v 0.14996134 0.03201420 -1.00841725
v 0.15288247 0.03192050 -1.00546563
v 0.15587553 0.03184553 -1.00310433
v 0.15894659 0.03178931 -1.00133336
v 0.16210148 0.03175183 -1.00015271
v 0.16534615 0.03173309 -0.99956232
v 0.16868646 0.03173309 -0.99956232
v 0.17212841 0.03175183 -1.00015271
v 0.17588498 0.03182679 -1.00251400
v 0.18039614 0.03203294 -1.00900757
v -0.02527439 0.02864428 -1.00841725
v -0.02177621 0.02847660 -1.00251400
v -0.01837176 0.02839276 -0.99956232
v -0.01502258 0.02837599 -0.99897200
v -0.01167732 0.02835922 -0.99838167
v -0.00834094 0.02835922 -0.99838167
v -0.00500455 0.02835922 -0.99838167
v -0.00166918 0.02837599 -0.99897200
v 0.00166918 0.02837599 -0.99897200
v 0.00500751 0.02837599 -0.99897200
v 0.00835573 0.02840953 -1.00015271
v 0.14531754 0.02906349 -1.02317536
v 0.14839345 0.02899641 -1.02081406
v 0.15145372 0.02892934 -1.01845276
v 0.15440838 0.02884550 -1.01550114
v 0.15743499 0.02877843 -1.01313984
v 0.16053958 0.02872812 -1.01136887
v 0.16363233 0.02867782 -1.00959790
v 0.16690855 0.02866105 -1.00900757
v 0.17028043 0.02866105 -1.00900757
v 0.17426191 0.02876166 -1.01254952
v -0.02531878 0.02531878 -1.01018822
v -0.02177621 0.02512643 -1.00251400
v -0.01835006 0.02502286 -0.99838167
v -0.01499595 0.02499327 -0.99720103
v -0.01165661 0.02497848 -0.99661070
v -0.00832614 0.02497848 -0.99661070
v -0.00499567 0.02497848 -0.99661070
v -0.00166622 0.02499327 -0.99720103
v 0.00166622 0.02499327 -0.99720103
v 0.00499863 0.02499327 -0.99720103
v 0.00833600 0.02500807 -0.99779135
v 0.15926965 0.02568866 -1.02494633
v 0.16260108 0.02567387 -1.02435601
v 0.16602427 0.02567387 -1.02435601
v -0.02177621 0.02177621 -1.00251400
v -0.01833921 0.02167363 -0.99779135
v -0.01497820 0.02163516 -0.99602038
v -0.01164280 0.02162234 -0.99543005
v -0.00831134 0.02160951 -0.99483973
v -0.00498679 0.02160951 -0.99483973
v -0.00166227 0.02160951 -0.99483973
v 0.00166227 0.02160951 -0.99483973
v 0.00498975 0.02162234 -0.99543005
v 0.00832121 0.02163516 -0.99602038
v 0.01166351 0.02166080 -0.99720103
v -0.02176339 0.01841516 -1.00192368
v -0.01831751 0.01831751 -0.99661070
v -0.01495157 0.01827411 -0.99424940
v -0.01162208 0.01826326 -0.99365908
v -0.00829655 0.01825241 -0.99306875
v -0.00497496 0.01824156 -0.99247843
v -0.00165932 0.01825241 -0.99306875
v 0.00165833 0.01824156 -0.99247843
v 0.00497792 0.01825241 -0.99306875
v 0.00830148 0.01826326 -0.99365908
v 0.01163589 0.01828496 -0.99483973
v -0.02175056 0.01505809 -1.00133336
v -0.01829581 0.01496932 -0.99543005
v -0.01492493 0.01492493 -0.99247843
v -0.01160137 0.01491606 -0.99188811
v -0.00828175 0.01490718 -0.99129778
v -0.00496608 0.01489830 -0.99070746
v -0.00165537 0.01489830 -0.99070746
v 0.00165537 0.01489830 -0.99070746
v 0.00496904 0.01490718 -0.99129778
v 0.00828175 0.01490718 -0.99129778
v 0.01160827 0.01492493 -0.99247843
v -0.02172492 0.01169803 -1.00015271
v -0.01827411 0.01162899 -0.99424940
v -0.01490718 0.01159447 -0.99129778
v -0.01158066 0.01158066 -0.99011713
v -0.00826203 0.01156685 -0.98893648
v -0.00495720 0.01156685 -0.98893648
v -0.00165241 0.01156685 -0.98893648
v 0.00165241 0.01156685 -0.98893648
v 0.00495720 0.01156685 -0.98893648
v 0.00826696 0.01157375 -0.98952681
v 0.01158066 0.01158066 -0.99011713
v 0.01488055 0.01157375 -0.98952681
v -0.01823071 0.00828668 -0.99188811
v -0.01488055 0.00826696 -0.98952681
v -0.01155304 0.00825216 -0.98775584
v -0.00824723 0.00824723 -0.98716551
v -0.00494537 0.00824230 -0.98657519
v -0.00164847 0.00824230 -0.98657519
v 0.00164847 0.00824230 -0.98657519
v 0.00494537 0.00824230 -0.98657519
v 0.00824723 0.00824723 -0.98716551
v 0.01154613 0.00824723 -0.98716551
v 0.01484504 0.00824723 -0.98716551
v -0.01818731 0.00496016 -0.98952681
v -0.01483616 0.00494537 -0.98657519
v -0.01152542 0.00493945 -0.98539454
v -0.00822750 0.00493649 -0.98480421
v -0.00493353 0.00493353 -0.98421389
v -0.00164452 0.00493353 -0.98421389
v 0.00164452 0.00493353 -0.98421389
v 0.00493353 0.00493353 -0.98421389
v 0.00822750 0.00493649 -0.98480421
v 0.01152542 0.00493945 -0.98539454
v 0.01480953 0.00493649 -0.98480421
v 0.01811136 0.00493945 -0.98539454
v -0.01814391 0.00164945 -0.98716551
v -0.01480065 0.00164452 -0.98421389
v -0.01149780 0.00164255 -0.98303324
v -0.00820778 0.00164156 -0.98244292
v -0.00492465 0.00164156 -0.98244292
v -0.00164057 0.00164057 -0.98185259
v 0.00164057 0.00164057 -0.98185259
v 0.00492465 0.00164156 -0.98244292
v 0.00820778 0.00164156 -0.98244292
v 0.01149780 0.00164255 -0.98303324
v 0.01477402 0.00164156 -0.98244292
v 0.01806796 0.00164255 -0.98303324
v 0.09393771 0.00153996 -0.92163950
v 0.09552625 0.00151629 -0.90747172
v 0.09823824 0.00151136 -0.90452009
v 0.10106266 0.00150840 -0.90274912
v 0.10407949 0.00150840 -0.90274912
v 0.10716633 0.00150939 -0.90333945
v 0.11025708 0.00151037 -0.90392977
v -0.01812221 -0.00164748 -0.98598486
v -0.01478290 -0.00164255 -0.98303324
v -0.01147709 -0.00163959 -0.98126227
v -0.00819298 -0.00163860 -0.98067194
v -0.00491282 -0.00163762 -0.98008162
v -0.00163762 -0.00163762 -0.98008162
v 0.00163762 -0.00163762 -0.98008162
v 0.00491578 -0.00163860 -0.98067194
v 0.00819298 -0.00163860 -0.98067194
v 0.01147018 -0.00163860 -0.98067194
v 0.01474739 -0.00163860 -0.98067194
v 0.01802456 -0.00163860 -0.98067194
v 0.02132744 -0.00164057 -0.98185259
v 0.03941143 -0.00157646 -0.94348150
v 0.04229806 -0.00156660 -0.93757826
v 0.04525959 -0.00156068 -0.93403631
v 0.04822806 -0.00155575 -0.93108469
v 0.05127448 -0.00155377 -0.92990404
v 0.05431296 -0.00155180 -0.92872339
v 0.05730705 -0.00154884 -0.92695242
v 0.08878987 -0.00155772 -0.93226534
v 0.08951925 -0.00151728 -0.90806204
v 0.09207249 -0.00150939 -0.90333945
v 0.09478055 -0.00150446 -0.90038782
v 0.09753297 -0.00150051 -0.89802653
v 0.10040180 -0.00149854 -0.89684588
v 0.10333084 -0.00149755 -0.89625555
v 0.10632594 -0.00149755 -0.89625555
v 0.10939302 -0.00149854 -0.89684588
v 0.11261205 -0.00150150 -0.89861685
v 0.11675428 -0.00151629 -0.90747172
v -0.01808966 -0.00493353 -0.98421389
v -0.01475626 -0.00491874 -0.98126227
v -0.01145638 -0.00490986 -0.97949129
v -0.00817818 -0.00490690 -0.97890097
v -0.00490394 -0.00490394 -0.97831064
v -0.00163466 -0.00490394 -0.97831064
v 0.00163466 -0.00490394 -0.97831064
v 0.00490394 -0.00490394 -0.97831064
v 0.00817818 -0.00490690 -0.97890097
v 0.01144947 -0.00490690 -0.97890097
v 0.01471188 -0.00490394 -0.97831064
v 0.01798116 -0.00490394 -0.97831064
v 0.02126333 -0.00490690 -0.97890097
v 0.03320918 -0.00474415 -0.94643313
v 0.03609973 -0.00470864 -0.93934923
v 0.03904154 -0.00468497 -0.93462664
v 0.04192521 -0.00465833 -0.92931372
v 0.04483052 -0.00463762 -0.92518145
v 0.04773882 -0.00461987 -0.92163950
v 0.05065603 -0.00460507 -0.91868788
v 0.05358797 -0.00459323 -0.91632658
v 0.05646764 -0.00457844 -0.91337496
v 0.05936608 -0.00456660 -0.91101366
v 0.06232965 -0.00456068 -0.90983301
v 0.06541251 -0.00456364 -0.91042334
v 0.06858812 -0.00457252 -0.91219431
v 0.08250671 -0.00467017 -0.93167502
v 0.08393844 -0.00457844 -0.91337496
v 0.08631605 -0.00454293 -0.90629107
v 0.08887909 -0.00451926 -0.90156847
v 0.09153096 -0.00450150 -0.89802653
v 0.09422128 -0.00448671 -0.89507490
v 0.09695596 -0.00447487 -0.89271361
v 0.09974093 -0.00446599 -0.89094263
v 0.10265025 -0.00446303 -0.89035231
v 0.10562561 -0.00446303 -0.89035231
v 0.10867297 -0.00446599 -0.89094263
v 0.11179830 -0.00447191 -0.89212328
v 0.11508337 -0.00448375 -0.89448458
v 0.11869594 -0.00450742 -0.89920717
v -0.01805711 -0.00820778 -0.98244292
v -0.01472076 -0.00817818 -0.97890097
v -0.01143566 -0.00816832 -0.97772032
v -0.00815846 -0.00815846 -0.97653967
v -0.00489506 -0.00815846 -0.97653967
v -0.00163071 -0.00815353 -0.97594935
v 0.00163071 -0.00815353 -0.97594935
v 0.00489506 -0.00815846 -0.97653967
v 0.00815846 -0.00815846 -0.97653967
v 0.01142876 -0.00816339 -0.97713000
v 0.01468525 -0.00815846 -0.97653967
v 0.01794861 -0.00815846 -0.97653967
v 0.02121203 -0.00815846 -0.97653967
v 0.02453461 -0.00817818 -0.97890097
v 0.03010265 -0.00792173 -0.94820410
v 0.03306419 -0.00787241 -0.94230086
v 0.03596361 -0.00781816 -0.93580729
v 0.03884427 -0.00776884 -0.92990404
v 0.04171215 -0.00772446 -0.92459112
v 0.04457308 -0.00768500 -0.91986853
v 0.04740247 -0.00764555 -0.91514593
v 0.05023288 -0.00761102 -0.91101366
v 0.05310465 -0.00758636 -0.90806204
v 0.05592021 -0.00755677 -0.90452009
v 0.05878905 -0.00753705 -0.90215880
v 0.06168259 -0.00752225 -0.90038782
v 0.06460664 -0.00751239 -0.89920717
v 0.06756722 -0.00750745 -0.89861685
v 0.07057022 -0.00750745 -0.89861685
v 0.07376654 -0.00752718 -0.90097815
v 0.07702892 -0.00755184 -0.90392977
v 0.08025877 -0.00757157 -0.90629107
v 0.08317894 -0.00756170 -0.90511042
v 0.08586626 -0.00753211 -0.90156847
v 0.08847173 -0.00749759 -0.89743620
v 0.09110978 -0.00746800 -0.89389426
v 0.09378629 -0.00744334 -0.89094263
v 0.09644304 -0.00741868 -0.88799101
v 0.09921223 -0.00740389 -0.88622004
v 0.10210577 -0.00739895 -0.88562971
v 0.10506536 -0.00739895 -0.88562971
v 0.10802492 -0.00739895 -0.88562971
v 0.11113250 -0.00740882 -0.88681036
v 0.11439982 -0.00742854 -0.88917166
v 0.11776085 -0.00745320 -0.89212328
v 0.12146121 -0.00749759 -0.89743620
v 0.13363297 -0.00750745 -0.89861685
v 0.13654621 -0.00750252 -0.89802653
v 0.13982238 -0.00751732 -0.89979750
v -0.01800286 -0.01145638 -0.97949129
v -0.01468525 -0.01142185 -0.97653967
v -0.01140114 -0.01140114 -0.97476870
v -0.00813873 -0.01139423 -0.97417837
v -0.00488323 -0.01139423 -0.97417837
v -0.00162775 -0.01139423 -0.97417837
v 0.00162775 -0.01139423 -0.97417837
v 0.00488323 -0.01139423 -0.97417837
v 0.00814366 -0.01140114 -0.97476870
v 0.01140804 -0.01140804 -0.97535902
v 0.01466749 -0.01140804 -0.97535902
v 0.01792691 -0.01140804 -0.97535902
v 0.02118639 -0.01140804 -0.97535902
v 0.02446063 -0.01141495 -0.97594935
v 0.02763818 -0.01138042 -0.97299773
v 0.03014013 -0.01110424 -0.94938475
v 0.03300205 -0.01100067 -0.94052988
v 0.03587286 -0.01091782 -0.93344599
v 0.03869631 -0.01083496 -0.92636210
v 0.04152573 -0.01076592 -0.92045885
v 0.04434424 -0.01070377 -0.91514593
v 0.04712727 -0.01064163 -0.90983301
v 0.04990737 -0.01058640 -0.90511042
v 0.05265585 -0.01053116 -0.90038782
v 0.05548226 -0.01049664 -0.89743620
v 0.05828897 -0.01046211 -0.89448458
v 0.06115685 -0.01044140 -0.89271361
v 0.06401285 -0.01042069 -0.89094263
v 0.06694581 -0.01041378 -0.89035231
v 0.06987482 -0.01040688 -0.88976198
v 0.07289656 -0.01041378 -0.89035231
v 0.07602283 -0.01043450 -0.89212328
v 0.07937005 -0.01048283 -0.89625555
v 0.08263644 -0.01051735 -0.89920717
v 0.08547270 -0.01049664 -0.89743620
v 0.08818074 -0.01046211 -0.89448458
v 0.09080894 -0.01042069 -0.89094263
v 0.09341344 -0.01037926 -0.88740069
v 0.09605835 -0.01034474 -0.88444906
v 0.09881572 -0.01032402 -0.88267809
v 0.10162935 -0.01031021 -0.88149744
v 0.10450510 -0.01030331 -0.88090712
v 0.10737688 -0.01029640 -0.88031679
v 0.11039273 -0.01030331 -0.88090712
v 0.11356436 -0.01032402 -0.88267809
v 0.11690371 -0.01035855 -0.88562971
v 0.12026277 -0.01039307 -0.88858134
v 0.12413278 -0.01046902 -0.89507490
v 0.12695627 -0.01045521 -0.89389426
v 0.12951434 -0.01042069 -0.89094263
v 0.13240395 -0.01041378 -0.89035231
v 0.13546909 -0.01042069 -0.89094263
v 0.13862985 -0.01043450 -0.89212328
v 0.14198597 -0.01046211 -0.89448458
v 0.14545353 -0.01049664 -0.89743620
v -0.01795946 -0.01469412 -0.97713000
v -0.01464974 -0.01464974 -0.97417837
v -0.01138042 -0.01463198 -0.97299773
v -0.00812393 -0.01462310 -0.97240740
v -0.00487435 -0.01462310 -0.97240740
v -0.00162479 -0.01462310 -0.97240740
v 0.00162479 -0.01462310 -0.97240740
v 0.00487435 -0.01462310 -0.97240740
v 0.00813380 -0.01464086 -0.97358805
v 0.01138733 -0.01464086 -0.97358805
v 0.01464086 -0.01464086 -0.97358805
v 0.01789436 -0.01464086 -0.97358805
v 0.02114792 -0.01464086 -0.97358805
v 0.02440145 -0.01464086 -0.97358805
v 0.02762142 -0.01462310 -0.97240740
v 0.03023384 -0.01432128 -0.95233637
v 0.03298133 -0.01413485 -0.93993956
v 0.03578212 -0.01400169 -0.93108469
v 0.03857301 -0.01388629 -0.92341048
v 0.04133930 -0.01377976 -0.91632658
v 0.04408680 -0.01368211 -0.90983301
v 0.04682150 -0.01359333 -0.90392977
v 0.04958187 -0.01352232 -0.89920717
v 0.05231063 -0.01345130 -0.89448458
v 0.05511730 -0.01340691 -0.89153296
v 0.05790428 -0.01336252 -0.88858134
v 0.06071200 -0.01332702 -0.88622004
v 0.06358871 -0.01330926 -0.88503939
v 0.06641317 -0.01328263 -0.88326842
v 0.06931851 -0.01327375 -0.88267809
v 0.07226824 -0.01327375 -0.88267809
v 0.07526825 -0.01328263 -0.88326842
v 0.07848134 -0.01332702 -0.88622004
v 0.08193118 -0.01340691 -0.89153296
v 0.08513537 -0.01344242 -0.89389426
v 0.08788977 -0.01340691 -0.89153296
v 0.09044793 -0.01334477 -0.88740069
v 0.09304060 -0.01329151 -0.88385874
v 0.09567367 -0.01324712 -0.88090712
v 0.09841920 -0.01322049 -0.87913615
v 0.10115293 -0.01319386 -0.87736517
v 0.10394485 -0.01317610 -0.87618452
v 0.10680084 -0.01316722 -0.87559420
v 0.10980090 -0.01317610 -0.87618452
v 0.11280485 -0.01318498 -0.87677485
v 0.11596862 -0.01321161 -0.87854582
v 0.11914423 -0.01323824 -0.88031679
v 0.12241354 -0.01327375 -0.88267809
v 0.12561479 -0.01330038 -0.88444906
v 0.12865621 -0.01330926 -0.88503939
v 0.13161388 -0.01330926 -0.88503939
v 0.13466126 -0.01331814 -0.88562971
v 0.13780425 -0.01333589 -0.88681036
v 0.14114261 -0.01337140 -0.88917166
v 0.14449675 -0.01340691 -0.89153296
v 0.14786668 -0.01344242 -0.89389426
v 0.15204938 -0.01354895 -0.90097815
v -0.01789436 -0.01789436 -0.97358805
v -0.01461423 -0.01786181 -0.97181708
v -0.01135281 -0.01784011 -0.97063643
v -0.00810421 -0.01782926 -0.97004610
v -0.00486251 -0.01782926 -0.97004610
v -0.00162183 -0.01784011 -0.97063643
v 0.00162282 -0.01785096 -0.97122675
v 0.00486843 -0.01785096 -0.97122675
v 0.00812393 -0.01787266 -0.97240740
v 0.01138042 -0.01788351 -0.97299773
v 0.01463198 -0.01788351 -0.97299773
v 0.01787266 -0.01787266 -0.97240740
v 0.02112227 -0.01787266 -0.97240740
v 0.02437186 -0.01787266 -0.97240740
v 0.02760465 -0.01786181 -0.97181708
v 0.03045873 -0.01763396 -0.95942026
v 0.03296062 -0.01726506 -0.93934923
v 0.03569137 -0.01706976 -0.92872339
v 0.03844972 -0.01691786 -0.92045885
v 0.04115288 -0.01676596 -0.91219431
v 0.04385796 -0.01663576 -0.90511042
v 0.04654630 -0.01651640 -0.89861685
v 0.04925637 -0.01641876 -0.89330393
v 0.05196540 -0.01633195 -0.88858134
v 0.05475235 -0.01627770 -0.88562971
v 0.05751960 -0.01622345 -0.88267809
v 0.06030759 -0.01618005 -0.88031679
v 0.06312216 -0.01614750 -0.87854582
v 0.06596930 -0.01612580 -0.87736517
v 0.06880856 -0.01610410 -0.87618452
v 0.07173659 -0.01610410 -0.87618452
v 0.07466459 -0.01610410 -0.87618452
v 0.07769717 -0.01612580 -0.87736517
v 0.08090042 -0.01618005 -0.88031679
v 0.08434825 -0.01627770 -0.88562971
v 0.08754059 -0.01632110 -0.88799101
v 0.09020726 -0.01626685 -0.88503939
v 0.09272989 -0.01619090 -0.88090712
v 0.09535310 -0.01613665 -0.87795550
v 0.09802268 -0.01609325 -0.87559420
v 0.10074458 -0.01606070 -0.87382323
v 0.10352465 -0.01603900 -0.87264258
v 0.10629681 -0.01601730 -0.87146193
v 0.10913510 -0.01600645 -0.87087160
v 0.11212130 -0.01601730 -0.87146193
v 0.11511146 -0.01602815 -0.87205225
v 0.11826538 -0.01606070 -0.87382323
v 0.12143111 -0.01609325 -0.87559420
v 0.12460870 -0.01612580 -0.87736517
v 0.12779807 -0.01615835 -0.87913615
v 0.13091157 -0.01618005 -0.88031679
v 0.13394319 -0.01619090 -0.88090712
v 0.13707040 -0.01621260 -0.88208777
v 0.14029928 -0.01624515 -0.88385874
v 0.14353998 -0.01627770 -0.88562971
v 0.14698783 -0.01633195 -0.88858134
v 0.15055501 -0.01639705 -0.89212328
v 0.15465386 -0.01651640 -0.89861685
v -0.02122483 -0.02122486 -0.97713000
v -0.01784011 -0.02108381 -0.97063643
v -0.01456984 -0.02104534 -0.96886545
v -0.01132519 -0.02103252 -0.96827513
v -0.00808941 -0.02103252 -0.96827513
v -0.00485659 -0.02104534 -0.96886545
v -0.00161986 -0.02105816 -0.96945578
v 0.00162183 -0.02108381 -0.97063643
v 0.00486547 -0.02108381 -0.97063643
v 0.00811900 -0.02110945 -0.97181708
v 0.01137352 -0.02112227 -0.97240740
v 0.01461423 -0.02110945 -0.97181708
v 0.01786181 -0.02110945 -0.97181708
v 0.02110945 -0.02110945 -0.97181708
v 0.02435707 -0.02110945 -0.97181708
v 0.02758788 -0.02109663 -0.97122675
v 0.03064614 -0.02096840 -0.96532351
v 0.03318847 -0.02054525 -0.94584280
v 0.03566869 -0.02016056 -0.92813307
v 0.03830176 -0.01991693 -0.91691691
v 0.04093983 -0.01971177 -0.90747172
v 0.04360052 -0.01954507 -0.89979750
v 0.04627111 -0.01940402 -0.89330393
v 0.04896342 -0.01928861 -0.88799101
v 0.05165469 -0.01918603 -0.88326842
v 0.05442389 -0.01912192 -0.88031679
v 0.05717338 -0.01905780 -0.87736517
v 0.05994362 -0.01900651 -0.87500387
v 0.06274043 -0.01896804 -0.87323290
v 0.06552543 -0.01892957 -0.87146193
v 0.06834497 -0.01890393 -0.87028128
v 0.07125326 -0.01890393 -0.87028128
v 0.07411124 -0.01889111 -0.86969095
v 0.07712211 -0.01891675 -0.87087160
v 0.08019517 -0.01895522 -0.87264258
v 0.08339245 -0.01901933 -0.87559420
v 0.08701683 -0.01917321 -0.88267809
v 0.08996659 -0.01917321 -0.88267809
v 0.09248132 -0.01908345 -0.87854582
v 0.09503253 -0.01900651 -0.87500387
v 0.09769224 -0.01895522 -0.87264258
v 0.10040428 -0.01891675 -0.87087160
v 0.10310446 -0.01887828 -0.86910063
v 0.10586478 -0.01885264 -0.86791998
v 0.10869124 -0.01883982 -0.86732966
v 0.11158964 -0.01883982 -0.86732966
v 0.11456601 -0.01885264 -0.86791998
v 0.11754631 -0.01886546 -0.86851031
v 0.12069430 -0.01890393 -0.87028128
v 0.12385412 -0.01894240 -0.87205225
v 0.12711154 -0.01899369 -0.87441355
v 0.13029706 -0.01903216 -0.87618452
v 0.13349438 -0.01907063 -0.87795550
v 0.13652000 -0.01908345 -0.87854582
v 0.13964334 -0.01910909 -0.87972647
v 0.14277455 -0.01913474 -0.88090712
v 0.14620662 -0.01919885 -0.88385874
v 0.14965841 -0.01926297 -0.88681036
v 0.15323152 -0.01933990 -0.89035231
v -0.02110942 -0.02435707 -0.97181708
v -0.01778586 -0.02425350 -0.96768481
v -0.01453433 -0.02422391 -0.96650416
v -0.01130447 -0.02422391 -0.96650416
v -0.00807955 -0.02423870 -0.96709448
v -0.00485068 -0.02425350 -0.96768481
v -0.00161887 -0.02428309 -0.96886545
v 0.00161986 -0.02429788 -0.96945578
v 0.00486547 -0.02432747 -0.97063643
v 0.00811407 -0.02434227 -0.97122675
v 0.01136662 -0.02435707 -0.97181708
v 0.01461423 -0.02435707 -0.97181708
v 0.01785096 -0.02434227 -0.97122675
v 0.02109663 -0.02434227 -0.97122675
v 0.02432747 -0.02432747 -0.97063643
v 0.02755434 -0.02431268 -0.97004610
v 0.03072110 -0.02425350 -0.96768481
v 0.03378917 -0.02413513 -0.96296221
v 0.03603167 -0.02349892 -0.93757826
v 0.03815380 -0.02289230 -0.91337496
v 0.04072677 -0.02262598 -0.90274912
v 0.04337168 -0.02243364 -0.89507490
v 0.04602649 -0.02227089 -0.88858134
v 0.04870301 -0.02213773 -0.88326842
v 0.05141303 -0.02203416 -0.87913615
v 0.05413192 -0.02194539 -0.87559420
v 0.05686564 -0.02187141 -0.87264258
v 0.05962009 -0.02181223 -0.87028128
v 0.06235871 -0.02175305 -0.86791998
v 0.06512596 -0.02170866 -0.86614901
v 0.06797409 -0.02169386 -0.86555868
v 0.07081828 -0.02167907 -0.86496836
v 0.07365850 -0.02166427 -0.86437804
v 0.07659934 -0.02167907 -0.86496836
v 0.07959841 -0.02170866 -0.86614901
v 0.08266155 -0.02175305 -0.86791998
v 0.08591111 -0.02184182 -0.87146193
v 0.08966574 -0.02204896 -0.87972647
v 0.09223276 -0.02196019 -0.87618452
v 0.09477608 -0.02187141 -0.87264258
v 0.09742789 -0.02181223 -0.87028128
v 0.10006399 -0.02175305 -0.86791998
v 0.10275429 -0.02170866 -0.86614901
v 0.10550475 -0.02167907 -0.86496836
v 0.10824737 -0.02164948 -0.86378771
v 0.11105800 -0.02163468 -0.86319739
v 0.11394262 -0.02163468 -0.86319739
v 0.11698704 -0.02166427 -0.86437804
v 0.12003935 -0.02169386 -0.86555868
v 0.12318340 -0.02173825 -0.86732966
v 0.12642504 -0.02179744 -0.86969095
v 0.12977035 -0.02187141 -0.87264258
v 0.13295582 -0.02191580 -0.87441355
v 0.13606134 -0.02194539 -0.87559420
v 0.13908111 -0.02196019 -0.87618452
v 0.14220048 -0.02198978 -0.87736517
v 0.14542541 -0.02203416 -0.87913615
v 0.14876181 -0.02209334 -0.88149744
v 0.15231715 -0.02218212 -0.88503939
v 0.15610333 -0.02230048 -0.88976198
v -0.02101966 -0.02748727 -0.96768481
v -0.01774246 -0.02742020 -0.96532351
v -0.01450770 -0.02740343 -0.96473318
v -0.01129066 -0.02742020 -0.96532351
v -0.00806968 -0.02743696 -0.96591383
v -0.00484772 -0.02747050 -0.96709448
v -0.00161789 -0.02750404 -0.96827513
v 0.00161986 -0.02753757 -0.96945578
v 0.00486251 -0.02755434 -0.97004610
v 0.00811407 -0.02758788 -0.97122675
v 0.01136662 -0.02760465 -0.97181708
v 0.01461423 -0.02760465 -0.97181708
v 0.01785096 -0.02758788 -0.97122675
v 0.02108381 -0.02757111 -0.97063643
v 0.02431268 -0.02755434 -0.97004610
v 0.02753757 -0.02753757 -0.96945578
v 0.03072110 -0.02748727 -0.96768481
v 0.03387202 -0.02742020 -0.96532351
v 0.03684838 -0.02723575 -0.95882994
v 0.03815380 -0.02594459 -0.91337496
v 0.04054035 -0.02552538 -0.89861685
v 0.04317145 -0.02530739 -0.89094263
v 0.04581244 -0.02512294 -0.88444906
v 0.04847516 -0.02497203 -0.87913615
v 0.05117137 -0.02485465 -0.87500387
v 0.05387645 -0.02475404 -0.87146193
v 0.05655789 -0.02465343 -0.86791998
v 0.05929656 -0.02458636 -0.86555868
v 0.06206181 -0.02453605 -0.86378771
v 0.06477086 -0.02446898 -0.86142641
v 0.06755686 -0.02443544 -0.86024576
v 0.07038329 -0.02441867 -0.85965544
v 0.07320575 -0.02440191 -0.85906512
v 0.07612884 -0.02441867 -0.85965544
v 0.07905591 -0.02443544 -0.86024576
v 0.08209932 -0.02448575 -0.86201674
v 0.08515456 -0.02453605 -0.86378771
v 0.08864287 -0.02470374 -0.86969095
v 0.09198419 -0.02482111 -0.87382323
v 0.09458373 -0.02473727 -0.87087160
v 0.09716354 -0.02465343 -0.86791998
v 0.09979175 -0.02458636 -0.86555868
v 0.10240413 -0.02451929 -0.86319739
v 0.10507273 -0.02446898 -0.86142641
v 0.10787748 -0.02445221 -0.86083609
v 0.11060229 -0.02441867 -0.85965544
v 0.11347508 -0.02441867 -0.85965544
v 0.11634787 -0.02441867 -0.85965544
v 0.11938440 -0.02445221 -0.86083609
v 0.12242882 -0.02448575 -0.86201674
v 0.12565270 -0.02455282 -0.86437804
v 0.12898026 -0.02463666 -0.86732966
v 0.13250703 -0.02475404 -0.87146193
v 0.13560268 -0.02478758 -0.87264258
v 0.13861258 -0.02480435 -0.87323290
v 0.14162642 -0.02482111 -0.87382323
v 0.14474186 -0.02485465 -0.87500387
v 0.14806443 -0.02492172 -0.87736517
v 0.15150440 -0.02500557 -0.88031679
v 0.15496406 -0.02508941 -0.88326842
v 0.15907674 -0.02527386 -0.88976198
v -0.02094273 -0.03060866 -0.96414286
v -0.01768821 -0.03055243 -0.96237189
v -0.01447219 -0.03055243 -0.96237189
v -0.01126305 -0.03057117 -0.96296221
v -0.00805982 -0.03062740 -0.96473318
v -0.00484180 -0.03066488 -0.96591383
v -0.00161690 -0.03072110 -0.96768481
v 0.00161887 -0.03075858 -0.96886545
v 0.00486251 -0.03079607 -0.97004610
v 0.00811407 -0.03083355 -0.97122675
v 0.01137352 -0.03087103 -0.97240740
v 0.01462310 -0.03087103 -0.97240740
v 0.01787266 -0.03087103 -0.97240740
v 0.02110945 -0.03085229 -0.97181708
v 0.02432747 -0.03081481 -0.97063643
v 0.02753757 -0.03077733 -0.96945578
v 0.03068362 -0.03068362 -0.96650416
v 0.03380988 -0.03058991 -0.96355253
v 0.03691644 -0.03049621 -0.96060091
v 0.03894290 -0.02959664 -0.93226534
v 0.04040718 -0.02843470 -0.89566523
v 0.04297121 -0.02815358 -0.88681036
v 0.04559840 -0.02794743 -0.88031679
v 0.04824731 -0.02777876 -0.87500387
v 0.05089518 -0.02762883 -0.87028128
v 0.05358449 -0.02751639 -0.86673933
v 0.05628861 -0.02742268 -0.86378771
v 0.05897303 -0.02732898 -0.86083609
v 0.06172250 -0.02727275 -0.85906512
v 0.06441578 -0.02719779 -0.85670382
v 0.06713962 -0.02714156 -0.85493284
v 0.06994830 -0.02712282 -0.85434252
v 0.07275300 -0.02710408 -0.85375220
v 0.07555379 -0.02708534 -0.85316187
v 0.07845915 -0.02710408 -0.85375220
v 0.08142464 -0.02714156 -0.85493284
v 0.08445621 -0.02719779 -0.85670382
v 0.08755984 -0.02727275 -0.85906512
v 0.09130064 -0.02753513 -0.86732966
v 0.09426317 -0.02755387 -0.86791998
v 0.09683312 -0.02746016 -0.86496836
v 0.09945145 -0.02738520 -0.86260706
v 0.10205397 -0.02731023 -0.86024576
v 0.10471270 -0.02725401 -0.85847479
v 0.10743361 -0.02721653 -0.85729414
v 0.11014658 -0.02717905 -0.85611349
v 0.11292962 -0.02716030 -0.85552317
v 0.11578859 -0.02716030 -0.85552317
v 0.11864758 -0.02716030 -0.85552317
v 0.12159041 -0.02717905 -0.85611349
v 0.12470875 -0.02723527 -0.85788447
v 0.12801461 -0.02732898 -0.86083609
v 0.13178895 -0.02751639 -0.86673933
v 0.13514403 -0.02761009 -0.86969095
v 0.13814405 -0.02762883 -0.87028128
v 0.14114803 -0.02764757 -0.87087160
v 0.14415595 -0.02766631 -0.87146193
v 0.14736708 -0.02772254 -0.87323290
v 0.15069161 -0.02779750 -0.87559420
v 0.15423909 -0.02790995 -0.87913615
v 0.15802132 -0.02805987 -0.88385874
v 0.16280273 -0.02837847 -0.89389426
v -0.02414993 -0.03380988 -0.96355253
v -0.02085297 -0.03368560 -0.96001059
v -0.01763396 -0.03366489 -0.95942026
v -0.01442780 -0.03366489 -0.95942026
v -0.01123543 -0.03370631 -0.96060091
v -0.00804009 -0.03376845 -0.96237189
v -0.00483588 -0.03385131 -0.96473318
v -0.00161493 -0.03391345 -0.96650416
v 0.00161789 -0.03397559 -0.96827513
v 0.00486251 -0.03403773 -0.97004610
v 0.00811900 -0.03409987 -0.97181708
v 0.01137352 -0.03412059 -0.97240740
v 0.01445444 -0.03372703 -0.96119124
v 0.01750376 -0.03341632 -0.95233637
v 0.02067348 -0.03339561 -0.95174605
v 0.02403156 -0.03364417 -0.95882994
v 0.02747050 -0.03393416 -0.96709448
v 0.03064614 -0.03387202 -0.96532351
v 0.03376845 -0.03376845 -0.96237189
v 0.03687107 -0.03366489 -0.95942026
v 0.03985529 -0.03347846 -0.95410734
v 0.04040718 -0.03142780 -0.89566523
v 0.04277098 -0.03097210 -0.88267809
v 0.04541494 -0.03076496 -0.87677485
v 0.04805201 -0.03057853 -0.87146193
v 0.05068805 -0.03041282 -0.86673933
v 0.05332902 -0.03026783 -0.86260706
v 0.05601933 -0.03016426 -0.85965544
v 0.05868994 -0.03006069 -0.85670382
v 0.06138319 -0.02997783 -0.85434252
v 0.06406068 -0.02989498 -0.85198122
v 0.06676875 -0.02983284 -0.85021025
v 0.06951331 -0.02979141 -0.84902960
v 0.07224996 -0.02974998 -0.84784895
v 0.07503101 -0.02972927 -0.84725863
v 0.07780816 -0.02970855 -0.84666830
v 0.08063751 -0.02970855 -0.84666830
v 0.08346689 -0.02970855 -0.84666830
v 0.08635647 -0.02972927 -0.84725863
v 0.08931212 -0.02977070 -0.84843928
v 0.09317323 -0.03010212 -0.85788447
v 0.09637050 -0.03020569 -0.86083609
v 0.09904309 -0.03014355 -0.85906512
v 0.10170382 -0.03008140 -0.85729414
v 0.10435268 -0.03001926 -0.85552317
v 0.10706373 -0.02997783 -0.85434252
v 0.10976684 -0.02993641 -0.85316187
v 0.11246207 -0.02989498 -0.85198122
v 0.11522933 -0.02987427 -0.85139090
v 0.11807450 -0.02987427 -0.85139090
v 0.12091968 -0.02987427 -0.85139090
v 0.12393643 -0.02991569 -0.85257155
v 0.12713674 -0.02999855 -0.85493284
v 0.13080159 -0.03018497 -0.86024576
v 0.13468535 -0.03041282 -0.86673933
v 0.13776924 -0.03045425 -0.86791998
v 0.14066964 -0.03045425 -0.86791998
v 0.14376536 -0.03049568 -0.86910063
v 0.14676933 -0.03051639 -0.86969095
v 0.15018365 -0.03061996 -0.87264258
v 0.15351410 -0.03070282 -0.87500387
v 0.15728252 -0.03086853 -0.87972647
v 0.16129753 -0.03107566 -0.88562971
v -0.02404636 -0.03687107 -0.95942026
v -0.02080168 -0.03680301 -0.95764929
v -0.01759056 -0.03678032 -0.95705897
v -0.01440117 -0.03680301 -0.95764929
v -0.01122162 -0.03687107 -0.95942026
v -0.00803516 -0.03696182 -0.96178156
v -0.00483292 -0.03705256 -0.96414286
v -0.00161493 -0.03714331 -0.96650416
v 0.00161789 -0.03721137 -0.96827513
v 0.00486547 -0.03730211 -0.97063643
v 0.00795625 -0.03659883 -0.95233637
v 0.01069687 -0.03514690 -0.91455561
v 0.01366435 -0.03492003 -0.90865237
v 0.01666830 -0.03485197 -0.90688139
v 0.01968612 -0.03482928 -0.90629107
v 0.02274435 -0.03487466 -0.90747172
v 0.02599490 -0.03516958 -0.91514593
v 0.02982153 -0.03609973 -0.93934923
v 0.03360274 -0.03680301 -0.95764929
v 0.03684838 -0.03684838 -0.95882994
v 0.03987995 -0.03668958 -0.95469767
v 0.04080667 -0.03476122 -0.90452009
v 0.04268517 -0.03385376 -0.88090712
v 0.04526205 -0.03358153 -0.87382323
v 0.04785671 -0.03335466 -0.86791998
v 0.05048091 -0.03317317 -0.86319739
v 0.05311004 -0.03301436 -0.85906512
v 0.05575005 -0.03287824 -0.85552317
v 0.05840685 -0.03276481 -0.85257155
v 0.06104388 -0.03265138 -0.84961993
v 0.06370559 -0.03256064 -0.84725863
v 0.06639787 -0.03249257 -0.84548765
v 0.06902999 -0.03240183 -0.84312636
v 0.07174691 -0.03235646 -0.84194571
v 0.07445596 -0.03231108 -0.84076506
v 0.07715715 -0.03226571 -0.83958441
v 0.07979418 -0.03219765 -0.83781344
v 0.08241936 -0.03212959 -0.83604246
v 0.08503276 -0.03206153 -0.83427149
v 0.08757216 -0.03197078 -0.83191019
v 0.09015986 -0.03190273 -0.83013922
v 0.09418964 -0.03233377 -0.84135538
v 0.09836250 -0.03278750 -0.85316187
v 0.10128362 -0.03281019 -0.85375220
v 0.10392064 -0.03274212 -0.85198122
v 0.10661986 -0.03269675 -0.85080057
v 0.10931113 -0.03265138 -0.84961993
v 0.11199454 -0.03260601 -0.84843928
v 0.11474995 -0.03258332 -0.84784895
v 0.11750142 -0.03256064 -0.84725863
v 0.12033278 -0.03256064 -0.84725863
v 0.12324991 -0.03258332 -0.84784895
v 0.12625888 -0.03262869 -0.84902960
v 0.12963471 -0.03276481 -0.85257155
v 0.13404323 -0.03315048 -0.86260706
v 0.13730070 -0.03324123 -0.86496836
v 0.14028694 -0.03326391 -0.86555868
v 0.14327709 -0.03328660 -0.86614901
v 0.14637084 -0.03333198 -0.86732966
v 0.14957407 -0.03340003 -0.86910063
v 0.15299626 -0.03351347 -0.87205225
v 0.15643819 -0.03362690 -0.87500387
v 0.16022238 -0.03380839 -0.87972647
v 0.16524252 -0.03423943 -0.89094263
v -0.02394279 -0.03990461 -0.95528799
v -0.02072474 -0.03985529 -0.95410734
v -0.01753631 -0.03985529 -0.95410734
v -0.01437454 -0.03992927 -0.95587832
v -0.01120781 -0.04002791 -0.95823961
v -0.00803023 -0.04015120 -0.96119124
v -0.00482996 -0.04024984 -0.96355253
v -0.00161394 -0.04034848 -0.96591383
v 0.00161493 -0.04037314 -0.96650416
v 0.00761102 -0.03805517 -0.91101366
v 0.01061402 -0.03790722 -0.90747172
v 0.01361109 -0.03780858 -0.90511042
v 0.01660321 -0.03773460 -0.90333945
v 0.01959636 -0.03768528 -0.90215880
v 0.02261119 -0.03768528 -0.90215880
v 0.02564276 -0.03770994 -0.90274912
v 0.02873455 -0.03780858 -0.90511042
v 0.03190421 -0.03798119 -0.90924269
v 0.03537376 -0.03844972 -0.92045885
v 0.03904154 -0.03904154 -0.93462664
v 0.04136594 -0.03830176 -0.91691691
v 0.04268517 -0.03679755 -0.88090712
v 0.04510916 -0.03637834 -0.87087160
v 0.04769396 -0.03613175 -0.86496836
v 0.05030830 -0.03593447 -0.86024576
v 0.05289107 -0.03573720 -0.85552317
v 0.05551924 -0.03558925 -0.85198122
v 0.05812376 -0.03544129 -0.84843928
v 0.06074698 -0.03531799 -0.84548765
v 0.06335049 -0.03519470 -0.84253603
v 0.06598064 -0.03509606 -0.84017473
v 0.06859500 -0.03499743 -0.83781344
v 0.07119355 -0.03489879 -0.83545214
v 0.07377636 -0.03480015 -0.83309084
v 0.07634339 -0.03470151 -0.83072954
v 0.07883839 -0.03457822 -0.82777792
v 0.08131364 -0.03445492 -0.82482630
v 0.08358871 -0.03425765 -0.82010370
v 0.08589435 -0.03408503 -0.81597143
v 0.08833262 -0.03397407 -0.81331497
v 0.09098443 -0.03394940 -0.81272465
v 0.09414281 -0.03410969 -0.81656176
v 0.09911261 -0.03489879 -0.83545214
v 0.10291257 -0.03524401 -0.84371668
v 0.10595406 -0.03531799 -0.84548765
v 0.10870352 -0.03529333 -0.84489733
v 0.11144908 -0.03526868 -0.84430701
v 0.11411079 -0.03521936 -0.84312636
v 0.11676460 -0.03517004 -0.84194571
v 0.11957821 -0.03517004 -0.84194571
v 0.12239177 -0.03517004 -0.84194571
v 0.12529323 -0.03519470 -0.84253603
v 0.12846783 -0.03529333 -0.84489733
v 0.13230032 -0.03556459 -0.85139090
v 0.13673848 -0.03598379 -0.86142641
v 0.13990422 -0.03605777 -0.86319739
v 0.14288650 -0.03608243 -0.86378771
v 0.14597234 -0.03613175 -0.86496836
v 0.14916767 -0.03620573 -0.86673933
v 0.15237485 -0.03627970 -0.86851031
v 0.15580495 -0.03640300 -0.87146193
v 0.15936227 -0.03655096 -0.87500387
v 0.16316226 -0.03674823 -0.87972647
v 0.16721672 -0.03699482 -0.88562971
v 0.17085685 -0.03714278 -0.88917166
v 0.17417455 -0.03721676 -0.89094263
v 0.17726922 -0.03724141 -0.89153296
v -0.02711837 -0.04307038 -0.95469767
v -0.02386881 -0.04296385 -0.95233637
v -0.02066063 -0.04291059 -0.95115572
v -0.01749291 -0.04293722 -0.95174605
v -0.01434791 -0.04304375 -0.95410734
v -0.01119400 -0.04317691 -0.95705897
v -0.00802037 -0.04331007 -0.96001059
v -0.00482404 -0.04341660 -0.96237189
v 0.00760609 -0.04107298 -0.91042334
v 0.01060021 -0.04088656 -0.90629107
v 0.01359333 -0.04078003 -0.90392977
v 0.01657065 -0.04067351 -0.90156847
v 0.01953225 -0.04056698 -0.89920717
v 0.02252242 -0.04054035 -0.89861685
v 0.02552538 -0.04054035 -0.89861685
v 0.02854714 -0.04056698 -0.89920717
v 0.03157279 -0.04059361 -0.89979750
v 0.03462511 -0.04064687 -0.90097815
v 0.03780858 -0.04083330 -0.90511042
v 0.04107298 -0.04107298 -0.91042334
v 0.04279959 -0.03984791 -0.88326842
v 0.04501743 -0.03920875 -0.86910063
v 0.04756376 -0.03891579 -0.86260706
v 0.05013568 -0.03867610 -0.85729414
v 0.05270859 -0.03846305 -0.85257155
v 0.05524996 -0.03824999 -0.84784895
v 0.05784068 -0.03809020 -0.84430701
v 0.06040767 -0.03793041 -0.84076506
v 0.06295101 -0.03777062 -0.83722311
v 0.06551704 -0.03763746 -0.83427149
v 0.06806335 -0.03750430 -0.83131987
v 0.07058989 -0.03737114 -0.82836825
v 0.07304446 -0.03721135 -0.82482630
v 0.07547539 -0.03705155 -0.82128435
v 0.07782637 -0.03686513 -0.81715208
v 0.08009153 -0.03665207 -0.81242949
v 0.08238535 -0.03646565 -0.80829722
v 0.08471366 -0.03630586 -0.80475527
v 0.08708239 -0.03617270 -0.80180365
v 0.08966270 -0.03613275 -0.80091816
v 0.09240729 -0.03615938 -0.80150849
v 0.09536589 -0.03626591 -0.80386978
v 0.09913231 -0.03666539 -0.81272465
v 0.10358677 -0.03729124 -0.82659727
v 0.10741237 -0.03766409 -0.83486181
v 0.11051399 -0.03777062 -0.83722311
v 0.11331183 -0.03777062 -0.83722311
v 0.11602779 -0.03774399 -0.83663279
v 0.11873980 -0.03771735 -0.83604246
v 0.12144782 -0.03769072 -0.83545214
v 0.12432756 -0.03771735 -0.83604246
v 0.12739071 -0.03779725 -0.83781344
v 0.13064913 -0.03793041 -0.84076506
v 0.13514549 -0.03840978 -0.85139090
v 0.13933015 -0.03878263 -0.85965544
v 0.14239824 -0.03883590 -0.86083609
v 0.14547423 -0.03888916 -0.86201674
v 0.14865971 -0.03896906 -0.86378771
v 0.15185700 -0.03904895 -0.86555868
v 0.15517169 -0.03915548 -0.86791998
v 0.15860967 -0.03928864 -0.87087160
v 0.16239585 -0.03950170 -0.87559420
v 0.16643649 -0.03976802 -0.88149744
v 0.17006283 -0.03992781 -0.88503939
v 0.17325132 -0.03998107 -0.88622004
v 0.17656495 -0.04006097 -0.88799101
v 0.17977113 -0.04011423 -0.88917166
v 0.18371321 -0.04032729 -0.89389426
v -0.02701776 -0.04608913 -0.95115572
v -0.02379483 -0.04600332 -0.94938475
v -0.02060933 -0.04597471 -0.94879442
v -0.01746036 -0.04603192 -0.94997507
v -0.01432128 -0.04614634 -0.95233637
v -0.01118019 -0.04631797 -0.95587832
v -0.00801543 -0.04648960 -0.95942026
v 0.00760609 -0.04411541 -0.91042334
v 0.01060021 -0.04391517 -0.90629107
v 0.01357558 -0.04374354 -0.90274912
v 0.01654896 -0.04362912 -0.90038782
v 0.01950660 -0.04351471 -0.89802653
v 0.02247803 -0.04345750 -0.89684588
v 0.02544154 -0.04340029 -0.89566523
v 0.02841596 -0.04337168 -0.89507490
v 0.03140708 -0.04337168 -0.89507490
v 0.03442093 -0.04340029 -0.89566523
v 0.03743869 -0.04342889 -0.89625555
v 0.04051371 -0.04351471 -0.89802653
v 0.04322866 -0.04322866 -0.89212328
v 0.04501743 -0.04211307 -0.86910063
v 0.04743356 -0.04168401 -0.86024576
v 0.04996306 -0.04139796 -0.85434252
v 0.05248962 -0.04114052 -0.84902960
v 0.05501915 -0.04091167 -0.84430701
v 0.05755759 -0.04071144 -0.84017473
v 0.06002594 -0.04048261 -0.83545214
v 0.06255154 -0.04031098 -0.83191019
v 0.06505345 -0.04013935 -0.82836825
v 0.06753170 -0.03996772 -0.82482630
v 0.06993593 -0.03976749 -0.82069403
v 0.07233872 -0.03958156 -0.81685692
v 0.07463451 -0.03935272 -0.81213433
v 0.07689869 -0.03912388 -0.80741173
v 0.07918949 -0.03892365 -0.80327946
v 0.08154299 -0.03876632 -0.80003268
v 0.08393689 -0.03863760 -0.79737622
v 0.08640920 -0.03855179 -0.79560524
v 0.08893575 -0.03849458 -0.79442459
v 0.09162460 -0.03850888 -0.79471976
v 0.09438545 -0.03855179 -0.79560524
v 0.09733219 -0.03866621 -0.79796654
v 0.10059067 -0.03889504 -0.80268914
v 0.10418447 -0.03923830 -0.80977303
v 0.10813734 -0.03969597 -0.81921822
v 0.11155412 -0.03993912 -0.82423598
v 0.11463602 -0.04005354 -0.82659727
v 0.11756602 -0.04011074 -0.82777792
v 0.12050386 -0.04016795 -0.82895857
v 0.12327413 -0.04016795 -0.82895857
v 0.12622385 -0.04022516 -0.83013922
v 0.12927315 -0.04031098 -0.83191019
v 0.13280286 -0.04053981 -0.83663279
v 0.13760796 -0.04114052 -0.84902960
v 0.14171469 -0.04151237 -0.85670382
v 0.14497611 -0.04162679 -0.85906512
v 0.14825331 -0.04174121 -0.86142641
v 0.15144272 -0.04182703 -0.86319739
v 0.15464398 -0.04191284 -0.86496836
v 0.15807210 -0.04205587 -0.86791998
v 0.16173892 -0.04225610 -0.87205225
v 0.16587919 -0.04257075 -0.87854582
v 0.16949566 -0.04274238 -0.88208777
v 0.17278969 -0.04282819 -0.88385874
v 0.17597806 -0.04288540 -0.88503939
v 0.17917438 -0.04294261 -0.88622004
v 0.18262129 -0.04305703 -0.88858134
v -0.02695069 -0.04914539 -0.94879442
v -0.02373565 -0.04905365 -0.94702345
v -0.02057086 -0.04905365 -0.94702345
v -0.01743866 -0.04914539 -0.94879442
v -0.01430352 -0.04926769 -0.95115572
v -0.01118710 -0.04954289 -0.95646864
v -0.00802037 -0.04972636 -0.96001059
v 0.00761595 -0.04721901 -0.91160399
v 0.01060021 -0.04694381 -0.90629107
v 0.01356670 -0.04672977 -0.90215880
v 0.01652725 -0.04657688 -0.89920717
v 0.01946813 -0.04642399 -0.89625555
v 0.02241885 -0.04633226 -0.89448458
v 0.02537447 -0.04627111 -0.89330393
v 0.02832225 -0.04620995 -0.89212328
v 0.03128280 -0.04617937 -0.89153296
v 0.03426212 -0.04617937 -0.89153296
v 0.03724141 -0.04617937 -0.89153296
v 0.04027402 -0.04624053 -0.89271361
v 0.04325727 -0.04624053 -0.89271361
v 0.04529263 -0.04529263 -0.87441355
v 0.04736846 -0.04449761 -0.85906512
v 0.04982498 -0.04413068 -0.85198122
v 0.05227064 -0.04379433 -0.84548765
v 0.05474987 -0.04351914 -0.84017473
v 0.05719362 -0.04324394 -0.83486181
v 0.05968663 -0.04302989 -0.83072954
v 0.06215205 -0.04281585 -0.82659727
v 0.06463622 -0.04263239 -0.82305533
v 0.06704837 -0.04241835 -0.81892306
v 0.06940773 -0.04218901 -0.81449562
v 0.07171139 -0.04194440 -0.80977303
v 0.07398351 -0.04169978 -0.80505043
v 0.07630835 -0.04150102 -0.80121332
v 0.07866573 -0.04133284 -0.79796654
v 0.08109172 -0.04121054 -0.79560524
v 0.08353297 -0.04110352 -0.79353911
v 0.08602452 -0.04102707 -0.79206330
v 0.08860531 -0.04099649 -0.79147297
v 0.09128430 -0.04101178 -0.79176813
v 0.09403528 -0.04105765 -0.79265362
v 0.09682816 -0.04111880 -0.79383427
v 0.09977692 -0.04124111 -0.79619557
v 0.10289332 -0.04142458 -0.79973751
v 0.10611134 -0.04163862 -0.80386978
v 0.10943687 -0.04188324 -0.80859238
v 0.11271210 -0.04209729 -0.81272465
v 0.11593111 -0.04228075 -0.81626660
v 0.11904502 -0.04241835 -0.81892306
v 0.12195732 -0.04247950 -0.82010370
v 0.12478770 -0.04251008 -0.82069403
v 0.12780543 -0.04260181 -0.82246500
v 0.13092875 -0.04272412 -0.82482630
v 0.13425922 -0.04290758 -0.82836825
v 0.13946873 -0.04367202 -0.84312636
v 0.14447799 -0.04434472 -0.85611349
v 0.14764374 -0.04443646 -0.85788447
v 0.15082131 -0.04452819 -0.85965544
v 0.15411629 -0.04465050 -0.86201674
v 0.15753454 -0.04480339 -0.86496836
v 0.16108200 -0.04498685 -0.86851031
v 0.16532189 -0.04535378 -0.87559420
v 0.16915536 -0.04559840 -0.88031679
v 0.17244346 -0.04569013 -0.88208777
v 0.17562592 -0.04575129 -0.88326842
v 0.17869699 -0.04578187 -0.88385874
v 0.18201467 -0.04587360 -0.88562971
v 0.18522081 -0.04593475 -0.88681036
v -0.03012136 -0.05231609 -0.94879442
v -0.02686684 -0.05215334 -0.94584280
v -0.02369127 -0.05212079 -0.94525248
v -0.02053240 -0.05212079 -0.94525248
v -0.01740611 -0.05221844 -0.94702345
v -0.01429464 -0.05241374 -0.95056540
v -0.01119400 -0.05277179 -0.95705897
v 0.00762089 -0.05029798 -0.91219431
v 0.01059330 -0.04993993 -0.90570074
v 0.01355783 -0.04971207 -0.90156847
v 0.01650555 -0.04951677 -0.89802653
v 0.01942966 -0.04932147 -0.89448458
v 0.02235967 -0.04919127 -0.89212328
v 0.02529063 -0.04909362 -0.89035231
v 0.02822855 -0.04902852 -0.88917166
v 0.03117923 -0.04899596 -0.88858134
v 0.03410332 -0.04893087 -0.88740069
v 0.03706880 -0.04893087 -0.88740069
v 0.04008760 -0.04899596 -0.88858134
v 0.04305703 -0.04899596 -0.88858134
v 0.04578187 -0.04873556 -0.88385874
v 0.04730336 -0.04730336 -0.85788447
v 0.04965236 -0.04681510 -0.84902960
v 0.05205167 -0.04642450 -0.84194571
v 0.05444213 -0.04606645 -0.83545214
v 0.05682965 -0.04574094 -0.82954890
v 0.05926250 -0.04548054 -0.82482630
v 0.06175258 -0.04528524 -0.82128435
v 0.06419580 -0.04507367 -0.81744725
v 0.06656505 -0.04482954 -0.81301981
v 0.06887953 -0.04456913 -0.80829722
v 0.07116248 -0.04430873 -0.80357462
v 0.07349525 -0.04409716 -0.79973751
v 0.07588667 -0.04393441 -0.79678589
v 0.07828746 -0.04378793 -0.79412943
v 0.08076079 -0.04369028 -0.79235846
v 0.08325334 -0.04360890 -0.79088265
v 0.08576806 -0.04354381 -0.78970200
v 0.08837401 -0.04352753 -0.78940684
v 0.09104610 -0.04354381 -0.78970200
v 0.09379017 -0.04359263 -0.79058748
v 0.09650413 -0.04362518 -0.79117781
v 0.09944402 -0.04375538 -0.79353911
v 0.10243762 -0.04390186 -0.79619557
v 0.10552692 -0.04408089 -0.79944235
v 0.10859796 -0.04424364 -0.80239397
v 0.11164781 -0.04439011 -0.80505043
v 0.11467349 -0.04452031 -0.80741173
v 0.11771490 -0.04465051 -0.80977303
v 0.12068441 -0.04474816 -0.81154400
v 0.12357594 -0.04481326 -0.81272465
v 0.12652117 -0.04489464 -0.81420046
v 0.12957004 -0.04500857 -0.81626660
v 0.13263270 -0.04512249 -0.81833273
v 0.13595331 -0.04531779 -0.82187468
v 0.14109080 -0.04609900 -0.83604246
v 0.14683098 -0.04704295 -0.85316187
v 0.15019991 -0.04720571 -0.85611349
v 0.15348303 -0.04733591 -0.85847479
v 0.15688945 -0.04749866 -0.86142641
v 0.16053456 -0.04772651 -0.86555868
v 0.16465315 -0.04808456 -0.87205225
v 0.16881508 -0.04844261 -0.87854582
v 0.17209725 -0.04854026 -0.88031679
v 0.17527379 -0.04860536 -0.88149744
v 0.17833893 -0.04863792 -0.88208777
v 0.18165070 -0.04873556 -0.88385874
v 0.18497421 -0.04883322 -0.88562971
v 0.18906122 -0.04912617 -0.89094263
v -0.03000892 -0.05527960 -0.94525248
v -0.02679977 -0.05517603 -0.94348150
v -0.02363208 -0.05514150 -0.94289118
v -0.02049393 -0.05517603 -0.94348150
v -0.01736271 -0.05524508 -0.94466215
v -0.01427689 -0.05552126 -0.94938475
v -0.01119400 -0.05597006 -0.95705897
v 0.00764061 -0.05348441 -0.91455561
v 0.01059330 -0.05296656 -0.90570074
v 0.01354895 -0.05269038 -0.90097815
v 0.01648385 -0.05244872 -0.89684588
v 0.01939120 -0.05220706 -0.89271361
v 0.02231528 -0.05206897 -0.89035231
v 0.02524032 -0.05196540 -0.88858134
v 0.02815358 -0.05186183 -0.88681036
v 0.03107566 -0.05179278 -0.88562971
v 0.03401257 -0.05175826 -0.88503939
v 0.03694550 -0.05172373 -0.88444906
v 0.03992781 -0.05175826 -0.88503939
v 0.04288540 -0.05175826 -0.88503939
v 0.04581244 -0.05172373 -0.88444906
v 0.04753121 -0.05041186 -0.86201674
v 0.04947975 -0.04947975 -0.84607798
v 0.05179620 -0.04899643 -0.83781344
v 0.05405744 -0.04851310 -0.82954890
v 0.05646568 -0.04820240 -0.82423598
v 0.05888077 -0.04792621 -0.81951338
v 0.06133090 -0.04770181 -0.81567627
v 0.06375539 -0.04747741 -0.81183916
v 0.06608173 -0.04720123 -0.80711657
v 0.06842679 -0.04695957 -0.80298430
v 0.07074425 -0.04671791 -0.79885203
v 0.07314263 -0.04654529 -0.79590040
v 0.07557744 -0.04640720 -0.79353911
v 0.07802558 -0.04628637 -0.79147297
v 0.08055020 -0.04621733 -0.79029232
v 0.08306692 -0.04614828 -0.78911167
v 0.08560777 -0.04609650 -0.78822619
v 0.08820879 -0.04607923 -0.78793103
v 0.09087595 -0.04609650 -0.78822619
v 0.09361508 -0.04614828 -0.78911167
v 0.09632412 -0.04618280 -0.78970200
v 0.09922209 -0.04630363 -0.79176813
v 0.10213381 -0.04642447 -0.79383427
v 0.10513730 -0.04657982 -0.79649073
v 0.10811859 -0.04671791 -0.79885203
v 0.11111566 -0.04685600 -0.80121332
v 0.11408660 -0.04697683 -0.80327946
v 0.11702839 -0.04708040 -0.80505043
v 0.11998211 -0.04718397 -0.80682141
v 0.12285786 -0.04725302 -0.80800205
v 0.12578732 -0.04733932 -0.80947787
v 0.12877354 -0.04744289 -0.81124884
v 0.13172376 -0.04752920 -0.81272465
v 0.13483033 -0.04766729 -0.81508595
v 0.13840097 -0.04796074 -0.82010370
v 0.14429107 -0.04903095 -0.83840376
v 0.14947492 -0.04982498 -0.85198122
v 0.15284978 -0.04999759 -0.85493284
v 0.15624435 -0.05017021 -0.85788447
v 0.15987764 -0.05041186 -0.86201674
v 0.16376147 -0.05072257 -0.86732966
v 0.16847476 -0.05127494 -0.87677485
v 0.17186645 -0.05141303 -0.87913615
v 0.17503904 -0.05148208 -0.88031679
v 0.17810023 -0.05151660 -0.88090712
v 0.18128674 -0.05158564 -0.88208777
v 0.18460432 -0.05168921 -0.88385874
v 0.18843488 -0.05193087 -0.88799101
v -0.02991521 -0.05825593 -0.94230086
v -0.02671593 -0.05814644 -0.94052988
v -0.02357290 -0.05814644 -0.94052988
v -0.02045546 -0.05821944 -0.94171053
v -0.01734101 -0.05832892 -0.94348150
v -0.01426801 -0.05865739 -0.94879442
v 0.00772446 -0.05716106 -0.92459112
v 0.01060711 -0.05606619 -0.90688139
v 0.01354895 -0.05570124 -0.90097815
v 0.01646215 -0.05537277 -0.89566523
v 0.01936555 -0.05511730 -0.89153296
v 0.02227089 -0.05493483 -0.88858134
v 0.02517325 -0.05478884 -0.88622004
v 0.02807862 -0.05467936 -0.88444906
v 0.03099281 -0.05460637 -0.88326842
v 0.03389914 -0.05453337 -0.88208777
v 0.03682221 -0.05449688 -0.88149744
v 0.03976802 -0.05449688 -0.88149744
v 0.04271377 -0.05449688 -0.88149744
v 0.04569013 -0.05453337 -0.88208777
v 0.04801946 -0.05383996 -0.87087160
v 0.04930713 -0.05212466 -0.84312636
v 0.05150423 -0.05150423 -0.83309084
v 0.05374969 -0.05099329 -0.82482630
v 0.05610171 -0.05062834 -0.81892306
v 0.05852025 -0.05035462 -0.81449562
v 0.06093142 -0.05009915 -0.81036335
v 0.06331497 -0.04984368 -0.80623108
v 0.06564674 -0.04956996 -0.80180365
v 0.06802434 -0.04935099 -0.79826170
v 0.07043058 -0.04916851 -0.79531008
v 0.07284425 -0.04900428 -0.79265362
v 0.07535255 -0.04891304 -0.79117781
v 0.07782189 -0.04880355 -0.78940684
v 0.08036970 -0.04874881 -0.78852135
v 0.08291157 -0.04869407 -0.78763586
v 0.08547954 -0.04865757 -0.78704554
v 0.08807661 -0.04863932 -0.78675038
v 0.09073983 -0.04865757 -0.78704554
v 0.09351004 -0.04873056 -0.78822619
v 0.09621611 -0.04876706 -0.78881651
v 0.09907413 -0.04887655 -0.79058748
v 0.10190596 -0.04896779 -0.79206330
v 0.10486457 -0.04911377 -0.79442459
v 0.10779900 -0.04924150 -0.79649073
v 0.11074726 -0.04936924 -0.79855686
v 0.11366739 -0.04947872 -0.80032784
v 0.11655641 -0.04956996 -0.80180365
v 0.11949928 -0.04967945 -0.80357462
v 0.12236418 -0.04975244 -0.80475527
v 0.12523693 -0.04982543 -0.80593592
v 0.12821132 -0.04993492 -0.80770689
v 0.13110186 -0.05000791 -0.80888754
v 0.13409793 -0.05011740 -0.81065851
v 0.13730511 -0.05029988 -0.81361014
v 0.14114159 -0.05070133 -0.82010370
v 0.14761068 -0.05201517 -0.84135538
v 0.15200545 -0.05256261 -0.85021025
v 0.15549175 -0.05278158 -0.85375220
v 0.15900174 -0.05300056 -0.85729414
v 0.16275832 -0.05329252 -0.86201674
v 0.16768074 -0.05394945 -0.87264258
v 0.17163563 -0.05427790 -0.87795550
v 0.17480429 -0.05435090 -0.87913615
v 0.17798088 -0.05442389 -0.88031679
v 0.18116540 -0.05449688 -0.88149744
v 0.18448102 -0.05460637 -0.88326842
v 0.18793382 -0.05475235 -0.88562971
v -0.03320915 -0.06167419 -0.94643313
v -0.02985899 -0.06128950 -0.94052988
v -0.02666563 -0.06117409 -0.93875891
v -0.02352851 -0.06117409 -0.93875891
v -0.02041699 -0.06125103 -0.93993956
v -0.01730846 -0.06136644 -0.94171053
v -0.01426801 -0.06182806 -0.94879442
v 0.01066925 -0.05944302 -0.91219431
v 0.01355783 -0.05875059 -0.90156847
v 0.01645130 -0.05832744 -0.89507490
v 0.01932708 -0.05798122 -0.88976198
v 0.02222650 -0.05778888 -0.88681036
v 0.02510617 -0.05759653 -0.88385874
v 0.02800365 -0.05748113 -0.88208777
v 0.03088924 -0.05736573 -0.88031679
v 0.03380839 -0.05732726 -0.87972647
v 0.03672357 -0.05728879 -0.87913615
v 0.03963486 -0.05725032 -0.87854582
v 0.04257075 -0.05725032 -0.87854582
v 0.04553724 -0.05728879 -0.87913615
v 0.04824731 -0.05701951 -0.87500387
v 0.04909999 -0.05471141 -0.83958441
v 0.05113928 -0.05390357 -0.82718760
v 0.05336501 -0.05336501 -0.81892306
v 0.05573773 -0.05301879 -0.81361014
v 0.05815973 -0.05274951 -0.80947787
v 0.06053194 -0.05246100 -0.80505043
v 0.06292092 -0.05221096 -0.80121332
v 0.06530841 -0.05198015 -0.79767138
v 0.06772252 -0.05178780 -0.79471976
v 0.07016920 -0.05163393 -0.79235846
v 0.07265437 -0.05151853 -0.79058748
v 0.07515577 -0.05142236 -0.78911167
v 0.07767640 -0.05134542 -0.78793103
v 0.08021928 -0.05128771 -0.78704554
v 0.08278728 -0.05124925 -0.78645521
v 0.08538337 -0.05123001 -0.78616005
v 0.08801053 -0.05123001 -0.78616005
v 0.09063774 -0.05123001 -0.78616005
v 0.09336997 -0.05128771 -0.78704554
v 0.09610810 -0.05134542 -0.78793103
v 0.09892618 -0.05144159 -0.78940684
v 0.10179204 -0.05155699 -0.79117781
v 0.10466976 -0.05167240 -0.79294878
v 0.10755932 -0.05178780 -0.79471976
v 0.11046071 -0.05190321 -0.79649073
v 0.11337395 -0.05201861 -0.79826170
v 0.11625606 -0.05211479 -0.79973751
v 0.11914813 -0.05221096 -0.80121332
v 0.12200514 -0.05228790 -0.80239397
v 0.12486999 -0.05236483 -0.80357462
v 0.12783650 -0.05248024 -0.80534559
v 0.13071916 -0.05255717 -0.80652624
v 0.13356087 -0.05261488 -0.80741173
v 0.13660775 -0.05274951 -0.80947787
v 0.14002404 -0.05301879 -0.81361014
v 0.14481433 -0.05378816 -0.82541662
v 0.15095003 -0.05501915 -0.84430701
v 0.15463164 -0.05532690 -0.84902960
v 0.15801635 -0.05551924 -0.85198122
v 0.16175519 -0.05582699 -0.85670382
v 0.16609269 -0.05632708 -0.86437804
v 0.17128941 -0.05709645 -0.87618452
v 0.17456953 -0.05721185 -0.87795550
v 0.17774218 -0.05728879 -0.87913615
v 0.18092276 -0.05736573 -0.88031679
v 0.18423443 -0.05748113 -0.88208777
v 0.18768327 -0.05763501 -0.88444906
v 0.19178408 -0.05798122 -0.88976198
v -0.03308487 -0.06459435 -0.94289118
v -0.02978402 -0.06427082 -0.93816859
v -0.02661532 -0.06418994 -0.93698794
v -0.02348413 -0.06418994 -0.93698794
v -0.02036570 -0.06423038 -0.93757826
v -0.01726506 -0.06435171 -0.93934923
v -0.01425026 -0.06491788 -0.94761378
v 0.01357558 -0.06184435 -0.90274912
v 0.01641876 -0.06119730 -0.89330393
v 0.01927579 -0.06079288 -0.88740069
v 0.02215253 -0.06055024 -0.88385874
v 0.02502233 -0.06034803 -0.88090712
v 0.02790995 -0.06022670 -0.87913615
v 0.03078567 -0.06010538 -0.87736517
v 0.03367227 -0.06002450 -0.87618452
v 0.03657562 -0.05998406 -0.87559420
v 0.03950170 -0.05998406 -0.87559420
v 0.04242773 -0.05998406 -0.87559420
v 0.04535378 -0.05998406 -0.87559420
v 0.04821476 -0.05990318 -0.87441355
v 0.04892738 -0.05731494 -0.83663279
v 0.05077432 -0.05626347 -0.82128435
v 0.05299956 -0.05571751 -0.81331497
v 0.05537377 -0.05537377 -0.80829722
v 0.05779921 -0.05511090 -0.80446011
v 0.06019904 -0.05484803 -0.80062300
v 0.06264276 -0.05464583 -0.79767138
v 0.06506675 -0.05444362 -0.79471976
v 0.06752130 -0.05428185 -0.79235846
v 0.06998623 -0.05414031 -0.79029232
v 0.07246450 -0.05401899 -0.78852135
v 0.07501521 -0.05395833 -0.78763586
v 0.07756002 -0.05389766 -0.78675038
v 0.08012903 -0.05385722 -0.78616005
v 0.08272514 -0.05383700 -0.78586489
v 0.08528721 -0.05379656 -0.78527457
v 0.08794445 -0.05381678 -0.78556973
v 0.09060371 -0.05383700 -0.78586489
v 0.09333496 -0.05389766 -0.78675038
v 0.09603609 -0.05393811 -0.78734070
v 0.09888918 -0.05405943 -0.78911167
v 0.10171609 -0.05416053 -0.79058748
v 0.10455288 -0.05426163 -0.79206330
v 0.10743947 -0.05438295 -0.79383427
v 0.11029697 -0.05448406 -0.79531008
v 0.11320626 -0.05460538 -0.79708105
v 0.11604152 -0.05468626 -0.79826170
v 0.11892867 -0.05478737 -0.79973751
v 0.12178075 -0.05486825 -0.80091816
v 0.12464066 -0.05494913 -0.80209881
v 0.12750852 -0.05503001 -0.80327946
v 0.13038427 -0.05511090 -0.80446011
v 0.13321909 -0.05517156 -0.80534559
v 0.13615945 -0.05527266 -0.80682141
v 0.13936366 -0.05547487 -0.80977303
v 0.14295009 -0.05581862 -0.81479079
v 0.14947245 -0.05727450 -0.83604246
v 0.15355650 -0.05775980 -0.84312636
v 0.15703097 -0.05800244 -0.84666830
v 0.16075204 -0.05832597 -0.85139090
v 0.16450463 -0.05864950 -0.85611349
v 0.16978914 -0.05949876 -0.86851031
v 0.17433476 -0.06006494 -0.87677485
v 0.17738412 -0.06010538 -0.87736517
v 0.18068013 -0.06022670 -0.87913615
v 0.18386453 -0.06030759 -0.88031679
v 0.18730746 -0.06046935 -0.88267809
v 0.19114788 -0.06075244 -0.88681036
v -0.03304344 -0.06766044 -0.94171053
v -0.02974654 -0.06732113 -0.93698794
v -0.02654825 -0.06715148 -0.93462664
v -0.02342494 -0.06715148 -0.93462664
v -0.02032723 -0.06723630 -0.93580729
v -0.01723251 -0.06736355 -0.93757826
v -0.01422362 -0.06795734 -0.94584280
v 0.01355783 -0.06477630 -0.90156847
v 0.01636450 -0.06397043 -0.89035231
v 0.01922450 -0.06358871 -0.88503939
v 0.02207855 -0.06329181 -0.88090712
v 0.02493849 -0.06307974 -0.87795550
v 0.02781624 -0.06295250 -0.87618452
v 0.03068210 -0.06282526 -0.87441355
v 0.03355884 -0.06274043 -0.87323290
v 0.03645232 -0.06269801 -0.87264258
v 0.03936854 -0.06269801 -0.87264258
v 0.04228470 -0.06269801 -0.87264258
v 0.04520090 -0.06269801 -0.87264258
v 0.04808456 -0.06265561 -0.87205225
v 0.04844406 -0.05951697 -0.82836825
v 0.05039112 -0.05856267 -0.81508595
v 0.05269181 -0.05809611 -0.80859238
v 0.05509068 -0.05777800 -0.80416495
v 0.05752352 -0.05752352 -0.80062300
v 0.05995491 -0.05729024 -0.79737622
v 0.06241097 -0.05709938 -0.79471976
v 0.06484926 -0.05690852 -0.79206330
v 0.06734523 -0.05678128 -0.79029232
v 0.06980326 -0.05663283 -0.78822619
v 0.07232887 -0.05654800 -0.78704554
v 0.07490277 -0.05650559 -0.78645521
v 0.07744362 -0.05644197 -0.78556973
v 0.08003877 -0.05642076 -0.78527457
v 0.08263192 -0.05639955 -0.78497940
v 0.08522309 -0.05637835 -0.78468424
v 0.08784532 -0.05637835 -0.78468424
v 0.09053566 -0.05642076 -0.78527457
v 0.09322991 -0.05646317 -0.78586489
v 0.09596409 -0.05652680 -0.78675038
v 0.09877822 -0.05663283 -0.78822619
v 0.10160216 -0.05673886 -0.78970200
v 0.10443599 -0.05684490 -0.79117781
v 0.10727968 -0.05695094 -0.79265362
v 0.11017417 -0.05707818 -0.79442459
v 0.11299666 -0.05716300 -0.79560524
v 0.11586990 -0.05726904 -0.79708105
v 0.11875309 -0.05737508 -0.79855686
v 0.12160122 -0.05745990 -0.79973751
v 0.12441134 -0.05752352 -0.80062300
v 0.12727426 -0.05760835 -0.80180365
v 0.13014507 -0.05769318 -0.80298430
v 0.13292614 -0.05773559 -0.80357462
v 0.13586058 -0.05784163 -0.80505043
v 0.13895728 -0.05801129 -0.80741173
v 0.14222510 -0.05824456 -0.81065851
v 0.14767824 -0.05934732 -0.82600695
v 0.15280391 -0.06028043 -0.83899409
v 0.15626457 -0.06053491 -0.84253603
v 0.15974890 -0.06078939 -0.84607798
v 0.16337030 -0.06108629 -0.85021025
v 0.16713482 -0.06142560 -0.85493284
v 0.17351313 -0.06269801 -0.87264258
v 0.17702606 -0.06291009 -0.87559420
v 0.18031615 -0.06303733 -0.87736517
v 0.18374124 -0.06320699 -0.87972647
v 0.18705691 -0.06333423 -0.88149744
v 0.19063891 -0.06354630 -0.88444906
v -0.03300202 -0.07071867 -0.94052988
v -0.02970906 -0.07036358 -0.93580729
v -0.02653148 -0.07023042 -0.93403631
v -0.02339535 -0.07018603 -0.93344599
v -0.02028876 -0.07023042 -0.93403631
v -0.01718911 -0.07031919 -0.93521696
v -0.01418812 -0.07094061 -0.94348150
v 0.01354007 -0.06770039 -0.90038782
v 0.01632110 -0.06676826 -0.88799101
v 0.01916038 -0.06632440 -0.88208777
v 0.02201937 -0.06605808 -0.87854582
v 0.02487142 -0.06583614 -0.87559420
v 0.02772254 -0.06565860 -0.87323290
v 0.03057853 -0.06552543 -0.87146193
v 0.03346809 -0.06548105 -0.87087160
v 0.03632902 -0.06539228 -0.86969095
v 0.03923538 -0.06539228 -0.86969095
v 0.04214168 -0.06539228 -0.86969095
v 0.04504801 -0.06539228 -0.86969095
v 0.04785671 -0.06525911 -0.86791998
v 0.04802978 -0.06175258 -0.82128435
v 0.05015389 -0.06099800 -0.81124884
v 0.05246100 -0.06053194 -0.80505043
v 0.05484803 -0.06019904 -0.80062300
v 0.05729024 -0.05995491 -0.79737622
v 0.05975517 -0.05975517 -0.79471976
v 0.06222552 -0.05957763 -0.79235846
v 0.06468010 -0.05940008 -0.78999716
v 0.06716917 -0.05926692 -0.78822619
v 0.06967256 -0.05915595 -0.78675038
v 0.07222036 -0.05908937 -0.78586489
v 0.07479032 -0.05904499 -0.78527457
v 0.07735633 -0.05900060 -0.78468424
v 0.07994852 -0.05897841 -0.78438908
v 0.08256979 -0.05897841 -0.78438908
v 0.08515897 -0.05895621 -0.78409392
v 0.08781227 -0.05897841 -0.78438908
v 0.09050162 -0.05902279 -0.78497940
v 0.09319489 -0.05906718 -0.78556973
v 0.09589209 -0.05911157 -0.78616005
v 0.09870424 -0.05922253 -0.78763586
v 0.10152622 -0.05933350 -0.78911167
v 0.10431910 -0.05942227 -0.79029232
v 0.10715984 -0.05953324 -0.79176813
v 0.11001043 -0.05964421 -0.79324394
v 0.11282898 -0.05973298 -0.79442459
v 0.11569827 -0.05984395 -0.79590040
v 0.11853363 -0.05993272 -0.79708105
v 0.12142170 -0.06004369 -0.79855686
v 0.12422787 -0.06011027 -0.79944235
v 0.12713371 -0.06022123 -0.80091816
v 0.12995373 -0.06028781 -0.80180365
v 0.13273083 -0.06033220 -0.80239397
v 0.13566133 -0.06044317 -0.80386978
v 0.13870329 -0.06059852 -0.80593592
v 0.14191440 -0.06082045 -0.80888754
v 0.14672837 -0.06170819 -0.82069403
v 0.15215881 -0.06281786 -0.83545214
v 0.15560764 -0.06308417 -0.83899409
v 0.15896870 -0.06330610 -0.84194571
v 0.16246285 -0.06357242 -0.84548765
v 0.16598076 -0.06383874 -0.84902960
v 0.17069605 -0.06454893 -0.85847479
v 0.17654866 -0.06565860 -0.87323290
v 0.18007350 -0.06588053 -0.87618452
v 0.18349466 -0.06605808 -0.87854582
v 0.18680638 -0.06619123 -0.88031679
v 0.19038443 -0.06641317 -0.88326842
v 0.19501592 -0.06699020 -0.89094263
v -0.03300202 -0.07386173 -0.94052988
v -0.02969032 -0.07344449 -0.93521696
v -0.02649794 -0.07325906 -0.93285567
v -0.02335097 -0.07316634 -0.93167502
v -0.02023747 -0.07316634 -0.93167502
v -0.01715656 -0.07330542 -0.93344599
v -0.01413485 -0.07381537 -0.93993956
v 0.01349568 -0.07047750 -0.89743620
v 0.01627770 -0.06955031 -0.88562971
v 0.01910909 -0.06908672 -0.87972647
v 0.02196019 -0.06880856 -0.87618452
v 0.02478758 -0.06853040 -0.87264258
v 0.02764757 -0.06839132 -0.87087160
v 0.03049568 -0.06825224 -0.86910063
v 0.03335466 -0.06815953 -0.86791998
v 0.03623039 -0.06811317 -0.86732966
v 0.03910222 -0.06806681 -0.86673933
v 0.04199865 -0.06806681 -0.86673933
v 0.04489512 -0.06806681 -0.86673933
v 0.04762886 -0.06783501 -0.86378771
v 0.04780538 -0.06419580 -0.81744725
v 0.04991667 -0.06340769 -0.80741173
v 0.05223019 -0.06294410 -0.80150849
v 0.05464583 -0.06264276 -0.79767138
v 0.05712059 -0.06243414 -0.79501492
v 0.05957763 -0.06222552 -0.79235846
v 0.06206327 -0.06206327 -0.79029232
v 0.06453510 -0.06190101 -0.78822619
v 0.06701826 -0.06176193 -0.78645521
v 0.06954187 -0.06166922 -0.78527457
v 0.07205762 -0.06157649 -0.78409392
v 0.07464976 -0.06155332 -0.78379875
v 0.07723993 -0.06153014 -0.78350359
v 0.07985827 -0.06153014 -0.78350359
v 0.08247658 -0.06153014 -0.78350359
v 0.08509485 -0.06153014 -0.78350359
v 0.08774619 -0.06155332 -0.78379875
v 0.09039953 -0.06157649 -0.78409392
v 0.09308984 -0.06162285 -0.78468424
v 0.09582008 -0.06169239 -0.78556973
v 0.09859327 -0.06178511 -0.78675038
v 0.10141228 -0.06190101 -0.78822619
v 0.10420222 -0.06199373 -0.78940684
v 0.10700005 -0.06208645 -0.79058748
v 0.10984670 -0.06220235 -0.79206330
v 0.11266129 -0.06229506 -0.79324394
v 0.11552664 -0.06241097 -0.79471976
v 0.11840194 -0.06252686 -0.79619557
v 0.12124219 -0.06261958 -0.79737622
v 0.12409027 -0.06271230 -0.79855686
v 0.12694629 -0.06280502 -0.79973751
v 0.12981020 -0.06289774 -0.80091816
v 0.13258436 -0.06294410 -0.80150849
v 0.13546209 -0.06303681 -0.80268914
v 0.13855089 -0.06322225 -0.80505043
v 0.14165547 -0.06340769 -0.80741173
v 0.14635897 -0.06428852 -0.81862789
v 0.15162124 -0.06537797 -0.83250052
v 0.15506022 -0.06565612 -0.83604246
v 0.15841140 -0.06588792 -0.83899409
v 0.16166881 -0.06607335 -0.84135538
v 0.16517293 -0.06635151 -0.84489733
v 0.16893537 -0.06672239 -0.84961993
v 0.17416164 -0.06764957 -0.86142641
v 0.17970954 -0.06866948 -0.87441355
v 0.18312478 -0.06885492 -0.87677485
v 0.18655585 -0.06904036 -0.87913615
v 0.19012995 -0.06927215 -0.88208777
v 0.19436984 -0.06973574 -0.88799101
v -0.03300202 -0.07700479 -0.94052988
v -0.02967158 -0.07652146 -0.93462664
v -0.02646441 -0.07627981 -0.93167502
v -0.02330658 -0.07613481 -0.92990404
v -0.02019901 -0.07613481 -0.92990404
v -0.01710231 -0.07618314 -0.93049437
v -0.01404608 -0.07647313 -0.93403631
v 0.01346018 -0.07328321 -0.89507490
v 0.01623430 -0.07231657 -0.88326842
v 0.01904498 -0.07178492 -0.87677485
v 0.02188621 -0.07149493 -0.87323290
v 0.02472050 -0.07125326 -0.87028128
v 0.02755387 -0.07105993 -0.86791998
v 0.03039211 -0.07091494 -0.86614901
v 0.03324123 -0.07081828 -0.86496836
v 0.03610709 -0.07076994 -0.86437804
v 0.03896906 -0.07072161 -0.86378771
v 0.04185563 -0.07072161 -0.86378771
v 0.04474223 -0.07072161 -0.86378771
v 0.04733591 -0.07028662 -0.85847479
v 0.04746015 -0.06644422 -0.81154400
v 0.04969770 -0.06581590 -0.80386978
v 0.05203785 -0.06538092 -0.79855686
v 0.05448406 -0.06511509 -0.79531008
v 0.05695094 -0.06489759 -0.79265362
v 0.05942227 -0.06470426 -0.79029232
v 0.06190101 -0.06453510 -0.78822619
v 0.06436594 -0.06436594 -0.78616005
v 0.06686734 -0.06424511 -0.78468424
v 0.06938504 -0.06414844 -0.78350359
v 0.07192199 -0.06407595 -0.78261811
v 0.07450920 -0.06405178 -0.78232294
v 0.07709444 -0.06402761 -0.78202778
v 0.07970785 -0.06402761 -0.78202778
v 0.08232122 -0.06402761 -0.78202778
v 0.08493457 -0.06402761 -0.78202778
v 0.08761401 -0.06407595 -0.78261811
v 0.09026342 -0.06410012 -0.78291327
v 0.09298480 -0.06417261 -0.78379875
v 0.09564006 -0.06419677 -0.78409392
v 0.09844531 -0.06431761 -0.78556973
v 0.10122240 -0.06441427 -0.78675038
v 0.10400741 -0.06451093 -0.78793103
v 0.10680031 -0.06460760 -0.78911167
v 0.10964203 -0.06472842 -0.79058748
v 0.11249361 -0.06484926 -0.79206330
v 0.11531210 -0.06494592 -0.79324394
v 0.11818247 -0.06506675 -0.79471976
v 0.12106267 -0.06518758 -0.79619557
v 0.12390681 -0.06528424 -0.79737622
v 0.12680574 -0.06540508 -0.79885203
v 0.12961885 -0.06547757 -0.79973751
v 0.13243788 -0.06555007 -0.80062300
v 0.13531265 -0.06564674 -0.80180365
v 0.13834770 -0.06581590 -0.80386978
v 0.14150013 -0.06603339 -0.80652624
v 0.14635897 -0.06702420 -0.81862789
v 0.15129870 -0.06801501 -0.83072954
v 0.15462226 -0.06825668 -0.83368117
v 0.15785410 -0.06845000 -0.83604246
v 0.16121510 -0.06869166 -0.83899409
v 0.16448051 -0.06888499 -0.84135538
v 0.16799636 -0.06917498 -0.84489733
v 0.17189398 -0.06960997 -0.85021025
v 0.17801100 -0.07091494 -0.86614901
v 0.18263160 -0.07159159 -0.87441355
v 0.18605477 -0.07178492 -0.87677485
v 0.18974823 -0.07207491 -0.88031679
v 0.19398220 -0.07255823 -0.88622004
v -0.02967158 -0.07964476 -0.93462664
v -0.02643087 -0.07929263 -0.93049437
v -0.02327699 -0.07914171 -0.92872339
v -0.02014771 -0.07904111 -0.92754275
v -0.01705891 -0.07909141 -0.92813307
v -0.01400169 -0.07934294 -0.93108469
v -0.01098686 -0.08004721 -0.93934923
v 0.01342467 -0.07607312 -0.89271361
v 0.01618005 -0.07501672 -0.88031679
v 0.01899369 -0.07451367 -0.87441355
v 0.02181223 -0.07416154 -0.87028128
v 0.02463666 -0.07391001 -0.86732966
v 0.02746016 -0.07370880 -0.86496836
v 0.03028854 -0.07355788 -0.86319739
v 0.03312780 -0.07345727 -0.86201674
v 0.03598379 -0.07340697 -0.86142641
v 0.03883590 -0.07335666 -0.86083609
v 0.04171261 -0.07335666 -0.86083609
v 0.04458934 -0.07335666 -0.86083609
v 0.04671745 -0.07219965 -0.84725863
v 0.04721849 -0.06880407 -0.80741173
v 0.04951522 -0.06825072 -0.80091816
v 0.05188398 -0.06784828 -0.79619557
v 0.05432229 -0.06757161 -0.79294878
v 0.05680249 -0.06737038 -0.79058748
v 0.05928911 -0.06719432 -0.78852135
v 0.06176193 -0.06701826 -0.78645521
v 0.06424511 -0.06686734 -0.78468424
v 0.06674158 -0.06674158 -0.78320843
v 0.06928048 -0.06666612 -0.78232294
v 0.07181349 -0.06659066 -0.78143746
v 0.07439676 -0.06656551 -0.78114229
v 0.07697806 -0.06654035 -0.78084713
v 0.07958750 -0.06654035 -0.78084713
v 0.08219694 -0.06654035 -0.78084713
v 0.08483840 -0.06656551 -0.78114229
v 0.08748184 -0.06659066 -0.78143746
v 0.09016132 -0.06664097 -0.78202778
v 0.09284473 -0.06669127 -0.78261811
v 0.09553207 -0.06674158 -0.78320843
v 0.09829737 -0.06684218 -0.78438908
v 0.10107051 -0.06694280 -0.78556973
v 0.10389053 -0.06706855 -0.78704554
v 0.10664052 -0.06714401 -0.78793103
v 0.10943736 -0.06724463 -0.78911167
v 0.11228400 -0.06737038 -0.79058748
v 0.11518338 -0.06752130 -0.79235846
v 0.11805079 -0.06764706 -0.79383427
v 0.12092803 -0.06777282 -0.79531008
v 0.12376921 -0.06787343 -0.79649073
v 0.12666517 -0.06799919 -0.79796654
v 0.12952317 -0.06809980 -0.79914719
v 0.13234024 -0.06817526 -0.80003268
v 0.13521302 -0.06827588 -0.80121332
v 0.13824610 -0.06845194 -0.80327946
v 0.14150013 -0.06872862 -0.80652624
v 0.14635897 -0.06975987 -0.81862789
v 0.15086864 -0.07058989 -0.82836825
v 0.15429381 -0.07089172 -0.83191019
v 0.15751971 -0.07109294 -0.83427149
v 0.16076136 -0.07129417 -0.83663279
v 0.16401888 -0.07149538 -0.83899409
v 0.16729209 -0.07169660 -0.84135538
v 0.17093918 -0.07204873 -0.84548765
v 0.17522056 -0.07265239 -0.85257155
v 0.18127534 -0.07396032 -0.86791998
v 0.18555368 -0.07451367 -0.87441355
v 0.18923925 -0.07481550 -0.87795550
v 0.19359457 -0.07536885 -0.88444906
v -0.02969032 -0.08282037 -0.93521696
v -0.02643087 -0.08240215 -0.93049437
v -0.02326219 -0.08219305 -0.92813307
v -0.02013489 -0.08208849 -0.92695242
v -0.01703721 -0.08208849 -0.92695242
v -0.01396618 -0.08224533 -0.92872339
v -0.01090401 -0.08255899 -0.93226534
v 0.01340691 -0.07895184 -0.89153296
v 0.01612580 -0.07769717 -0.87736517
v 0.01892957 -0.07717440 -0.87146193
v 0.02175305 -0.07686073 -0.86791998
v 0.02455282 -0.07654706 -0.86437804
v 0.02736646 -0.07633796 -0.86201674
v 0.03018497 -0.07618112 -0.86024576
v 0.03301436 -0.07607657 -0.85906512
v 0.03586050 -0.07602429 -0.85847479
v 0.03872937 -0.07602429 -0.85847479
v 0.04159819 -0.07602429 -0.85847479
v 0.04443646 -0.07597201 -0.85788447
v 0.04564330 -0.07330585 -0.82777792
v 0.04702862 -0.07121475 -0.80416495
v 0.04936924 -0.07071811 -0.79855686
v 0.05176857 -0.07035217 -0.79442459
v 0.05422119 -0.07009078 -0.79147297
v 0.05669645 -0.06988167 -0.78911167
v 0.05917815 -0.06969870 -0.78704554
v 0.06164603 -0.06951573 -0.78497940
v 0.06412428 -0.06935890 -0.78320843
v 0.06664097 -0.06925434 -0.78202778
v 0.06914978 -0.06914978 -0.78084713
v 0.07170499 -0.06909751 -0.78025681
v 0.07428432 -0.06907137 -0.77996165
v 0.07686166 -0.06904523 -0.77966648
v 0.07949726 -0.06907137 -0.77996165
v 0.08213480 -0.06909751 -0.78025681
v 0.08474223 -0.06909751 -0.78025681
v 0.08738271 -0.06912365 -0.78055197
v 0.09005923 -0.06917592 -0.78114229
v 0.09273969 -0.06922820 -0.78173262
v 0.09542406 -0.06928048 -0.78232294
v 0.09818640 -0.06938504 -0.78350359
v 0.10095658 -0.06948959 -0.78468424
v 0.10373468 -0.06959414 -0.78586489
v 0.10652067 -0.06969870 -0.78704554
v 0.10931455 -0.06980326 -0.78822619
v 0.11211633 -0.06990781 -0.78940684
v 0.11501175 -0.07006465 -0.79117781
v 0.11787523 -0.07019534 -0.79265362
v 0.12074850 -0.07032603 -0.79412943
v 0.12363161 -0.07045673 -0.79560524
v 0.12652461 -0.07058742 -0.79708105
v 0.12942749 -0.07071811 -0.79855686
v 0.13224259 -0.07079653 -0.79944235
v 0.13511340 -0.07090109 -0.80062300
v 0.13819531 -0.07111020 -0.80298430
v 0.14150013 -0.07142386 -0.80652624
v 0.14625342 -0.07244328 -0.81803757
v 0.15043858 -0.07314903 -0.82600695
v 0.15385586 -0.07346269 -0.82954890
v 0.15707387 -0.07367180 -0.83191019
v 0.16030763 -0.07388090 -0.83427149
v 0.16355726 -0.07409002 -0.83663279
v 0.16682258 -0.07429913 -0.83899409
v 0.17034242 -0.07461280 -0.84253603
v 0.17400733 -0.07497874 -0.84666830
v 0.17856281 -0.07571062 -0.85493284
v 0.18405047 -0.07680845 -0.86732966
v 0.18847580 -0.07743578 -0.87441355
v 0.19307771 -0.07811540 -0.88208777
v -0.02972780 -0.08605421 -0.93639761
v -0.02641410 -0.08545746 -0.92990404
v -0.02324740 -0.08524045 -0.92754275
v -0.02012207 -0.08513195 -0.92636210
v -0.01701551 -0.08507770 -0.92577177
v -0.01393067 -0.08513195 -0.92636210
v -0.01086258 -0.08534895 -0.92872339
v -0.00781323 -0.08594570 -0.93521696
v 0.01338028 -0.08176843 -0.88976198
v 0.01607155 -0.08035792 -0.87441355
v 0.01886546 -0.07981542 -0.86851031
v 0.02167907 -0.07948992 -0.86496836
v 0.02446898 -0.07916442 -0.86142641
v 0.02727275 -0.07894741 -0.85906512
v 0.03010212 -0.07883891 -0.85788447
v 0.03292362 -0.07873041 -0.85670382
v 0.03573720 -0.07862191 -0.85552317
v 0.03859621 -0.07862191 -0.85552317
v 0.04145516 -0.07862191 -0.85552317
v 0.04428357 -0.07856766 -0.85493284
v 0.04505739 -0.07509564 -0.81715208
v 0.04687326 -0.07365800 -0.80150849
v 0.04924150 -0.07319687 -0.79649073
v 0.05165317 -0.07284425 -0.79265362
v 0.05409987 -0.07257299 -0.78970200
v 0.05659042 -0.07238312 -0.78763586
v 0.05906718 -0.07219324 -0.78556973
v 0.06155332 -0.07203049 -0.78379875
v 0.06402761 -0.07186774 -0.78202778
v 0.06654035 -0.07175924 -0.78084713
v 0.06907137 -0.07167786 -0.77996165
v 0.07159649 -0.07159649 -0.77907616
v 0.07417186 -0.07156936 -0.77878100
v 0.07677437 -0.07156936 -0.77878100
v 0.07940700 -0.07159649 -0.77907616
v 0.08204158 -0.07162362 -0.77937132
v 0.08464605 -0.07162362 -0.77937132
v 0.08728357 -0.07165074 -0.77966648
v 0.08995715 -0.07170499 -0.78025681
v 0.09266965 -0.07178637 -0.78114229
v 0.09535205 -0.07184061 -0.78173262
v 0.09807543 -0.07192199 -0.78261811
v 0.10084266 -0.07203049 -0.78379875
v 0.10361779 -0.07213899 -0.78497940
v 0.10636088 -0.07222036 -0.78586489
v 0.10915082 -0.07232887 -0.78704554
v 0.11199056 -0.07246450 -0.78852135
v 0.11488304 -0.07262725 -0.79029232
v 0.11774354 -0.07276287 -0.79176813
v 0.12061387 -0.07289850 -0.79324394
v 0.12353987 -0.07306125 -0.79501492
v 0.12643091 -0.07319687 -0.79649073
v 0.12933183 -0.07333250 -0.79796654
v 0.13219376 -0.07344100 -0.79914719
v 0.13506359 -0.07354950 -0.80032784
v 0.13814451 -0.07376651 -0.80268914
v 0.14155191 -0.07414626 -0.80682141
v 0.14620066 -0.07514989 -0.81774241
v 0.15011604 -0.07574664 -0.82423598
v 0.15352738 -0.07607214 -0.82777792
v 0.15673949 -0.07628914 -0.83013922
v 0.15996733 -0.07650615 -0.83250052
v 0.16321105 -0.07672315 -0.83486181
v 0.16647044 -0.07694015 -0.83722311
v 0.16986501 -0.07721139 -0.84017473
v 0.17340071 -0.07753690 -0.84371668
v 0.17745315 -0.07807941 -0.84961993
v 0.18229671 -0.07894741 -0.85906512
v 0.18733062 -0.07986967 -0.86910063
v 0.19230242 -0.08073767 -0.87854582
v -0.02639733 -0.08850875 -0.92931372
v -0.02323260 -0.08828385 -0.92695242
v -0.02009642 -0.08811519 -0.92518145
v -0.01699381 -0.08805897 -0.92459112
v -0.01390404 -0.08805897 -0.92459112
v -0.01082806 -0.08817142 -0.92577177
v -0.00776884 -0.08856497 -0.92990404
v 0.01336252 -0.08462936 -0.88858134
v 0.01602815 -0.08305511 -0.87205225
v 0.01881417 -0.08249288 -0.86614901
v 0.02160509 -0.08209932 -0.86201674
v 0.02440191 -0.08181820 -0.85906512
v 0.02719779 -0.08159331 -0.85670382
v 0.02999855 -0.08142464 -0.85493284
v 0.03281019 -0.08131219 -0.85375220
v 0.03563856 -0.08125597 -0.85316187
v 0.03846305 -0.08119975 -0.85257155
v 0.04131214 -0.08119975 -0.85257155
v 0.04410011 -0.08108731 -0.85139090
v 0.04474816 -0.07729225 -0.81154400
v 0.04673517 -0.07611156 -0.79914719
v 0.04911377 -0.07566178 -0.79442459
v 0.05151853 -0.07529633 -0.79058748
v 0.05399876 -0.07507144 -0.78822619
v 0.05648438 -0.07487465 -0.78616005
v 0.05895621 -0.07467788 -0.78409392
v 0.06143742 -0.07450920 -0.78232294
v 0.06390678 -0.07434054 -0.78055197
v 0.06641459 -0.07422809 -0.77937132
v 0.06894068 -0.07414375 -0.77848583
v 0.07148799 -0.07408753 -0.77789551
v 0.07408753 -0.07408753 -0.77789551
v 0.07665798 -0.07405942 -0.77760035
v 0.07928666 -0.07408753 -0.77789551
v 0.08191730 -0.07411564 -0.77819067
v 0.08451784 -0.07411564 -0.77819067
v 0.08718444 -0.07417186 -0.77878100
v 0.08985505 -0.07422809 -0.77937132
v 0.09252959 -0.07428432 -0.77996165
v 0.09524404 -0.07436865 -0.78084713
v 0.09800145 -0.07448109 -0.78202778
v 0.10072873 -0.07456543 -0.78291327
v 0.10350091 -0.07467788 -0.78409392
v 0.10624103 -0.07476221 -0.78497940
v 0.10902801 -0.07487465 -0.78616005
v 0.11186480 -0.07501521 -0.78763586
v 0.11471141 -0.07515577 -0.78911167
v 0.11761186 -0.07532444 -0.79088265
v 0.12052411 -0.07549310 -0.79265362
v 0.12340228 -0.07563367 -0.79412943
v 0.12633722 -0.07580233 -0.79590040
v 0.12923615 -0.07594289 -0.79737622
v 0.13209611 -0.07605534 -0.79855686
v 0.13501379 -0.07619590 -0.80003268
v 0.13809371 -0.07642079 -0.80239397
v 0.14160369 -0.07687058 -0.80711657
v 0.14604235 -0.07779825 -0.81685692
v 0.14990102 -0.07838859 -0.82305533
v 0.15319893 -0.07866972 -0.82600695
v 0.15651657 -0.07895083 -0.82895857
v 0.15974048 -0.07917572 -0.83131987
v 0.16286482 -0.07934438 -0.83309084
v 0.16611831 -0.07956928 -0.83545214
v 0.16938761 -0.07979418 -0.83781344
v 0.17291541 -0.08013151 -0.84135538
v 0.17683665 -0.08063751 -0.84666830
v 0.18129456 -0.08136842 -0.85434252
v 0.18618545 -0.08226798 -0.86378771
v 0.19126871 -0.08322378 -0.87382323
v -0.02651471 -0.09202167 -0.93344599
v -0.02323260 -0.09138152 -0.92695242
v -0.02009642 -0.09120693 -0.92518145
v -0.01697211 -0.09103233 -0.92341048
v -0.01387741 -0.09097414 -0.92282015
v -0.01079353 -0.09097414 -0.92282015
v -0.00771952 -0.09109054 -0.92400080
v -0.00464946 -0.09143971 -0.92754275
v 0.01334477 -0.08748240 -0.88740069
v 0.01597390 -0.08567832 -0.86910063
v 0.01875005 -0.08509637 -0.86319739
v 0.02154591 -0.08474720 -0.85965544
v 0.02431807 -0.08439802 -0.85611349
v 0.02712282 -0.08422343 -0.85434252
v 0.02991569 -0.08404884 -0.85257155
v 0.03269675 -0.08387426 -0.85080057
v 0.03551527 -0.08381606 -0.85021025
v 0.03832989 -0.08375787 -0.84961993
v 0.04114052 -0.08369967 -0.84902960
v 0.04391664 -0.08358327 -0.84784895
v 0.04458541 -0.07971326 -0.80859238
v 0.04661434 -0.07857844 -0.79708105
v 0.04900428 -0.07814196 -0.79265362
v 0.05144159 -0.07782189 -0.78940684
v 0.05389766 -0.07756002 -0.78675038
v 0.05639955 -0.07738543 -0.78497940
v 0.05888963 -0.07721084 -0.78320843
v 0.06134470 -0.07700715 -0.78114229
v 0.06383429 -0.07686166 -0.77966648
v 0.06633914 -0.07674527 -0.77848583
v 0.06886226 -0.07665798 -0.77760035
v 0.07140661 -0.07659978 -0.77701002
v 0.07397509 -0.07657068 -0.77671486
v 0.07657068 -0.07657068 -0.77671486
v 0.07919641 -0.07659978 -0.77701002
v 0.08179302 -0.07659978 -0.77701002
v 0.08445372 -0.07665798 -0.77760035
v 0.08708531 -0.07668708 -0.77789551
v 0.08975296 -0.07674527 -0.77848583
v 0.09245955 -0.07683256 -0.77937132
v 0.09513603 -0.07689076 -0.77996165
v 0.09789049 -0.07700715 -0.78114229
v 0.10061480 -0.07709444 -0.78202778
v 0.10338403 -0.07721084 -0.78320843
v 0.10612119 -0.07729813 -0.78409392
v 0.10890520 -0.07741452 -0.78527457
v 0.11169712 -0.07753092 -0.78645521
v 0.11458268 -0.07770550 -0.78822619
v 0.11748019 -0.07788009 -0.78999716
v 0.12038947 -0.07805467 -0.79176813
v 0.12326469 -0.07820017 -0.79324394
v 0.12619665 -0.07837475 -0.79501492
v 0.12914047 -0.07854934 -0.79678589
v 0.13199846 -0.07866573 -0.79796654
v 0.13496397 -0.07884032 -0.79973751
v 0.13809371 -0.07910220 -0.80239397
v 0.14170726 -0.07962596 -0.80770689
v 0.14598958 -0.08049890 -0.81656176
v 0.14957847 -0.08096447 -0.82128435
v 0.15297996 -0.08131364 -0.82482630
v 0.15629366 -0.08160462 -0.82777792
v 0.15940017 -0.08177920 -0.82954890
v 0.16263402 -0.08201199 -0.83191019
v 0.16588356 -0.08224478 -0.83427149
v 0.16914892 -0.08247756 -0.83663279
v 0.17267276 -0.08282673 -0.84017473
v 0.17646676 -0.08329230 -0.84489733
v 0.18079348 -0.08399064 -0.85198122
v 0.18542200 -0.08480539 -0.86024576
v 0.19049342 -0.08579472 -0.87028128
v -0.02324740 -0.09453940 -0.92754275
v -0.02008360 -0.09423855 -0.92459112
v -0.01696126 -0.09405804 -0.92282015
v -0.01385078 -0.09387754 -0.92104918
v -0.01077282 -0.09387754 -0.92104918
v -0.00769486 -0.09387754 -0.92104918
v -0.00461987 -0.09393771 -0.92163950
v -0.00154292 -0.09411822 -0.92341048
v 0.00154786 -0.09441905 -0.92636210
v 0.01331814 -0.09026743 -0.88562971
v 0.01590880 -0.08822169 -0.86555868
v 0.01868594 -0.08768018 -0.86024576
v 0.02147193 -0.08731917 -0.85670382
v 0.02423422 -0.08695816 -0.85316187
v 0.02702912 -0.08677765 -0.85139090
v 0.02981213 -0.08659714 -0.84961993
v 0.03258332 -0.08641664 -0.84784895
v 0.03536731 -0.08629630 -0.84666830
v 0.03819673 -0.08629630 -0.84666830
v 0.04099749 -0.08623613 -0.84607798
v 0.04373317 -0.08605563 -0.84430701
v 0.04442266 -0.08211458 -0.80564076
v 0.04654529 -0.08112180 -0.79590040
v 0.04893129 -0.08067054 -0.79147297
v 0.05136465 -0.08033962 -0.78822619
v 0.05383700 -0.08009894 -0.78586489
v 0.05631473 -0.07988835 -0.78379875
v 0.05880086 -0.07970785 -0.78202778
v 0.06127516 -0.07952734 -0.78025681
v 0.06376179 -0.07937691 -0.77878100
v 0.06626368 -0.07925658 -0.77760035
v 0.06880998 -0.07919641 -0.77701002
v 0.07135236 -0.07913624 -0.77641970
v 0.07391886 -0.07910616 -0.77612454
v 0.07651249 -0.07910616 -0.77612454
v 0.07910616 -0.07910616 -0.77612454
v 0.08173088 -0.07913624 -0.77641970
v 0.08435754 -0.07916632 -0.77671486
v 0.08698618 -0.07919641 -0.77701002
v 0.08965088 -0.07925658 -0.77760035
v 0.09235451 -0.07934683 -0.77848583
v 0.09506403 -0.07943708 -0.77937132
v 0.09777951 -0.07952734 -0.78025681
v 0.10050087 -0.07961759 -0.78114229
v 0.10322818 -0.07970785 -0.78202778
v 0.10600135 -0.07982818 -0.78320843
v 0.10878240 -0.07994852 -0.78438908
v 0.11157136 -0.08006886 -0.78556973
v 0.11445396 -0.08024936 -0.78734070
v 0.11734850 -0.08042987 -0.78911167
v 0.12025482 -0.08061037 -0.79088265
v 0.12317295 -0.08079088 -0.79265362
v 0.12610294 -0.08097138 -0.79442459
v 0.12899694 -0.08112180 -0.79590040
v 0.13194963 -0.08130231 -0.79767138
v 0.13496397 -0.08151291 -0.79973751
v 0.13814451 -0.08181374 -0.80268914
v 0.14186262 -0.08241543 -0.80859238
v 0.14583126 -0.08313745 -0.81567627
v 0.14936344 -0.08358871 -0.82010370
v 0.15265150 -0.08388956 -0.82305533
v 0.15595928 -0.08419041 -0.82600695
v 0.15917329 -0.08443107 -0.82836825
v 0.16240320 -0.08467174 -0.83072954
v 0.16564880 -0.08491242 -0.83309084
v 0.16891022 -0.08515310 -0.83545214
v 0.17243013 -0.08551411 -0.83899409
v 0.17622018 -0.08599546 -0.84371668
v 0.18041766 -0.08665731 -0.85021025
v 0.18491305 -0.08743951 -0.85788447
v 0.18997656 -0.08846237 -0.86791998
v -0.02370606 -0.09956543 -0.94584280
v -0.02010924 -0.09745263 -0.92577177
v -0.01696126 -0.09714191 -0.92282015
v -0.01384190 -0.09689336 -0.92045885
v -0.01075901 -0.09683122 -0.91986853
v -0.00768007 -0.09676907 -0.91927820
v -0.00460803 -0.09676907 -0.91927820
v -0.00153701 -0.09683122 -0.91986853
v 0.00153799 -0.09689336 -0.92045885
v 0.00462283 -0.09707978 -0.92222983
v 0.01330926 -0.09316488 -0.88503939
v 0.01585455 -0.09080350 -0.86260706
v 0.01862183 -0.09024424 -0.85729414
v 0.02139795 -0.08987138 -0.85375220
v 0.02415038 -0.08949854 -0.85021025
v 0.02693541 -0.08931212 -0.84843928
v 0.02970855 -0.08912569 -0.84666830
v 0.03246989 -0.08893926 -0.84489733
v 0.03524401 -0.08881499 -0.84371668
v 0.03803694 -0.08875284 -0.84312636
v 0.04082586 -0.08869070 -0.84253603
v 0.04342740 -0.08825571 -0.83840376
v 0.04419481 -0.08437188 -0.80150849
v 0.04647625 -0.08365726 -0.79471976
v 0.04887655 -0.08322226 -0.79058748
v 0.05130695 -0.08288049 -0.78734070
v 0.05377634 -0.08263192 -0.78497940
v 0.05625111 -0.08241443 -0.78291327
v 0.05871209 -0.08219694 -0.78084713
v 0.06120562 -0.08204158 -0.77937132
v 0.06368929 -0.08188623 -0.77789551
v 0.06618822 -0.08176195 -0.77671486
v 0.06873156 -0.08169980 -0.77612454
v 0.07127099 -0.08163767 -0.77553421
v 0.07383452 -0.08160659 -0.77523905
v 0.07642519 -0.08160659 -0.77523905
v 0.07901590 -0.08160659 -0.77523905
v 0.08163767 -0.08163767 -0.77553421
v 0.08426138 -0.08166873 -0.77582937
v 0.08692010 -0.08173088 -0.77641970
v 0.08958282 -0.08179302 -0.77701002
v 0.09224945 -0.08185516 -0.77760035
v 0.09492002 -0.08191730 -0.77819067
v 0.09766855 -0.08204158 -0.77937132
v 0.10038695 -0.08213480 -0.78025681
v 0.10315026 -0.08225908 -0.78143746
v 0.10588150 -0.08235229 -0.78232294
v 0.10865960 -0.08247658 -0.78350359
v 0.11148752 -0.08263192 -0.78497940
v 0.11432524 -0.08278728 -0.78645521
v 0.11721682 -0.08297370 -0.78822619
v 0.12012019 -0.08316013 -0.78999716
v 0.12303535 -0.08334655 -0.79176813
v 0.12596239 -0.08353297 -0.79353911
v 0.12890126 -0.08371940 -0.79531008
v 0.13185199 -0.08390583 -0.79708105
v 0.13486435 -0.08412331 -0.79914719
v 0.13819531 -0.08452724 -0.80298430
v 0.14196618 -0.08517972 -0.80918270
v 0.14567295 -0.08577006 -0.81479079
v 0.14904089 -0.08614291 -0.81833273
v 0.15243252 -0.08651575 -0.82187468
v 0.15573636 -0.08682647 -0.82482630
v 0.15894642 -0.08707503 -0.82718760
v 0.16217239 -0.08732359 -0.82954890
v 0.16529667 -0.08751002 -0.83131987
v 0.16867152 -0.08782072 -0.83427149
v 0.17218748 -0.08819357 -0.83781344
v 0.17597359 -0.08869070 -0.84253603
v 0.18016712 -0.08937425 -0.84902960
v 0.18465856 -0.09018210 -0.85670382
v 0.18958890 -0.09117636 -0.86614901
v 0.19589427 -0.09279203 -0.88149744
v -0.02035288 -0.10176450 -0.93698794
v -0.01698296 -0.10035399 -0.92400080
v -0.01385078 -0.10003342 -0.92104918
v -0.01075901 -0.09990520 -0.91986853
v -0.00768007 -0.09984108 -0.91927820
v -0.00460507 -0.09977697 -0.91868788
v -0.00153503 -0.09977697 -0.91868788
v 0.00153405 -0.09971286 -0.91809756
v 0.00460211 -0.09971286 -0.91809756
v 0.00768007 -0.09984108 -0.91927820
v 0.01075901 -0.09990520 -0.91986853
v 0.01334477 -0.09637892 -0.88740069
v 0.01576775 -0.09317323 -0.85788447
v 0.01854489 -0.09272443 -0.85375220
v 0.02130918 -0.09233974 -0.85021025
v 0.02404977 -0.09195506 -0.84666830
v 0.02682297 -0.09176272 -0.84489733
v 0.02956356 -0.09150627 -0.84253603
v 0.03233377 -0.09137803 -0.84135538
v 0.03509606 -0.09124981 -0.84017473
v 0.03787714 -0.09118569 -0.83958441
v 0.04062563 -0.09105746 -0.83840376
v 0.04302989 -0.09022398 -0.83072954
v 0.04403206 -0.08672976 -0.79855686
v 0.04637268 -0.08612068 -0.79294878
v 0.04878530 -0.08570394 -0.78911167
v 0.05121078 -0.08535131 -0.78586489
v 0.05367523 -0.08509485 -0.78350359
v 0.05616628 -0.08490251 -0.78173262
v 0.05864551 -0.08471017 -0.77996165
v 0.06111290 -0.08451784 -0.77819067
v 0.06361679 -0.08438960 -0.77701002
v 0.06611276 -0.08426138 -0.77582937
v 0.06865315 -0.08419726 -0.77523905
v 0.07118961 -0.08413314 -0.77464873
v 0.07377830 -0.08413314 -0.77464873
v 0.07633790 -0.08410109 -0.77435356
v 0.07895573 -0.08413314 -0.77464873
v 0.08154446 -0.08413314 -0.77464873
v 0.08416520 -0.08416520 -0.77494389
v 0.08682097 -0.08422932 -0.77553421
v 0.08948073 -0.08429343 -0.77612454
v 0.09217943 -0.08438960 -0.77701002
v 0.09484801 -0.08445372 -0.77760035
v 0.09755758 -0.08454989 -0.77848583
v 0.10027303 -0.08464605 -0.77937132
v 0.10303337 -0.08477429 -0.78055197
v 0.10576165 -0.08487046 -0.78143746
v 0.10853680 -0.08499869 -0.78261811
v 0.11136175 -0.08515897 -0.78409392
v 0.11423942 -0.08535131 -0.78586489
v 0.11712904 -0.08554366 -0.78763586
v 0.11998555 -0.08570394 -0.78911167
v 0.12289774 -0.08589628 -0.79088265
v 0.12582183 -0.08608862 -0.79265362
v 0.12875775 -0.08628097 -0.79442459
v 0.13175434 -0.08650537 -0.79649073
v 0.13481453 -0.08676182 -0.79885203
v 0.13824610 -0.08724268 -0.80327946
v 0.14201796 -0.08791588 -0.80947787
v 0.14551464 -0.08839673 -0.81390530
v 0.14882587 -0.08874936 -0.81715208
v 0.15210406 -0.08906993 -0.82010370
v 0.15540197 -0.08939049 -0.82305533
v 0.15871957 -0.08971107 -0.82600695
v 0.16194160 -0.08996753 -0.82836825
v 0.16517928 -0.09022398 -0.83072954
v 0.16855218 -0.09054455 -0.83368117
v 0.17206614 -0.09092923 -0.83722311
v 0.17585030 -0.09144215 -0.84194571
v 0.17991661 -0.09208328 -0.84784895
v 0.18440408 -0.09291677 -0.85552317
v 0.18920128 -0.09387848 -0.86437804
v 0.19484478 -0.09522488 -0.87677485
v -0.01717826 -0.10463135 -0.93462664
v -0.01386853 -0.10324353 -0.92222983
v -0.01075901 -0.10297918 -0.91986853
v -0.00768007 -0.10291309 -0.91927820
v -0.00460211 -0.10278092 -0.91809756
v -0.00153306 -0.10271484 -0.91750723
v 0.00153306 -0.10271484 -0.91750723
v 0.00459619 -0.10264874 -0.91691691
v 0.00766034 -0.10264874 -0.91691691
v 0.01073139 -0.10271484 -0.91750723
v 0.01345130 -0.10013745 -0.89448458
v 0.01570265 -0.09564355 -0.85434252
v 0.01846795 -0.09518094 -0.85021025
v 0.02122041 -0.09478442 -0.84666830
v 0.02394916 -0.09438790 -0.84312636
v 0.02669178 -0.09412356 -0.84076506
v 0.02943928 -0.09392530 -0.83899409
v 0.03219765 -0.09379312 -0.83781344
v 0.03494811 -0.09366095 -0.83663279
v 0.03771735 -0.09359486 -0.83604246
v 0.04048261 -0.09352878 -0.83545214
v 0.04238776 -0.09161226 -0.81833273
v 0.04390186 -0.08913400 -0.79619557
v 0.04628637 -0.08860531 -0.79147297
v 0.04871232 -0.08820879 -0.78793103
v 0.05113384 -0.08784532 -0.78468424
v 0.05361457 -0.08761401 -0.78261811
v 0.05608145 -0.08738271 -0.78055197
v 0.05857893 -0.08721749 -0.77907616
v 0.06104336 -0.08701923 -0.77730519
v 0.06356846 -0.08692010 -0.77641970
v 0.06606246 -0.08678793 -0.77523905
v 0.06857473 -0.08668880 -0.77435356
v 0.07113536 -0.08665575 -0.77405840
v 0.07369397 -0.08662271 -0.77376324
v 0.07627970 -0.08662271 -0.77376324
v 0.07886549 -0.08662271 -0.77376324
v 0.08148231 -0.08665575 -0.77405840
v 0.08406904 -0.08665575 -0.77405840
v 0.08672184 -0.08672184 -0.77464873
v 0.08937864 -0.08678793 -0.77523905
v 0.09207437 -0.08688705 -0.77612454
v 0.09474000 -0.08695315 -0.77671486
v 0.09744662 -0.08705228 -0.77760035
v 0.10015909 -0.08715141 -0.77848583
v 0.10287753 -0.08725053 -0.77937132
v 0.10564182 -0.08738271 -0.78055197
v 0.10841400 -0.08751488 -0.78173262
v 0.11123599 -0.08768010 -0.78320843
v 0.11406779 -0.08784532 -0.78468424
v 0.11699735 -0.08807661 -0.78675038
v 0.11985091 -0.08824183 -0.78822619
v 0.12276015 -0.08844010 -0.78999716
v 0.12572813 -0.08867140 -0.79206330
v 0.12866208 -0.08886965 -0.79383427
v 0.13160785 -0.08906792 -0.79560524
v 0.13476472 -0.08939835 -0.79855686
v 0.13824610 -0.08992705 -0.80327946
v 0.14191440 -0.09055487 -0.80888754
v 0.14530356 -0.09098443 -0.81272465
v 0.14855708 -0.09131487 -0.81567627
v 0.15188509 -0.09167834 -0.81892306
v 0.15517905 -0.09200878 -0.82187468
v 0.15849270 -0.09233922 -0.82482630
v 0.16171078 -0.09260356 -0.82718760
v 0.16494453 -0.09286791 -0.82954890
v 0.16831347 -0.09319834 -0.83250052
v 0.17194483 -0.09366095 -0.83663279
v 0.17572701 -0.09418964 -0.84135538
v 0.17979133 -0.09485051 -0.84725863
v 0.18427683 -0.09570964 -0.85493284
v 0.18881363 -0.09656877 -0.86260706
v 0.19432002 -0.09789050 -0.87441355
v -0.01407271 -0.10789083 -0.93580729
v -0.01077973 -0.10625740 -0.92163950
v -0.00768007 -0.10598516 -0.91927820
v -0.00460507 -0.10591710 -0.91868788
v -0.00153405 -0.10584904 -0.91809756
v 0.00153207 -0.10571293 -0.91691691
v 0.00459619 -0.10571293 -0.91691691
v 0.00765541 -0.10564487 -0.91632658
v 0.01071068 -0.10557681 -0.91573626
v 0.01342467 -0.10292248 -0.89271361
v 0.01562670 -0.09802220 -0.85021025
v 0.01837819 -0.09754578 -0.84607798
v 0.02111684 -0.09713742 -0.84253603
v 0.02384855 -0.09679712 -0.83958441
v 0.02657933 -0.09652489 -0.83722311
v 0.02933571 -0.09638877 -0.83604246
v 0.03206153 -0.09618460 -0.83427149
v 0.03482481 -0.09611654 -0.83368117
v 0.03758419 -0.09604847 -0.83309084
v 0.04031098 -0.09591236 -0.83191019
v 0.04168449 -0.09278162 -0.80475527
v 0.04380421 -0.09159058 -0.79442459
v 0.04620006 -0.09108013 -0.78999716
v 0.04863932 -0.09070580 -0.78675038
v 0.05107614 -0.09036550 -0.78379875
v 0.05355391 -0.09012730 -0.78173262
v 0.05601783 -0.08988909 -0.77966648
v 0.05849015 -0.08968491 -0.77789551
v 0.06097382 -0.08951475 -0.77641970
v 0.06347179 -0.08937864 -0.77523905
v 0.06598700 -0.08927655 -0.77435356
v 0.06852246 -0.08920849 -0.77376324
v 0.07108111 -0.08917446 -0.77346808
v 0.07363775 -0.08914044 -0.77317291
v 0.07622150 -0.08914044 -0.77317291
v 0.07880532 -0.08914044 -0.77317291
v 0.08138911 -0.08914044 -0.77317291
v 0.08400492 -0.08917446 -0.77346808
v 0.08662271 -0.08920849 -0.77376324
v 0.08927655 -0.08927655 -0.77435356
v 0.09193432 -0.08934461 -0.77494389
v 0.09463200 -0.08944670 -0.77582937
v 0.09729866 -0.08951475 -0.77641970
v 0.10000720 -0.08961685 -0.77730519
v 0.10276064 -0.08975296 -0.77848583
v 0.10548203 -0.08985505 -0.77937132
v 0.10829119 -0.09002520 -0.78084713
v 0.11111023 -0.09019536 -0.78232294
v 0.11393908 -0.09036550 -0.78379875
v 0.11686567 -0.09060371 -0.78586489
v 0.11971627 -0.09077386 -0.78734070
v 0.12262256 -0.09097804 -0.78911167
v 0.12558757 -0.09121624 -0.79117781
v 0.12851855 -0.09142042 -0.79294878
v 0.13155903 -0.09169266 -0.79531008
v 0.13466510 -0.09199893 -0.79796654
v 0.13824610 -0.09261146 -0.80327946
v 0.14186262 -0.09322400 -0.80859238
v 0.14509247 -0.09356430 -0.81154400
v 0.14834206 -0.09390460 -0.81449562
v 0.15161137 -0.09424489 -0.81744725
v 0.15484467 -0.09455116 -0.82010370
v 0.15815240 -0.09489146 -0.82305533
v 0.16147996 -0.09523176 -0.82600695
v 0.16482715 -0.09557205 -0.82895857
v 0.16819412 -0.09591236 -0.83191019
v 0.17182349 -0.09638877 -0.83604246
v 0.17560372 -0.09693325 -0.84076506
v 0.17979133 -0.09768189 -0.84725863
v 0.18427683 -0.09856667 -0.85493284
v 0.18868442 -0.09938338 -0.86201674
v 0.19405766 -0.10067652 -0.87323290
v -0.00771459 -0.10954742 -0.92341048
v -0.00461099 -0.10912723 -0.91986853
v -0.00153602 -0.10905720 -0.91927820
v 0.00153405 -0.10891713 -0.91809756
v 0.00459915 -0.10884710 -0.91750723
v 0.00766034 -0.10877707 -0.91691691
v 0.01071758 -0.10870704 -0.91632658
v 0.01297192 -0.10233410 -0.86260706
v 0.01552905 -0.10023313 -0.84489733
v 0.01827561 -0.09981294 -0.84135538
v 0.02101327 -0.09946278 -0.83840376
v 0.02373118 -0.09911261 -0.83545214
v 0.02646689 -0.09890252 -0.83368117
v 0.02921143 -0.09876245 -0.83250052
v 0.03194810 -0.09862240 -0.83131987
v 0.03467685 -0.09848233 -0.83013922
v 0.03742440 -0.09841230 -0.82954890
v 0.03969597 -0.09718673 -0.81921822
v 0.04136342 -0.09473560 -0.79855686
v 0.04369028 -0.09400027 -0.79235846
v 0.04611376 -0.09354505 -0.78852135
v 0.04854808 -0.09315988 -0.78527457
v 0.05097997 -0.09280971 -0.78232294
v 0.05345281 -0.09256461 -0.78025681
v 0.05593300 -0.09235451 -0.77848583
v 0.05842358 -0.09217943 -0.77701002
v 0.06090429 -0.09200434 -0.77553421
v 0.06342346 -0.09189929 -0.77464873
v 0.06593670 -0.09179424 -0.77376324
v 0.06847018 -0.09172421 -0.77317291
v 0.07099973 -0.09165419 -0.77258259
v 0.07355341 -0.09161916 -0.77228743
v 0.07610512 -0.09158415 -0.77199227
v 0.07868498 -0.09158415 -0.77199227
v 0.08126482 -0.09158415 -0.77199227
v 0.08387668 -0.09161916 -0.77228743
v 0.08649053 -0.09165419 -0.77258259
v 0.08917446 -0.09175923 -0.77346808
v 0.09182927 -0.09182927 -0.77405840
v 0.09448799 -0.09189929 -0.77464873
v 0.09718770 -0.09200434 -0.77553421
v 0.09989327 -0.09210940 -0.77641970
v 0.10260480 -0.09221444 -0.77730519
v 0.10536218 -0.09235451 -0.77848583
v 0.10812746 -0.09249457 -0.77966648
v 0.11094254 -0.09266965 -0.78114229
v 0.11381036 -0.09287975 -0.78291327
v 0.11669010 -0.09308984 -0.78468424
v 0.11958163 -0.09329995 -0.78645521
v 0.12248495 -0.09351004 -0.78822619
v 0.12544701 -0.09375516 -0.79029232
v 0.12837504 -0.09396525 -0.79206330
v 0.13141255 -0.09424537 -0.79442459
v 0.13461529 -0.09463055 -0.79767138
v 0.13819531 -0.09526084 -0.80298430
v 0.14170726 -0.09582110 -0.80770689
v 0.14488138 -0.09613625 -0.81036335
v 0.14812702 -0.09648640 -0.81331497
v 0.15133764 -0.09680156 -0.81597143
v 0.15456603 -0.09711669 -0.81862789
v 0.15792555 -0.09750188 -0.82187468
v 0.16113375 -0.09778201 -0.82423598
v 0.16459240 -0.09820220 -0.82777792
v 0.16807477 -0.09862240 -0.83131987
v 0.17170218 -0.09911261 -0.83545214
v 0.17560372 -0.09974291 -0.84076506
v 0.17991661 -0.10058329 -0.84784895
v 0.18427683 -0.10142368 -0.85493284
v 0.18868442 -0.10226408 -0.86201674
v 0.19392647 -0.10352465 -0.87264258
v -0.00154194 -0.11256124 -0.92282015
v 0.00153898 -0.11234522 -0.92104918
v 0.00461099 -0.11220121 -0.91986853
v 0.00768007 -0.11212921 -0.91927820
v 0.01039307 -0.10838495 -0.88858134
v 0.01270560 -0.10305658 -0.84489733
v 0.01544225 -0.10248055 -0.84017473
v 0.01818585 -0.10212052 -0.83722311
v 0.02090970 -0.10176049 -0.83427149
v 0.02363057 -0.10147247 -0.83191019
v 0.02635444 -0.10125646 -0.83013922
v 0.02908714 -0.10111245 -0.82895857
v 0.03178929 -0.10089643 -0.82718760
v 0.03452890 -0.10082443 -0.82659727
v 0.03715808 -0.10046440 -0.82364565
v 0.03903807 -0.09826825 -0.80564076
v 0.04122583 -0.09708017 -0.79590040
v 0.04359263 -0.09643213 -0.79058748
v 0.04601019 -0.09596409 -0.78675038
v 0.04845684 -0.09560407 -0.78379875
v 0.05090303 -0.09528005 -0.78114229
v 0.05339215 -0.09506403 -0.77937132
v 0.05586938 -0.09484801 -0.77760035
v 0.05835699 -0.09466801 -0.77612454
v 0.06083475 -0.09448799 -0.77464873
v 0.06335096 -0.09437998 -0.77376324
v 0.06586124 -0.09427198 -0.77287775
v 0.06839176 -0.09419997 -0.77228743
v 0.07091836 -0.09412796 -0.77169710
v 0.07346908 -0.09409196 -0.77140194
v 0.07598873 -0.09401996 -0.77081162
v 0.07853456 -0.09398396 -0.77051646
v 0.08114054 -0.09401996 -0.77081162
v 0.08374847 -0.09405597 -0.77110678
v 0.08639140 -0.09412796 -0.77169710
v 0.08903834 -0.09419997 -0.77228743
v 0.09172421 -0.09430798 -0.77317291
v 0.09437998 -0.09437998 -0.77376324
v 0.09707673 -0.09448799 -0.77464873
v 0.09974138 -0.09456000 -0.77523905
v 0.10248791 -0.09470400 -0.77641970
v 0.10520239 -0.09481201 -0.77730519
v 0.10796372 -0.09495603 -0.77848583
v 0.11077487 -0.09513603 -0.77996165
v 0.11363873 -0.09535205 -0.78173262
v 0.11655842 -0.09560407 -0.78379875
v 0.11940211 -0.09578408 -0.78527457
v 0.12234735 -0.09603609 -0.78734070
v 0.12530646 -0.09628811 -0.78940684
v 0.12827936 -0.09654014 -0.79147297
v 0.13131490 -0.09682816 -0.79383427
v 0.13451566 -0.09722418 -0.79708105
v 0.13814451 -0.09790822 -0.80268914
v 0.14155191 -0.09841227 -0.80682141
v 0.14472307 -0.09873629 -0.80947787
v 0.14785823 -0.09902430 -0.81183916
v 0.15106393 -0.09934833 -0.81449562
v 0.15428737 -0.09967235 -0.81715208
v 0.15758525 -0.10003237 -0.82010370
v 0.16101834 -0.10046440 -0.82364565
v 0.16447501 -0.10089643 -0.82718760
v 0.16807477 -0.10140046 -0.83131987
v 0.17170218 -0.10190450 -0.83545214
v 0.17572701 -0.10262455 -0.84135538
v 0.18004186 -0.10348862 -0.84843928
v 0.18427683 -0.10428067 -0.85493284
v 0.18855520 -0.10507273 -0.86142641
v 0.19366409 -0.10629681 -0.87146193
v 0.00469384 -0.11734663 -0.93639761
v 0.00767021 -0.11505332 -0.91809756
v 0.00990975 -0.10617599 -0.84725863
v 0.01264346 -0.10536224 -0.84076506
v 0.01538800 -0.10491837 -0.83722311
v 0.01812174 -0.10454848 -0.83427149
v 0.02085052 -0.10425257 -0.83191019
v 0.02356349 -0.10395666 -0.82954890
v 0.02627948 -0.10373472 -0.82777792
v 0.02900429 -0.10358677 -0.82659727
v 0.03169855 -0.10336483 -0.82482630
v 0.03438095 -0.10314290 -0.82305533
v 0.03683850 -0.10232916 -0.81656176
v 0.03882353 -0.10040572 -0.80121332
v 0.04113409 -0.09951799 -0.79412943
v 0.04351126 -0.09888918 -0.78911167
v 0.04594114 -0.09844531 -0.78556973
v 0.04840210 -0.09811242 -0.78291327
v 0.05084533 -0.09777951 -0.78025681
v 0.05333149 -0.09755758 -0.77848583
v 0.05580576 -0.09733565 -0.77671486
v 0.05829041 -0.09715071 -0.77523905
v 0.06078839 -0.09700275 -0.77405840
v 0.06330263 -0.09689178 -0.77317291
v 0.06581093 -0.09678082 -0.77228743
v 0.06833948 -0.09670684 -0.77169710
v 0.07089124 -0.09666985 -0.77140194
v 0.07341286 -0.09659588 -0.77081162
v 0.07593053 -0.09652189 -0.77022129
v 0.07847439 -0.09648491 -0.76992613
v 0.08107840 -0.09652189 -0.77022129
v 0.08368435 -0.09655889 -0.77051646
v 0.08629227 -0.09659588 -0.77081162
v 0.08893625 -0.09666985 -0.77140194
v 0.09161916 -0.09678082 -0.77228743
v 0.09427198 -0.09685480 -0.77287775
v 0.09692877 -0.09692877 -0.77346808
v 0.09962745 -0.09703974 -0.77435356
v 0.10233206 -0.09715071 -0.77523905
v 0.10508254 -0.09729866 -0.77641970
v 0.10784092 -0.09744662 -0.77760035
v 0.11064910 -0.09763157 -0.77907616
v 0.11351001 -0.09785350 -0.78084713
v 0.11642674 -0.09811242 -0.78291327
v 0.11926747 -0.09829737 -0.78438908
v 0.12220975 -0.09855629 -0.78645521
v 0.12516589 -0.09881520 -0.78852135
v 0.12813585 -0.09907413 -0.79058748
v 0.13116843 -0.09937004 -0.79294878
v 0.13441603 -0.09981391 -0.79649073
v 0.13804291 -0.10051669 -0.80209881
v 0.14134477 -0.10096056 -0.80564076
v 0.14451200 -0.10129347 -0.80829722
v 0.14764322 -0.10158937 -0.81065851
v 0.15084496 -0.10192227 -0.81331497
v 0.15406446 -0.10225517 -0.81597143
v 0.15741509 -0.10266205 -0.81921822
v 0.16090295 -0.10314290 -0.82305533
v 0.16435765 -0.10358677 -0.82659727
v 0.16807477 -0.10417859 -0.83131987
v 0.17182349 -0.10477041 -0.83604246
v 0.17597359 -0.10558417 -0.84253603
v 0.18016712 -0.10639792 -0.84902960
v 0.18440408 -0.10721168 -0.85552317
v 0.18855520 -0.10795145 -0.86142641
v 0.19340172 -0.10906113 -0.87028128
v 0.00986142 -0.10847568 -0.84312636
v 0.01260795 -0.10786808 -0.83840376
v 0.01534460 -0.10741237 -0.83486181
v 0.01807045 -0.10703262 -0.83191019
v 0.02079134 -0.10672881 -0.82954890
v 0.02351319 -0.10650097 -0.82777792
v 0.02622325 -0.10627311 -0.82600695
v 0.02892143 -0.10604526 -0.82423598
v 0.03160780 -0.10581741 -0.82246500
v 0.03425765 -0.10551360 -0.82010370
v 0.03654554 -0.10422245 -0.81006819
v 0.03868051 -0.10270344 -0.79826170
v 0.04102707 -0.10190596 -0.79206330
v 0.04342988 -0.10133633 -0.78763586
v 0.04587210 -0.10091861 -0.78438908
v 0.04832911 -0.10057683 -0.78173262
v 0.05078762 -0.10027303 -0.77937132
v 0.05327082 -0.10004517 -0.77760035
v 0.05574214 -0.09981732 -0.77582937
v 0.05824603 -0.09966543 -0.77464873
v 0.06071885 -0.09947554 -0.77317291
v 0.06323013 -0.09936162 -0.77228743
v 0.06576063 -0.09928567 -0.77169710
v 0.06828720 -0.09920972 -0.77110678
v 0.07083698 -0.09917174 -0.77081162
v 0.07338474 -0.09913377 -0.77051646
v 0.07590143 -0.09905782 -0.76992613
v 0.07844430 -0.09901985 -0.76963097
v 0.08101625 -0.09901985 -0.76963097
v 0.08362023 -0.09905782 -0.76992613
v 0.08622619 -0.09909579 -0.77022129
v 0.08883417 -0.09913377 -0.77051646
v 0.09151412 -0.09924769 -0.77140194
v 0.09416397 -0.09932365 -0.77199227
v 0.09681781 -0.09939960 -0.77258259
v 0.09951352 -0.09951352 -0.77346808
v 0.10221518 -0.09962745 -0.77435356
v 0.10496270 -0.09977935 -0.77553421
v 0.10771812 -0.09993125 -0.77671486
v 0.11052334 -0.10012113 -0.77819067
v 0.11338129 -0.10034898 -0.77996165
v 0.11625116 -0.10057683 -0.78173262
v 0.11913283 -0.10080469 -0.78350359
v 0.12207216 -0.10107051 -0.78556973
v 0.12502535 -0.10133633 -0.78763586
v 0.12799233 -0.10160216 -0.78970200
v 0.13107078 -0.10194393 -0.79235846
v 0.13431641 -0.10239964 -0.79590040
v 0.13789052 -0.10308319 -0.80121332
v 0.14118941 -0.10353890 -0.80475527
v 0.14430091 -0.10384270 -0.80711657
v 0.14742818 -0.10414650 -0.80947787
v 0.15062599 -0.10448828 -0.81213433
v 0.15378581 -0.10479207 -0.81449562
v 0.15718824 -0.10524778 -0.81803757
v 0.16067213 -0.10574146 -0.82187468
v 0.16447501 -0.10642502 -0.82718760
v 0.16819412 -0.10703262 -0.83191019
v 0.17206614 -0.10771617 -0.83722311
v 0.17609687 -0.10847568 -0.84312636
v 0.18029240 -0.10931113 -0.84961993
v 0.18440408 -0.11007064 -0.85552317
v 0.18842599 -0.11075419 -0.86083609
v 0.19327053 -0.11189345 -0.86969095
v 0.00982689 -0.11090361 -0.84017473
v 0.01257244 -0.11035816 -0.83604246
v 0.01531205 -0.10996854 -0.83309084
v 0.01803198 -0.10957892 -0.83013922
v 0.02074695 -0.10926723 -0.82777792
v 0.02346288 -0.10903346 -0.82600695
v 0.02616703 -0.10879969 -0.82423598
v 0.02885929 -0.10856593 -0.82246500
v 0.03151705 -0.10825422 -0.82010370
v 0.03408503 -0.10770877 -0.81597143
v 0.03625260 -0.10607237 -0.80357462
v 0.03856609 -0.10505938 -0.79590040
v 0.04095063 -0.10435807 -0.79058748
v 0.04336478 -0.10381261 -0.78645521
v 0.04582031 -0.10342298 -0.78350359
v 0.04827437 -0.10307234 -0.78084713
v 0.05074916 -0.10279960 -0.77878100
v 0.05323038 -0.10256583 -0.77701002
v 0.05569973 -0.10233206 -0.77523905
v 0.05817945 -0.10213725 -0.77376324
v 0.06067249 -0.10198140 -0.77258259
v 0.06318180 -0.10186452 -0.77169710
v 0.06571033 -0.10178660 -0.77110678
v 0.06823493 -0.10170868 -0.77051646
v 0.07078274 -0.10166971 -0.77022129
v 0.07332852 -0.10163075 -0.76992613
v 0.07584324 -0.10155283 -0.76933581
v 0.07838414 -0.10151387 -0.76904064
v 0.08095411 -0.10151387 -0.76904064
v 0.08355612 -0.10155283 -0.76933581
v 0.08616011 -0.10159179 -0.76963097
v 0.08876611 -0.10163075 -0.76992613
v 0.09140907 -0.10170868 -0.77051646
v 0.09405597 -0.10178660 -0.77110678
v 0.09670684 -0.10186452 -0.77169710
v 0.09939960 -0.10198140 -0.77258259
v 0.10209829 -0.10209829 -0.77346808
v 0.10480291 -0.10221518 -0.77435356
v 0.10755438 -0.10237102 -0.77553421
v 0.11035565 -0.10256583 -0.77701002
v 0.11320966 -0.10279960 -0.77878100
v 0.11611948 -0.10307234 -0.78084713
v 0.11895331 -0.10326713 -0.78232294
v 0.12188870 -0.10353987 -0.78438908
v 0.12488478 -0.10385156 -0.78675038
v 0.12784882 -0.10412429 -0.78881651
v 0.13092430 -0.10447495 -0.79147297
v 0.13421680 -0.10498145 -0.79531008
v 0.13768733 -0.10560483 -0.80003268
v 0.14098229 -0.10607237 -0.80357462
v 0.14408983 -0.10638407 -0.80593592
v 0.14721316 -0.10669576 -0.80829722
v 0.15035227 -0.10700746 -0.81065851
v 0.15356289 -0.10735811 -0.81331497
v 0.15696137 -0.10782565 -0.81685692
v 0.16055672 -0.10841008 -0.82128435
v 0.16447501 -0.10918931 -0.82718760
v 0.16843282 -0.10996854 -0.83309084
v 0.17230879 -0.11066984 -0.83840376
v 0.17622018 -0.11137115 -0.84371668
v 0.18029240 -0.11215039 -0.84961993
v 0.18427683 -0.11285169 -0.85493284
v 0.18842599 -0.11363093 -0.86083609
v 0.19313934 -0.11472185 -0.86910063
v 0.00705372 -0.11427058 -0.84430701
v 0.00980618 -0.11347162 -0.83840376
v 0.01254581 -0.11291235 -0.83427149
v 0.01527950 -0.11251287 -0.83131987
v 0.01800633 -0.11219328 -0.82895857
v 0.02071736 -0.11187370 -0.82659727
v 0.02342935 -0.11163402 -0.82482630
v 0.02611081 -0.11131443 -0.82246500
v 0.02879715 -0.11107474 -0.82069403
v 0.03142631 -0.11067526 -0.81774241
v 0.03385077 -0.10967656 -0.81036335
v 0.03609280 -0.10827838 -0.80003268
v 0.03848028 -0.10747942 -0.79412943
v 0.04088947 -0.10684026 -0.78940684
v 0.04333223 -0.10636088 -0.78586489
v 0.04578579 -0.10596140 -0.78291327
v 0.04823787 -0.10560187 -0.78025681
v 0.05071069 -0.10532223 -0.77819067
v 0.05318994 -0.10508254 -0.77641970
v 0.05565731 -0.10484286 -0.77464873
v 0.05815725 -0.10468306 -0.77346808
v 0.06064931 -0.10452327 -0.77228743
v 0.06315763 -0.10440343 -0.77140194
v 0.06568518 -0.10432354 -0.77081162
v 0.06818265 -0.10420369 -0.76992613
v 0.07072848 -0.10416374 -0.76963097
v 0.07327230 -0.10412379 -0.76933581
v 0.07578504 -0.10404389 -0.76874548
v 0.07835405 -0.10404389 -0.76874548
v 0.08089197 -0.10400395 -0.76845032
v 0.08349201 -0.10404389 -0.76874548
v 0.08609401 -0.10408384 -0.76904064
v 0.08869804 -0.10412379 -0.76933581
v 0.09133904 -0.10420369 -0.76992613
v 0.09394795 -0.10424364 -0.77022129
v 0.09659588 -0.10432354 -0.77081162
v 0.09928567 -0.10444337 -0.77169710
v 0.10198140 -0.10456322 -0.77258259
v 0.10468306 -0.10468306 -0.77346808
v 0.10743158 -0.10484286 -0.77464873
v 0.11022989 -0.10504260 -0.77612454
v 0.11308094 -0.10528228 -0.77789551
v 0.11594391 -0.10552197 -0.77966648
v 0.11881868 -0.10576165 -0.78143746
v 0.12170523 -0.10600135 -0.78320843
v 0.12469737 -0.10632093 -0.78556973
v 0.12770529 -0.10664052 -0.78793103
v 0.13077782 -0.10700005 -0.79058748
v 0.13406736 -0.10751937 -0.79442459
v 0.13753493 -0.10815854 -0.79914719
v 0.14077514 -0.10859796 -0.80239397
v 0.14387874 -0.10891754 -0.80475527
v 0.14699812 -0.10923713 -0.80711657
v 0.15013330 -0.10955672 -0.80947787
v 0.15333997 -0.10991625 -0.81213433
v 0.15667778 -0.11035568 -0.81538111
v 0.16055672 -0.11115464 -0.82128435
v 0.16459240 -0.11203349 -0.82777792
v 0.16867152 -0.11291235 -0.83427149
v 0.17243013 -0.11355151 -0.83899409
v 0.17622018 -0.11419068 -0.84371668
v 0.18029240 -0.11498964 -0.84961993
v 0.18427683 -0.11570871 -0.85493284
v 0.18829677 -0.11642777 -0.86024576
v 0.19300815 -0.11754631 -0.86851031
v 0.00704386 -0.11692834 -0.84312636
v 0.00978546 -0.11602779 -0.83663279
v 0.01252806 -0.11553657 -0.83309084
v 0.01525780 -0.11512723 -0.83013922
v 0.01798069 -0.11479976 -0.82777792
v 0.02068777 -0.11447228 -0.82541662
v 0.02339581 -0.11422668 -0.82364565
v 0.02607333 -0.11389920 -0.82128435
v 0.02874537 -0.11361266 -0.81921822
v 0.03134691 -0.11312144 -0.81567627
v 0.03366582 -0.11177061 -0.80593592
v 0.03599959 -0.11066539 -0.79796654
v 0.03842307 -0.10996950 -0.79294878
v 0.04084361 -0.10935549 -0.78852135
v 0.04328340 -0.10886428 -0.78497940
v 0.04573400 -0.10845493 -0.78202778
v 0.04820137 -0.10812746 -0.77966648
v 0.05067222 -0.10784092 -0.77760035
v 0.05314950 -0.10759530 -0.77582937
v 0.05561490 -0.10734970 -0.77405840
v 0.05811287 -0.10718596 -0.77287775
v 0.06060295 -0.10702223 -0.77169710
v 0.06313347 -0.10694036 -0.77110678
v 0.06563487 -0.10681756 -0.77022129
v 0.06813037 -0.10669476 -0.76933581
v 0.07067423 -0.10665382 -0.76904064
v 0.07321607 -0.10661289 -0.76874548
v 0.07575595 -0.10657195 -0.76845032
v 0.07829388 -0.10653102 -0.76815516
v 0.08086090 -0.10653102 -0.76815516
v 0.08342789 -0.10653102 -0.76815516
v 0.08602793 -0.10657195 -0.76845032
v 0.08862998 -0.10661289 -0.76874548
v 0.09123399 -0.10665382 -0.76904064
v 0.09387594 -0.10673569 -0.76963097
v 0.09652189 -0.10681756 -0.77022129
v 0.09917174 -0.10689943 -0.77081162
v 0.10186452 -0.10702223 -0.77169710
v 0.10456322 -0.10714503 -0.77258259
v 0.10730878 -0.10730878 -0.77376324
v 0.11006221 -0.10747250 -0.77494389
v 0.11290931 -0.10771812 -0.77671486
v 0.11581223 -0.10800466 -0.77878100
v 0.11868404 -0.10825026 -0.78055197
v 0.12156762 -0.10849586 -0.78232294
v 0.12455681 -0.10882334 -0.78468424
v 0.12756178 -0.10915082 -0.78704554
v 0.13063136 -0.10951923 -0.78970200
v 0.13391793 -0.11005137 -0.79353911
v 0.13738254 -0.11070631 -0.79826170
v 0.14056800 -0.11111566 -0.80121332
v 0.14366767 -0.11144314 -0.80357462
v 0.14678310 -0.11177061 -0.80593592
v 0.14991432 -0.11209809 -0.80829722
v 0.15311705 -0.11246650 -0.81095368
v 0.15650763 -0.11295772 -0.81449562
v 0.16055672 -0.11389920 -0.82128435
v 0.16482715 -0.11496349 -0.82895857
v 0.16891022 -0.11586405 -0.83545214
v 0.17267276 -0.11651900 -0.84017473
v 0.17634347 -0.11709207 -0.84430701
v 0.18041766 -0.11791077 -0.85021025
v 0.18440408 -0.11864758 -0.85552317
v 0.18842599 -0.11938440 -0.86083609
v 0.19313934 -0.12053057 -0.86910063
v 0.00703893 -0.11966205 -0.84253603
v 0.00977856 -0.11873980 -0.83604246
v 0.01251030 -0.11815291 -0.83191019
v 0.01523610 -0.11773369 -0.82895857
v 0.01795504 -0.11739834 -0.82659727
v 0.02065818 -0.11706297 -0.82423598
v 0.02336227 -0.11681144 -0.82246500
v 0.02603584 -0.11647607 -0.82010370
v 0.02867287 -0.11605687 -0.81715208
v 0.03125616 -0.11551190 -0.81331497
v 0.03353020 -0.11400276 -0.80268914
v 0.03594632 -0.11316434 -0.79678589
v 0.03838016 -0.11249361 -0.79206330
v 0.04081303 -0.11190672 -0.78793103
v 0.04325086 -0.11140367 -0.78438908
v 0.04569948 -0.11098447 -0.78143746
v 0.04816488 -0.11064910 -0.77907616
v 0.05063375 -0.11035565 -0.77701002
v 0.05310906 -0.11010413 -0.77523905
v 0.05557249 -0.10985261 -0.77346808
v 0.05806848 -0.10968492 -0.77228743
v 0.06055659 -0.10951724 -0.77110678
v 0.06306097 -0.10939148 -0.77022129
v 0.06555942 -0.10926571 -0.76933581
v 0.06807809 -0.10918187 -0.76874548
v 0.07061999 -0.10913996 -0.76845032
v 0.07315985 -0.10909803 -0.76815516
v 0.07566865 -0.10901419 -0.76756483
v 0.07820363 -0.10897227 -0.76726967
v 0.08076768 -0.10897227 -0.76726967
v 0.08333173 -0.10897227 -0.76726967
v 0.08592880 -0.10901419 -0.76756483
v 0.08852790 -0.10905611 -0.76786000
v 0.09112895 -0.10909803 -0.76815516
v 0.09376793 -0.10918187 -0.76874548
v 0.09641093 -0.10926571 -0.76933581
v 0.09905782 -0.10934956 -0.76992613
v 0.10170868 -0.10943340 -0.77051646
v 0.10444337 -0.10960108 -0.77169710
v 0.10714503 -0.10972685 -0.77258259
v 0.10993645 -0.10993645 -0.77405840
v 0.11278059 -0.11018797 -0.77582937
v 0.11563665 -0.11043949 -0.77760035
v 0.11850452 -0.11069103 -0.77937132
v 0.12143003 -0.11098447 -0.78143746
v 0.12441625 -0.11131983 -0.78379875
v 0.12741825 -0.11165520 -0.78616005
v 0.13048486 -0.11203249 -0.78881651
v 0.13376848 -0.11257745 -0.79265362
v 0.13712855 -0.11316434 -0.79678589
v 0.14036086 -0.11362547 -0.80003268
v 0.14345658 -0.11396084 -0.80239397
v 0.14656807 -0.11429621 -0.80475527
v 0.14975008 -0.11467349 -0.80741173
v 0.15294987 -0.11505077 -0.81006819
v 0.15639421 -0.11559574 -0.81390530
v 0.16055672 -0.11664376 -0.82128435
v 0.16494453 -0.11781754 -0.82954890
v 0.16902958 -0.11873980 -0.83604246
v 0.17279409 -0.11941053 -0.84076506
v 0.17646676 -0.11999743 -0.84489733
v 0.18041766 -0.12075199 -0.85021025
v 0.18427683 -0.12142272 -0.85493284
v 0.18829677 -0.12217730 -0.86024576
v 0.19445121 -0.12427333 -0.87500387
v 0.00704386 -0.12256340 -0.84312636
v 0.00977166 -0.12144782 -0.83545214
v 0.01250142 -0.12084711 -0.83131987
v 0.01522525 -0.12041804 -0.82836825
v 0.01794222 -0.12007479 -0.82600695
v 0.02064338 -0.11973154 -0.82364565
v 0.02332874 -0.11938827 -0.82128435
v 0.02597962 -0.11895920 -0.81833273
v 0.02861073 -0.11853013 -0.81538111
v 0.03110870 -0.11767200 -0.80947787
v 0.03344389 -0.11638478 -0.80062300
v 0.03589306 -0.11565536 -0.79560524
v 0.03833725 -0.11501175 -0.79117781
v 0.04076716 -0.11441106 -0.78704554
v 0.04321830 -0.11393908 -0.78379875
v 0.04568223 -0.11355291 -0.78114229
v 0.04812839 -0.11316676 -0.77848583
v 0.05059528 -0.11286640 -0.77641970
v 0.05306862 -0.11260895 -0.77464873
v 0.05555128 -0.11239442 -0.77317291
v 0.05802409 -0.11217988 -0.77169710
v 0.06051023 -0.11200827 -0.77051646
v 0.06301264 -0.11187954 -0.76963097
v 0.06550910 -0.11175082 -0.76874548
v 0.06802582 -0.11166500 -0.76815516
v 0.07053860 -0.11157919 -0.76756483
v 0.07307552 -0.11153628 -0.76726967
v 0.07561045 -0.11149338 -0.76697451
v 0.07814346 -0.11145046 -0.76667935
v 0.08067448 -0.11140756 -0.76638418
v 0.08326761 -0.11145046 -0.76667935
v 0.08582967 -0.11145046 -0.76667935
v 0.08842581 -0.11149338 -0.76697451
v 0.09105891 -0.11157919 -0.76756483
v 0.09365994 -0.11162210 -0.76786000
v 0.09629996 -0.11170791 -0.76845032
v 0.09894390 -0.11179373 -0.76904064
v 0.10159179 -0.11187954 -0.76963097
v 0.10428359 -0.11200827 -0.77051646
v 0.10702223 -0.11217988 -0.77169710
v 0.10976877 -0.11235151 -0.77287775
v 0.11260895 -0.11260895 -0.77464873
v 0.11546108 -0.11286640 -0.77641970
v 0.11832500 -0.11312384 -0.77819067
v 0.12129243 -0.11346710 -0.78055197
v 0.12427570 -0.11381036 -0.78291327
v 0.12727475 -0.11415361 -0.78527457
v 0.13033840 -0.11453978 -0.78793103
v 0.13356924 -0.11505467 -0.79147297
v 0.13692535 -0.11565536 -0.79560524
v 0.14015374 -0.11612733 -0.79885203
v 0.14329827 -0.11651351 -0.80150849
v 0.14635305 -0.11681385 -0.80357462
v 0.14953111 -0.11720001 -0.80623108
v 0.15278266 -0.11762909 -0.80918270
v 0.15633750 -0.11827269 -0.81361014
v 0.16078754 -0.11955991 -0.82246500
v 0.16506191 -0.12067549 -0.83013922
v 0.16914892 -0.12161945 -0.83663279
v 0.17279409 -0.12222015 -0.84076506
v 0.17646676 -0.12282084 -0.84489733
v 0.18029240 -0.12350736 -0.84961993
v 0.18427683 -0.12427968 -0.85493284
v 0.18842599 -0.12513782 -0.86083609
v 0.00977856 -0.12432756 -0.83604246
v 0.01250142 -0.12362526 -0.83131987
v 0.01521440 -0.12309854 -0.82777792
v 0.01792940 -0.12274740 -0.82541662
v 0.02061379 -0.12230846 -0.82246500
v 0.02329520 -0.12195732 -0.82010370
v 0.02593277 -0.12147449 -0.81685692
v 0.02853823 -0.12094776 -0.81331497
v 0.03098392 -0.11989433 -0.80623108
v 0.03339458 -0.11888477 -0.79944235
v 0.03585311 -0.11818247 -0.79471976
v 0.03830865 -0.11756796 -0.79058748
v 0.04075187 -0.11699735 -0.78675038
v 0.04320203 -0.11651452 -0.78350359
v 0.04566496 -0.11611948 -0.78084713
v 0.04812839 -0.11576834 -0.77848583
v 0.05057605 -0.11541718 -0.77612454
v 0.05304840 -0.11515383 -0.77435356
v 0.05550886 -0.11489046 -0.77258259
v 0.05800190 -0.11471490 -0.77140194
v 0.06048705 -0.11453932 -0.77022129
v 0.06296431 -0.11436374 -0.76904064
v 0.06545880 -0.11423207 -0.76815516
v 0.06794740 -0.11410039 -0.76726967
v 0.07048436 -0.11405649 -0.76697451
v 0.07301930 -0.11401260 -0.76667935
v 0.07552316 -0.11392481 -0.76608902
v 0.07805321 -0.11388092 -0.76579386
v 0.08061233 -0.11388092 -0.76579386
v 0.08317143 -0.11388092 -0.76579386
v 0.08576358 -0.11392481 -0.76608902
v 0.08832372 -0.11392481 -0.76608902
v 0.09095386 -0.11401260 -0.76667935
v 0.09355193 -0.11405649 -0.76697451
v 0.09618900 -0.11414428 -0.76756483
v 0.09882997 -0.11423207 -0.76815516
v 0.10147490 -0.11431985 -0.76874548
v 0.10420369 -0.11449543 -0.76992613
v 0.10689943 -0.11462711 -0.77081162
v 0.10964300 -0.11480268 -0.77199227
v 0.11248024 -0.11506604 -0.77376324
v 0.11532941 -0.11532941 -0.77553421
v 0.11819036 -0.11559276 -0.77730519
v 0.12115483 -0.11594391 -0.77966648
v 0.12413514 -0.11629506 -0.78202778
v 0.12713122 -0.11664621 -0.78438908
v 0.13019192 -0.11704125 -0.78704554
v 0.13341981 -0.11756796 -0.79058748
v 0.13672216 -0.11813858 -0.79442459
v 0.13994659 -0.11862141 -0.79767138
v 0.14303441 -0.11897256 -0.80003268
v 0.14613801 -0.11932371 -0.80239397
v 0.14931214 -0.11971875 -0.80505043
v 0.15255974 -0.12015769 -0.80800205
v 0.15628077 -0.12094776 -0.81331497
v 0.16101834 -0.12248404 -0.82364565
v 0.16529667 -0.12362526 -0.83131987
v 0.16914892 -0.12441535 -0.83663279
v 0.17291541 -0.12511764 -0.84135538
v 0.17659007 -0.12573215 -0.84548765
v 0.18041766 -0.12643445 -0.85021025
v 0.18440408 -0.12722453 -0.85552317
v 0.18881363 -0.12827797 -0.86260706
v 0.00979237 -0.12730096 -0.83722311
v 0.01250142 -0.12640336 -0.83131987
v 0.01521440 -0.12586480 -0.82777792
v 0.01791657 -0.12541601 -0.82482630
v 0.02059899 -0.12496722 -0.82187468
v 0.02327005 -0.12456329 -0.81921822
v 0.02589529 -0.12402473 -0.81567627
v 0.02846573 -0.12335154 -0.81124884
v 0.03091586 -0.12231930 -0.80446011
v 0.03334526 -0.12137683 -0.79826170
v 0.03581316 -0.12070363 -0.79383427
v 0.03828004 -0.12012019 -0.78999716
v 0.04073659 -0.11958163 -0.78645521
v 0.04318575 -0.11908795 -0.78320843
v 0.04564770 -0.11868404 -0.78055197
v 0.04809189 -0.11828012 -0.77789551
v 0.05055682 -0.11796596 -0.77582937
v 0.05302817 -0.11769667 -0.77405840
v 0.05548766 -0.11742740 -0.77228743
v 0.05795752 -0.11720300 -0.77081162
v 0.06044069 -0.11702348 -0.76963097
v 0.06291597 -0.11684396 -0.76845032
v 0.06543365 -0.11675420 -0.76786000
v 0.06789512 -0.11657468 -0.76667935
v 0.07040298 -0.11648493 -0.76608902
v 0.07293496 -0.11644005 -0.76579386
v 0.07546496 -0.11639516 -0.76549870
v 0.07799304 -0.11635029 -0.76520354
v 0.08051912 -0.11630540 -0.76490837
v 0.08307527 -0.11630540 -0.76490837
v 0.08566445 -0.11635029 -0.76520354
v 0.08825566 -0.11639516 -0.76549870
v 0.09084881 -0.11644005 -0.76579386
v 0.09344392 -0.11648493 -0.76608902
v 0.09611502 -0.11661956 -0.76697451
v 0.09875401 -0.11670932 -0.76756483
v 0.10139698 -0.11679908 -0.76815516
v 0.10408384 -0.11693372 -0.76904064
v 0.10677662 -0.11706836 -0.76992613
v 0.10951724 -0.11724788 -0.77110678
v 0.11230861 -0.11747228 -0.77258259
v 0.11519773 -0.11778644 -0.77464873
v 0.11805572 -0.11805572 -0.77641970
v 0.12097137 -0.11836988 -0.77848583
v 0.12399458 -0.11877379 -0.78114229
v 0.12698771 -0.11913283 -0.78350359
v 0.13004544 -0.11953676 -0.78616005
v 0.13327037 -0.12007532 -0.78970200
v 0.13651897 -0.12061387 -0.79324394
v 0.13973945 -0.12110754 -0.79649073
v 0.14282332 -0.12146658 -0.79885203
v 0.14597674 -0.12187051 -0.80150849
v 0.14909317 -0.12222955 -0.80386978
v 0.15239257 -0.12272322 -0.80711657
v 0.15633750 -0.12371058 -0.81361014
v 0.16124916 -0.12541601 -0.82482630
v 0.16553143 -0.12658289 -0.83250052
v 0.16926827 -0.12730096 -0.83722311
v 0.17303674 -0.12801903 -0.84194571
v 0.17683665 -0.12873712 -0.84666830
v 0.18066821 -0.12945519 -0.85139090
v 0.18465856 -0.13026303 -0.85670382
v 0.18945971 -0.13160942 -0.86555868
v 0.00980618 -0.13028221 -0.83840376
v 0.01251030 -0.12927315 -0.83191019
v 0.01521440 -0.12863103 -0.82777792
v 0.01790375 -0.12808062 -0.82423598
v 0.02058420 -0.12762196 -0.82128435
v 0.02323651 -0.12711744 -0.81803757
v 0.02584843 -0.12652117 -0.81420046
v 0.02840359 -0.12578732 -0.80947787
v 0.03085915 -0.12477826 -0.80298430
v 0.03330827 -0.12390681 -0.79737622
v 0.03579985 -0.12331055 -0.79353911
v 0.03826574 -0.12271429 -0.78970200
v 0.04072129 -0.12216388 -0.78616005
v 0.04316948 -0.12165936 -0.78291327
v 0.04563044 -0.12124657 -0.78025681
v 0.04809189 -0.12087964 -0.77789551
v 0.05053758 -0.12051271 -0.77553421
v 0.05298774 -0.12019165 -0.77346808
v 0.05546645 -0.11996231 -0.77199227
v 0.05793532 -0.11973298 -0.77051646
v 0.06039433 -0.11950365 -0.76904064
v 0.06289180 -0.11936605 -0.76815516
v 0.06538334 -0.11922845 -0.76726967
v 0.06786899 -0.11909086 -0.76638418
v 0.07037585 -0.11899912 -0.76579386
v 0.07287873 -0.11890739 -0.76520354
v 0.07540677 -0.11886153 -0.76490837
v 0.07793287 -0.11881566 -0.76461321
v 0.08048805 -0.11881566 -0.76461321
v 0.08304321 -0.11881566 -0.76461321
v 0.08559836 -0.11881566 -0.76461321
v 0.08818760 -0.11886153 -0.76490837
v 0.09077878 -0.11890739 -0.76520354
v 0.09337191 -0.11895326 -0.76549870
v 0.09600405 -0.11904499 -0.76608902
v 0.09864009 -0.11913673 -0.76667935
v 0.10128010 -0.11922845 -0.76726967
v 0.10396400 -0.11936605 -0.76815516
v 0.10669476 -0.11954952 -0.76933581
v 0.10943340 -0.11973298 -0.77051646
v 0.11222280 -0.11996231 -0.77199227
v 0.11506604 -0.12023751 -0.77376324
v 0.11792108 -0.12051271 -0.77553421
v 0.12083378 -0.12083378 -0.77760035
v 0.12385403 -0.12124657 -0.78025681
v 0.12684420 -0.12161350 -0.78261811
v 0.12994780 -0.12207216 -0.78556973
v 0.13312094 -0.12257669 -0.78881651
v 0.13631578 -0.12308121 -0.79206330
v 0.13948053 -0.12353987 -0.79501492
v 0.14261225 -0.12395266 -0.79767138
v 0.14570795 -0.12431961 -0.80003268
v 0.14892894 -0.12477826 -0.80298430
v 0.15222536 -0.12528279 -0.80623108
v 0.15639421 -0.12647530 -0.81390530
v 0.16147996 -0.12835583 -0.82600695
v 0.16564880 -0.12945661 -0.83309084
v 0.16938761 -0.13019048 -0.83781344
v 0.17315806 -0.13092433 -0.84253603
v 0.17695995 -0.13165818 -0.84725863
v 0.18079348 -0.13239205 -0.85198122
v 0.18491305 -0.13330938 -0.85788447
v 0.19152714 -0.13596961 -0.87500387
v 0.00982689 -0.13336509 -0.84017473
v 0.01251030 -0.13205323 -0.83191019
v 0.01520355 -0.13130358 -0.82718760
v 0.01789093 -0.13074136 -0.82364565
v 0.02055461 -0.13017912 -0.82010370
v 0.02320298 -0.12966374 -0.81685692
v 0.02580158 -0.12900780 -0.81272465
v 0.02834145 -0.12821132 -0.80770689
v 0.03081377 -0.12727426 -0.80180365
v 0.03328361 -0.12647776 -0.79678589
v 0.03577322 -0.12586868 -0.79294878
v 0.03825144 -0.12530646 -0.78940684
v 0.04070601 -0.12474422 -0.78586489
v 0.04315320 -0.12422884 -0.78261811
v 0.04563044 -0.12385403 -0.78025681
v 0.04807364 -0.12343235 -0.77760035
v 0.05053758 -0.12310438 -0.77553421
v 0.05298774 -0.12277641 -0.77346808
v 0.05544524 -0.12249530 -0.77169710
v 0.05791313 -0.12226103 -0.77022129
v 0.06039433 -0.12207363 -0.76904064
v 0.06286764 -0.12188622 -0.76786000
v 0.06535819 -0.12174566 -0.76697451
v 0.06781671 -0.12155825 -0.76579386
v 0.07032160 -0.12146454 -0.76520354
v 0.07282251 -0.12137084 -0.76461321
v 0.07534857 -0.12132399 -0.76431805
v 0.07787270 -0.12127713 -0.76402289
v 0.08042591 -0.12127713 -0.76402289
v 0.08294704 -0.12123028 -0.76372772
v 0.08553229 -0.12127713 -0.76402289
v 0.08808550 -0.12127713 -0.76402289
v 0.09067373 -0.12132399 -0.76431805
v 0.09326390 -0.12137084 -0.76461321
v 0.09589309 -0.12146454 -0.76520354
v 0.09856414 -0.12160510 -0.76608902
v 0.10120218 -0.12169880 -0.76667935
v 0.10384416 -0.12179251 -0.76726967
v 0.10653102 -0.12193307 -0.76815516
v 0.10926571 -0.12212048 -0.76933581
v 0.11205117 -0.12235474 -0.77081162
v 0.11489046 -0.12263586 -0.77258259
v 0.11774156 -0.12291697 -0.77435356
v 0.12069617 -0.12329180 -0.77671486
v 0.12371347 -0.12371347 -0.77937132
v 0.12670067 -0.12408829 -0.78173262
v 0.12975250 -0.12450996 -0.78438908
v 0.13292168 -0.12502535 -0.78763586
v 0.13606179 -0.12549387 -0.79058748
v 0.13922161 -0.12596239 -0.79353911
v 0.14234839 -0.12638406 -0.79619557
v 0.14549293 -0.12680574 -0.79885203
v 0.14870997 -0.12727426 -0.80180365
v 0.15211390 -0.12788334 -0.80564076
v 0.15645091 -0.12924206 -0.81420046
v 0.16171078 -0.13130358 -0.82718760
v 0.16564880 -0.13224062 -0.83309084
v 0.16950697 -0.13308398 -0.83840376
v 0.17327937 -0.13383362 -0.84312636
v 0.17708325 -0.13458326 -0.84784895
v 0.18104401 -0.13542660 -0.85316187
v 0.18542200 -0.13655107 -0.86024576
v 0.00994427 -0.13779931 -0.85021025
v 0.01252806 -0.13502465 -0.83309084
v 0.01521440 -0.13416356 -0.82777792
v 0.01789093 -0.13349381 -0.82364565
v 0.02053981 -0.13282406 -0.81951338
v 0.02317782 -0.13224998 -0.81597143
v 0.02576410 -0.13153240 -0.81154400
v 0.02830002 -0.13071916 -0.80652624
v 0.03077974 -0.12981020 -0.80091816
v 0.03325895 -0.12904479 -0.79619557
v 0.03575990 -0.12847072 -0.79265362
v 0.03823713 -0.12789665 -0.78911167
v 0.04070601 -0.12737043 -0.78586489
v 0.04315320 -0.12684420 -0.78261811
v 0.04561318 -0.12641364 -0.77996165
v 0.04807364 -0.12603092 -0.77760035
v 0.05051835 -0.12564822 -0.77523905
v 0.05298774 -0.12536119 -0.77346808
v 0.05544524 -0.12507415 -0.77169710
v 0.05789093 -0.12478711 -0.76992613
v 0.06034797 -0.12454793 -0.76845032
v 0.06284348 -0.12440441 -0.76756483
v 0.06533304 -0.12426089 -0.76667935
v 0.06779057 -0.12406953 -0.76549870
v 0.07029448 -0.12397385 -0.76490837
v 0.07282251 -0.12392601 -0.76461321
v 0.07529037 -0.12378250 -0.76372772
v 0.07781253 -0.12373467 -0.76343256
v 0.08033270 -0.12368683 -0.76313740
v 0.08288292 -0.12368683 -0.76313740
v 0.08546619 -0.12373467 -0.76343256
v 0.08801746 -0.12373467 -0.76343256
v 0.09060370 -0.12378250 -0.76372772
v 0.09322790 -0.12387818 -0.76431805
v 0.09581911 -0.12392601 -0.76461321
v 0.09845021 -0.12402169 -0.76520354
v 0.10112426 -0.12416521 -0.76608902
v 0.10376426 -0.12426089 -0.76667935
v 0.10644915 -0.12440441 -0.76756483
v 0.10918187 -0.12459577 -0.76874548
v 0.11196535 -0.12483495 -0.77022129
v 0.11480268 -0.12512200 -0.77199227
v 0.11765180 -0.12540902 -0.77376324
v 0.12060444 -0.12579174 -0.77612454
v 0.12352606 -0.12612660 -0.77819067
v 0.12660500 -0.12660500 -0.78114229
v 0.12960602 -0.12698771 -0.78350359
v 0.13272244 -0.12746610 -0.78645521
v 0.13585860 -0.12794448 -0.78940684
v 0.13901447 -0.12842287 -0.79235846
v 0.14213730 -0.12885343 -0.79501492
v 0.14527790 -0.12928398 -0.79767138
v 0.14854573 -0.12981020 -0.80091816
v 0.15194672 -0.13043211 -0.80475527
v 0.15656435 -0.13205864 -0.81479079
v 0.16171078 -0.13406788 -0.82718760
v 0.16564880 -0.13502465 -0.83309084
v 0.16938761 -0.13579006 -0.83781344
v 0.17327937 -0.13665117 -0.84312636
v 0.17720655 -0.13751228 -0.84843928
v 0.18104401 -0.13827769 -0.85316187
v 0.18542200 -0.13942583 -0.86024576
v 0.01254581 -0.13800396 -0.83427149
v 0.01521440 -0.13692981 -0.82777792
v 0.01787810 -0.13614862 -0.82305533
v 0.02052502 -0.13546506 -0.81892306
v 0.02315267 -0.13483033 -0.81508595
v 0.02572662 -0.13404912 -0.81036335
v 0.02826895 -0.13326791 -0.80564076
v 0.03076840 -0.13243788 -0.80062300
v 0.03324662 -0.13165668 -0.79590040
v 0.03574659 -0.13107078 -0.79235846
v 0.03822283 -0.13048486 -0.78881651
v 0.04069072 -0.12994780 -0.78556973
v 0.04315320 -0.12945955 -0.78261811
v 0.04559591 -0.12897129 -0.77966648
v 0.04805539 -0.12858069 -0.77730519
v 0.05051835 -0.12823890 -0.77523905
v 0.05296751 -0.12789713 -0.77317291
v 0.05542403 -0.12760419 -0.77140194
v 0.05789093 -0.12736006 -0.76992613
v 0.06034797 -0.12711592 -0.76845032
v 0.06281931 -0.12692063 -0.76726967
v 0.06528273 -0.12672533 -0.76608902
v 0.06776443 -0.12657885 -0.76520354
v 0.07026736 -0.12648121 -0.76461321
v 0.07273818 -0.12633471 -0.76372772
v 0.07526128 -0.12628590 -0.76343256
v 0.07775237 -0.12618825 -0.76284224
v 0.08030163 -0.12618825 -0.76284224
v 0.08281881 -0.12613942 -0.76254708
v 0.08540010 -0.12618825 -0.76284224
v 0.08794939 -0.12618825 -0.76284224
v 0.09053367 -0.12623708 -0.76313740
v 0.09315590 -0.12633471 -0.76372772
v 0.09574513 -0.12638354 -0.76402289
v 0.09837426 -0.12648121 -0.76461321
v 0.10100736 -0.12657885 -0.76520354
v 0.10368436 -0.12672533 -0.76608902
v 0.10636728 -0.12687179 -0.76697451
v 0.10905611 -0.12701827 -0.76786000
v 0.11183663 -0.12726240 -0.76933581
v 0.11467100 -0.12755536 -0.77110678
v 0.11751716 -0.12784831 -0.77287775
v 0.12046684 -0.12823890 -0.77523905
v 0.12343235 -0.12862951 -0.77760035
v 0.12641364 -0.12902011 -0.77996165
v 0.12945955 -0.12945955 -0.78261811
v 0.13257301 -0.12994780 -0.78556973
v 0.13565540 -0.13038722 -0.78822619
v 0.13880734 -0.13087548 -0.79117781
v 0.14187346 -0.13126607 -0.79353911
v 0.14506288 -0.13175434 -0.79649073
v 0.14832675 -0.13229141 -0.79973751
v 0.15189101 -0.13307261 -0.80446011
v 0.15662107 -0.13483033 -0.81508595
v 0.16171078 -0.13683216 -0.82718760
v 0.16564880 -0.13780867 -0.83309084
v 0.16938761 -0.13858987 -0.83781344
v 0.17315806 -0.13937107 -0.84253603
v 0.17720655 -0.14034759 -0.84843928
v 0.18129456 -0.14132409 -0.85434252
v 0.18618545 -0.14288650 -0.86378771
v 0.01257244 -0.14109080 -0.83604246
v 0.01522525 -0.13979571 -0.82836825
v 0.01787810 -0.13889909 -0.82305533
v 0.02051022 -0.13810210 -0.81833273
v 0.02312752 -0.13740474 -0.81420046
v 0.02569851 -0.13660775 -0.80947787
v 0.02823788 -0.13581076 -0.80475527
v 0.03073437 -0.13496397 -0.79973751
v 0.03323429 -0.13426660 -0.79560524
v 0.03573327 -0.13366885 -0.79206330
v 0.03822283 -0.13312094 -0.78881651
v 0.04069072 -0.13257301 -0.78556973
v 0.04313693 -0.13202508 -0.78232294
v 0.04559591 -0.13157678 -0.77966648
v 0.04805539 -0.13117827 -0.77730519
v 0.05049912 -0.13077979 -0.77494389
v 0.05296751 -0.13048092 -0.77317291
v 0.05542403 -0.13018206 -0.77140194
v 0.05786875 -0.12988317 -0.76963097
v 0.06032479 -0.12963411 -0.76815516
v 0.06279515 -0.12943487 -0.76697451
v 0.06525758 -0.12923563 -0.76579386
v 0.06773829 -0.12908620 -0.76490837
v 0.07021310 -0.12893675 -0.76402289
v 0.07273818 -0.12888694 -0.76372772
v 0.07523219 -0.12878732 -0.76313740
v 0.07772228 -0.12868769 -0.76254708
v 0.08020842 -0.12858807 -0.76195675
v 0.08275469 -0.12858807 -0.76195675
v 0.08530097 -0.12858807 -0.76195675
v 0.08788133 -0.12863788 -0.76225191
v 0.09046364 -0.12868769 -0.76254708
v 0.09304789 -0.12873751 -0.76284224
v 0.09563416 -0.12878732 -0.76313740
v 0.09826034 -0.12888694 -0.76372772
v 0.10092945 -0.12903638 -0.76461321
v 0.10356452 -0.12913600 -0.76520354
v 0.10620354 -0.12923563 -0.76579386
v 0.10893036 -0.12943487 -0.76697451
v 0.11170791 -0.12968393 -0.76845032
v 0.11453932 -0.12998280 -0.77022129
v 0.11738252 -0.13028167 -0.77199227
v 0.12032925 -0.13068016 -0.77435356
v 0.12329180 -0.13107865 -0.77671486
v 0.12627013 -0.13147715 -0.77907616
v 0.12926424 -0.13187563 -0.78143746
v 0.13237377 -0.13237377 -0.78438908
v 0.13550301 -0.13287188 -0.78734070
v 0.13860020 -0.13332018 -0.78999716
v 0.14176792 -0.13381830 -0.79294878
v 0.14495535 -0.13431641 -0.79590040
v 0.14827201 -0.13491416 -0.79944235
v 0.15183526 -0.13571115 -0.80416495
v 0.15673450 -0.13765380 -0.81567627
v 0.16171078 -0.13959645 -0.82718760
v 0.16564880 -0.14059269 -0.83309084
v 0.16938761 -0.14138967 -0.83781344
v 0.17327937 -0.14228629 -0.84312636
v 0.17720655 -0.14318289 -0.84843928
v 0.18129456 -0.14417912 -0.85434252
v 0.18783960 -0.14706820 -0.87146193
v 0.01270560 -0.14540862 -0.84489733
v 0.01523610 -0.14266554 -0.82895857
v 0.01787810 -0.14164957 -0.82305533
v 0.02050282 -0.14078601 -0.81803757
v 0.02310237 -0.13997324 -0.81331497
v 0.02567039 -0.13916047 -0.80859238
v 0.02820681 -0.13834770 -0.80386978
v 0.03072303 -0.13758573 -0.79944235
v 0.03322196 -0.13687456 -0.79531008
v 0.03571995 -0.13626498 -0.79176813
v 0.03820853 -0.13570620 -0.78852135
v 0.04067543 -0.13514742 -0.78527457
v 0.04313693 -0.13463944 -0.78232294
v 0.04559591 -0.13418226 -0.77966648
v 0.04803715 -0.13372508 -0.77701002
v 0.05049912 -0.13336949 -0.77494389
v 0.05296751 -0.13306470 -0.77317291
v 0.05542403 -0.13275991 -0.77140194
v 0.05786875 -0.13245513 -0.76963097
v 0.06032479 -0.13220114 -0.76815516
v 0.06279515 -0.13199794 -0.76697451
v 0.06525758 -0.13179475 -0.76579386
v 0.06771215 -0.13159156 -0.76461321
v 0.07021310 -0.13148996 -0.76402289
v 0.07271007 -0.13138837 -0.76343256
v 0.07520308 -0.13128677 -0.76284224
v 0.07769220 -0.13118517 -0.76225191
v 0.08020842 -0.13113438 -0.76195675
v 0.08272264 -0.13108358 -0.76166159
v 0.08526794 -0.13108358 -0.76166159
v 0.08781327 -0.13108358 -0.76166159
v 0.09039360 -0.13113438 -0.76195675
v 0.09297588 -0.13118517 -0.76225191
v 0.09559717 -0.13128677 -0.76284224
v 0.09818439 -0.13133757 -0.76313740
v 0.10081255 -0.13143916 -0.76372772
v 0.10348462 -0.13159156 -0.76461321
v 0.10612167 -0.13169315 -0.76520354
v 0.10884651 -0.13189635 -0.76638418
v 0.11157919 -0.13209954 -0.76756483
v 0.11440764 -0.13240433 -0.76933581
v 0.11729276 -0.13275991 -0.77140194
v 0.12014578 -0.13306470 -0.77317291
v 0.12315124 -0.13352188 -0.77582937
v 0.12612660 -0.13392827 -0.77819067
v 0.12911776 -0.13433465 -0.78055197
v 0.13217451 -0.13479184 -0.78320843
v 0.13529982 -0.13529982 -0.78616005
v 0.13844484 -0.13580780 -0.78911167
v 0.14155683 -0.13626498 -0.79176813
v 0.14479408 -0.13682376 -0.79501492
v 0.14816253 -0.13748413 -0.79885203
v 0.15183526 -0.13839850 -0.80416495
v 0.15684794 -0.14048122 -0.81626660
v 0.16171078 -0.14236075 -0.82718760
v 0.16564880 -0.14337671 -0.83309084
v 0.16938761 -0.14418948 -0.83781344
v 0.17327937 -0.14510384 -0.84312636
v 0.17732984 -0.14611980 -0.84902960
v 0.18154509 -0.14723735 -0.85552317
v 0.01526865 -0.14574644 -0.83072954
v 0.01789093 -0.14450362 -0.82364565
v 0.02051022 -0.14357151 -0.81833273
v 0.02310237 -0.14269117 -0.81331497
v 0.02567039 -0.14186262 -0.80859238
v 0.02820681 -0.14103407 -0.80386978
v 0.03072303 -0.14025730 -0.79944235
v 0.03323429 -0.13958411 -0.79560524
v 0.03571995 -0.13891090 -0.79176813
v 0.03820853 -0.13834128 -0.78852135
v 0.04067543 -0.13777165 -0.78527457
v 0.04313693 -0.13725381 -0.78232294
v 0.04559591 -0.13678774 -0.77966648
v 0.04803715 -0.13632168 -0.77701002
v 0.05049912 -0.13595919 -0.77494389
v 0.05294730 -0.13559671 -0.77287775
v 0.05540283 -0.13528599 -0.77110678
v 0.05786875 -0.13502707 -0.76963097
v 0.06030161 -0.13471636 -0.76786000
v 0.06277098 -0.13450924 -0.76667935
v 0.06523243 -0.13430209 -0.76549870
v 0.06768601 -0.13409495 -0.76431805
v 0.07018598 -0.13399139 -0.76372772
v 0.07268196 -0.13388781 -0.76313740
v 0.07514489 -0.13373247 -0.76225191
v 0.07766211 -0.13368069 -0.76195675
v 0.08017734 -0.13362889 -0.76166159
v 0.08269058 -0.13357711 -0.76136643
v 0.08523489 -0.13357711 -0.76136643
v 0.08777924 -0.13357711 -0.76136643
v 0.09035859 -0.13362889 -0.76166159
v 0.09293988 -0.13368069 -0.76195675
v 0.09552320 -0.13373247 -0.76225191
v 0.09810843 -0.13378425 -0.76254708
v 0.10073464 -0.13388781 -0.76313740
v 0.10340473 -0.13404317 -0.76402289
v 0.10603981 -0.13414674 -0.76461321
v 0.10876267 -0.13435388 -0.76579386
v 0.11153628 -0.13461280 -0.76726967
v 0.11431985 -0.13487172 -0.76874548
v 0.11715811 -0.13518243 -0.77051646
v 0.12005404 -0.13554491 -0.77258259
v 0.12301067 -0.13595919 -0.77494389
v 0.12598309 -0.13637346 -0.77730519
v 0.12897129 -0.13678774 -0.77966648
v 0.13202508 -0.13725381 -0.78232294
v 0.13509662 -0.13771987 -0.78497940
v 0.13823770 -0.13823770 -0.78793103
v 0.14139852 -0.13875556 -0.79088265
v 0.14468656 -0.13937697 -0.79442459
v 0.14805304 -0.14005016 -0.79826170
v 0.15177955 -0.14103407 -0.80386978
v 0.15701808 -0.14336437 -0.81715208
v 0.16171078 -0.14512503 -0.82718760
v 0.16564880 -0.14616072 -0.83309084
v 0.16938761 -0.14698927 -0.83781344
v 0.17340071 -0.14802496 -0.84371668
v 0.17732984 -0.14895707 -0.84902960
v 0.18167035 -0.15019991 -0.85611349
v 0.01530120 -0.14883919 -0.83250052
v 0.01789093 -0.14725608 -0.82364565
v 0.02051022 -0.14630620 -0.81833273
v 0.02311075 -0.14546187 -0.81361014
v 0.02567039 -0.14456476 -0.80859238
v 0.02821717 -0.14377320 -0.80416495
v 0.03072303 -0.14292887 -0.79944235
v 0.03323429 -0.14224285 -0.79560524
v 0.03571995 -0.14155683 -0.79176813
v 0.03820853 -0.14097635 -0.78852135
v 0.04067543 -0.14039586 -0.78527457
v 0.04313693 -0.13986817 -0.78232294
v 0.04557865 -0.13934046 -0.77937132
v 0.04803715 -0.13891828 -0.77701002
v 0.05047988 -0.13849613 -0.77464873
v 0.05294730 -0.13817950 -0.77287775
v 0.05540283 -0.13786288 -0.77110678
v 0.05784655 -0.13754626 -0.76933581
v 0.06027843 -0.13722962 -0.76756483
v 0.06274681 -0.13701855 -0.76638418
v 0.06523243 -0.13686024 -0.76549870
v 0.06768601 -0.13664915 -0.76431805
v 0.07015885 -0.13649084 -0.76343256
v 0.07265384 -0.13638529 -0.76284224
v 0.07514489 -0.13627975 -0.76225191
v 0.07763202 -0.13617420 -0.76166159
v 0.08014628 -0.13612144 -0.76136643
v 0.08265852 -0.13606867 -0.76107126
v 0.08520184 -0.13606867 -0.76107126
v 0.08774521 -0.13606867 -0.76107126
v 0.09032357 -0.13612144 -0.76136643
v 0.09290388 -0.13617420 -0.76166159
v 0.09544922 -0.13617420 -0.76166159
v 0.09807046 -0.13627975 -0.76225191
v 0.10065672 -0.13633251 -0.76254708
v 0.10332483 -0.13649084 -0.76343256
v 0.10599887 -0.13664915 -0.76431805
v 0.10867883 -0.13680746 -0.76520354
v 0.11140756 -0.13701855 -0.76638418
v 0.11423207 -0.13733517 -0.76815516
v 0.11706836 -0.13765180 -0.76992613
v 0.11996231 -0.13802119 -0.77199227
v 0.12287012 -0.13839059 -0.77405840
v 0.12583958 -0.13881275 -0.77641970
v 0.12882482 -0.13923492 -0.77878100
v 0.13187563 -0.13970985 -0.78143746
v 0.13494423 -0.14018479 -0.78409392
v 0.13808236 -0.14071250 -0.78704554
v 0.14124021 -0.14124021 -0.78999716
v 0.14452529 -0.14187346 -0.79353911
v 0.14799830 -0.14266501 -0.79796654
v 0.15172380 -0.14366767 -0.80357462
v 0.15707481 -0.14614789 -0.81744725
v 0.16171078 -0.14788933 -0.82718760
v 0.16564880 -0.14894474 -0.83309084
v 0.16950697 -0.14989461 -0.83840376
v 0.17340071 -0.15084448 -0.84371668
v 0.17745315 -0.15189990 -0.84961993
v 0.18192089 -0.15327194 -0.85729414
v 0.01536630 -0.15226634 -0.83604246
v 0.01789093 -0.15000853 -0.82364565
v 0.02051022 -0.14904089 -0.81833273
v 0.02311075 -0.14818078 -0.81361014
v 0.02567039 -0.14726691 -0.80859238
v 0.02821717 -0.14646056 -0.80416495
v 0.03072303 -0.14560044 -0.79944235
v 0.03322196 -0.14484784 -0.79531008
v 0.03571995 -0.14420275 -0.79176813
v 0.03819423 -0.14355767 -0.78822619
v 0.04067543 -0.14302011 -0.78527457
v 0.04313693 -0.14248252 -0.78232294
v 0.04557865 -0.14194494 -0.77937132
v 0.04801890 -0.14146115 -0.77671486
v 0.05046064 -0.14103109 -0.77435356
v 0.05292707 -0.14070855 -0.77258259
v 0.05538162 -0.14038600 -0.77081162
v 0.05782435 -0.14006345 -0.76904064
v 0.06025526 -0.13974091 -0.76726967
v 0.06272265 -0.13952589 -0.76608902
v 0.06520728 -0.13936462 -0.76520354
v 0.06765988 -0.13914959 -0.76402289
v 0.07013173 -0.13898832 -0.76313740
v 0.07262573 -0.13888079 -0.76254708
v 0.07511579 -0.13877328 -0.76195675
v 0.07760194 -0.13866577 -0.76136643
v 0.08011521 -0.13861200 -0.76107126
v 0.08262646 -0.13855825 -0.76077610
v 0.08513576 -0.13850449 -0.76048094
v 0.08767715 -0.13850449 -0.76048094
v 0.09025353 -0.13855825 -0.76077610
v 0.09283187 -0.13861200 -0.76107126
v 0.09541222 -0.13866577 -0.76136643
v 0.09799451 -0.13871953 -0.76166159
v 0.10061775 -0.13882704 -0.76225191
v 0.10324493 -0.13893455 -0.76284224
v 0.10591700 -0.13909583 -0.76372772
v 0.10859498 -0.13925710 -0.76461321
v 0.11132175 -0.13947213 -0.76579386
v 0.11414428 -0.13979466 -0.76756483
v 0.11697861 -0.14011721 -0.76933581
v 0.11982471 -0.14043976 -0.77110678
v 0.12272956 -0.14081605 -0.77317291
v 0.12569606 -0.14124611 -0.77553421
v 0.12862951 -0.14162241 -0.77760035
v 0.13167641 -0.14210622 -0.78025681
v 0.13474104 -0.14259005 -0.78291327
v 0.13787521 -0.14312761 -0.78586489
v 0.14102912 -0.14366518 -0.78881651
v 0.14441778 -0.14441778 -0.79294878
v 0.14788881 -0.14522414 -0.79737622
v 0.15172380 -0.14635305 -0.80357462
v 0.15701808 -0.14882587 -0.81715208
v 0.16159537 -0.15054610 -0.82659727
v 0.16541404 -0.15151373 -0.83191019
v 0.16938761 -0.15258887 -0.83781344
v 0.17327937 -0.15355650 -0.84312636
v 0.17745315 -0.15473916 -0.84961993
v 0.18292305 -0.15699697 -0.86201674
v 0.01794222 -0.15319893 -0.82600695
v 0.02053981 -0.15199457 -0.81951338
v 0.02313590 -0.15106393 -0.81449562
v 0.02568913 -0.15007855 -0.80918270
v 0.02822752 -0.14920266 -0.80446011
v 0.03073437 -0.14832675 -0.79973751
v 0.03323429 -0.14756034 -0.79560524
v 0.03571995 -0.14684868 -0.79176813
v 0.03820853 -0.14624651 -0.78852135
v 0.04066014 -0.14558959 -0.78497940
v 0.04312066 -0.14504215 -0.78202778
v 0.04557865 -0.14454946 -0.77937132
v 0.04801890 -0.14405677 -0.77671486
v 0.05046064 -0.14361881 -0.77435356
v 0.05290686 -0.14323561 -0.77228743
v 0.05536041 -0.14290714 -0.77051646
v 0.05780216 -0.14257868 -0.76874548
v 0.06025526 -0.14230497 -0.76726967
v 0.06269848 -0.14203125 -0.76579386
v 0.06515697 -0.14181228 -0.76461321
v 0.06763373 -0.14164805 -0.76372772
v 0.07010461 -0.14148381 -0.76284224
v 0.07259762 -0.14137432 -0.76225191
v 0.07508669 -0.14126484 -0.76166159
v 0.07757185 -0.14115535 -0.76107126
v 0.08008413 -0.14110062 -0.76077610
v 0.08259442 -0.14104587 -0.76048094
v 0.08510271 -0.14099112 -0.76018578
v 0.08764312 -0.14099112 -0.76018578
v 0.09018351 -0.14099112 -0.76018578
v 0.09279588 -0.14110062 -0.76077610
v 0.09533826 -0.14110062 -0.76077610
v 0.09795654 -0.14121009 -0.76136643
v 0.10053983 -0.14126484 -0.76166159
v 0.10316505 -0.14137432 -0.76225191
v 0.10583513 -0.14153856 -0.76313740
v 0.10851114 -0.14170279 -0.76402289
v 0.11123593 -0.14192176 -0.76520354
v 0.11401260 -0.14219548 -0.76667935
v 0.11684396 -0.14252394 -0.76845032
v 0.11968712 -0.14285241 -0.77022129
v 0.12263586 -0.14329036 -0.77258259
v 0.12550470 -0.14361881 -0.77435356
v 0.12848304 -0.14405677 -0.77671486
v 0.13147715 -0.14449471 -0.77907616
v 0.13453785 -0.14498740 -0.78173262
v 0.13766807 -0.14553484 -0.78468424
v 0.14087081 -0.14613701 -0.78793103
v 0.14425650 -0.14690343 -0.79206330
v 0.14783406 -0.14783406 -0.79708105
v 0.15177955 -0.14909317 -0.80386978
v 0.15690465 -0.15144715 -0.81656176
v 0.16136457 -0.15308945 -0.82541662
v 0.16529667 -0.15418431 -0.83131987
v 0.16926827 -0.15527919 -0.83722311
v 0.17327937 -0.15637405 -0.84312636
v 0.17745315 -0.15757841 -0.84961993
v 0.18567897 -0.16228636 -0.87500387
v 0.01798069 -0.15629366 -0.82777792
v 0.02056940 -0.15495613 -0.82069403
v 0.02316105 -0.15395300 -0.81538111
v 0.02571725 -0.15294987 -0.81006819
v 0.02824824 -0.15200244 -0.80505043
v 0.03074571 -0.15105505 -0.80003268
v 0.03324662 -0.15027483 -0.79590040
v 0.03573327 -0.14955033 -0.79206330
v 0.03820853 -0.14888158 -0.78852135
v 0.04066014 -0.14821282 -0.78497940
v 0.04312066 -0.14765552 -0.78202778
v 0.04557865 -0.14715394 -0.77937132
v 0.04801890 -0.14665239 -0.77671486
v 0.05044141 -0.14615081 -0.77405840
v 0.05290686 -0.14581643 -0.77228743
v 0.05533921 -0.14542632 -0.77022129
v 0.05777997 -0.14509195 -0.76845032
v 0.06023207 -0.14481330 -0.76697451
v 0.06267431 -0.14453465 -0.76549870
v 0.06515697 -0.14436746 -0.76461321
v 0.06758146 -0.14408880 -0.76313740
v 0.07007748 -0.14397734 -0.76254708
v 0.07256950 -0.14386590 -0.76195675
v 0.07502849 -0.14369871 -0.76107126
v 0.07751170 -0.14358725 -0.76048094
v 0.08002198 -0.14353152 -0.76018578
v 0.08253030 -0.14347579 -0.75989062
v 0.08503663 -0.14342006 -0.75959545
v 0.08757506 -0.14342006 -0.75959545
v 0.09011348 -0.14342006 -0.75959545
v 0.09268787 -0.14347579 -0.75989062
v 0.09526428 -0.14353152 -0.76018578
v 0.09784261 -0.14358725 -0.76048094
v 0.10046191 -0.14369871 -0.76107126
v 0.10308515 -0.14381017 -0.76166159
v 0.10571233 -0.14392161 -0.76225191
v 0.10842731 -0.14414454 -0.76343256
v 0.11115012 -0.14436746 -0.76461321
v 0.11392481 -0.14464611 -0.76608902
v 0.11675420 -0.14498049 -0.76786000
v 0.11959539 -0.14531487 -0.76963097
v 0.12249530 -0.14570497 -0.77169710
v 0.12540902 -0.14609508 -0.77376324
v 0.12833656 -0.14648519 -0.77582937
v 0.13132772 -0.14693102 -0.77819067
v 0.13438545 -0.14743260 -0.78084713
v 0.13751273 -0.14798990 -0.78379875
v 0.14071250 -0.14860293 -0.78704554
v 0.14414901 -0.14943887 -0.79147297
v 0.14777932 -0.15044202 -0.79678589
v 0.15189101 -0.15189101 -0.80446011
v 0.15696137 -0.15423165 -0.81685692
v 0.16136457 -0.15584782 -0.82541662
v 0.16517928 -0.15685095 -0.83072954
v 0.16926827 -0.15807702 -0.83722311
v 0.17327937 -0.15919162 -0.84312636
v 0.17757644 -0.16052912 -0.85021025
v 0.01805762 -0.15974048 -0.83131987
v 0.02061379 -0.15803899 -0.82246500
v 0.02319459 -0.15690465 -0.81656176
v 0.02574536 -0.15582705 -0.81095368
v 0.02826895 -0.15480614 -0.80564076
v 0.03075706 -0.15378526 -0.80032784
v 0.03324662 -0.15293452 -0.79590040
v 0.03573327 -0.15219721 -0.79206330
v 0.03819423 -0.15145990 -0.78822619
v 0.04066014 -0.15083601 -0.78497940
v 0.04312066 -0.15026885 -0.78202778
v 0.04556139 -0.14970168 -0.77907616
v 0.04800065 -0.14919125 -0.77641970
v 0.05044141 -0.14873751 -0.77405840
v 0.05288664 -0.14834049 -0.77199227
v 0.05531800 -0.14794348 -0.76992613
v 0.05775777 -0.14760318 -0.76815516
v 0.06018572 -0.14726289 -0.76638418
v 0.06262598 -0.14697930 -0.76490837
v 0.06508151 -0.14675245 -0.76372772
v 0.06752918 -0.14652558 -0.76254708
v 0.06999610 -0.14635544 -0.76166159
v 0.07248517 -0.14624199 -0.76107126
v 0.07497030 -0.14612857 -0.76048094
v 0.07745153 -0.14601514 -0.75989062
v 0.07995985 -0.14595841 -0.75959545
v 0.08246619 -0.14590169 -0.75930029
v 0.08497054 -0.14584498 -0.75900513
v 0.08750700 -0.14584498 -0.75900513
v 0.09004344 -0.14584498 -0.75900513
v 0.09261586 -0.14590169 -0.75930029
v 0.09515331 -0.14590169 -0.75930029
v 0.09776666 -0.14601514 -0.75989062
v 0.10034502 -0.14607185 -0.76018578
v 0.10300525 -0.14624199 -0.76107126
v 0.10563046 -0.14635544 -0.76166159
v 0.10834346 -0.14658229 -0.76284224
v 0.11106431 -0.14680916 -0.76402289
v 0.11383702 -0.14709274 -0.76549870
v 0.11666445 -0.14743304 -0.76726967
v 0.11950365 -0.14777333 -0.76904064
v 0.12235474 -0.14811364 -0.77081162
v 0.12526551 -0.14851065 -0.77287775
v 0.12819009 -0.14890766 -0.77494389
v 0.13117827 -0.14936139 -0.77730519
v 0.13418226 -0.14981513 -0.77966648
v 0.13730559 -0.15038228 -0.78261811
v 0.14060695 -0.15111959 -0.78645521
v 0.14404149 -0.15197034 -0.79088265
v 0.14783406 -0.15316139 -0.79708105
v 0.15205818 -0.15474944 -0.80534559
v 0.15696137 -0.15696137 -0.81685692
v 0.16124916 -0.15849270 -0.82482630
v 0.16517928 -0.15962704 -0.83072954
v 0.16914892 -0.16076136 -0.83663279
v 0.17340071 -0.16212255 -0.84371668
v 0.17819291 -0.16393746 -0.85316187
v 0.01822432 -0.16401888 -0.83899409
v 0.02065818 -0.16113375 -0.82423598
v 0.02322813 -0.15986429 -0.81774241
v 0.02576410 -0.15865253 -0.81154400
v 0.02827931 -0.15755619 -0.80593592
v 0.03077974 -0.15657525 -0.80091816
v 0.03325895 -0.15565200 -0.79619557
v 0.03574659 -0.15490186 -0.79235846
v 0.03820853 -0.15415174 -0.78852135
v 0.04066014 -0.15345931 -0.78497940
v 0.04310438 -0.15282457 -0.78173262
v 0.04556139 -0.15230525 -0.77907616
v 0.04798240 -0.15172821 -0.77612454
v 0.05040294 -0.15120889 -0.77346808
v 0.05284619 -0.15080498 -0.77140194
v 0.05529679 -0.15045877 -0.76963097
v 0.05771339 -0.15005484 -0.76756483
v 0.06013935 -0.14970863 -0.76579386
v 0.06260181 -0.14947782 -0.76461321
v 0.06503121 -0.14918931 -0.76313740
v 0.06747691 -0.14895849 -0.76195675
v 0.06994186 -0.14878538 -0.76107126
v 0.07242895 -0.14866997 -0.76048094
v 0.07488301 -0.14849687 -0.75959545
v 0.07736126 -0.14838147 -0.75900513
v 0.07986664 -0.14832376 -0.75870997
v 0.08237001 -0.14826606 -0.75841480
v 0.08487141 -0.14820835 -0.75811964
v 0.08740491 -0.14820835 -0.75811964
v 0.08993839 -0.14820835 -0.75811964
v 0.09250785 -0.14826606 -0.75841480
v 0.09504235 -0.14826606 -0.75841480
v 0.09761477 -0.14832376 -0.75870997
v 0.10026710 -0.14849687 -0.75959545
v 0.10288540 -0.14861228 -0.76018578
v 0.10550766 -0.14872769 -0.76077610
v 0.10821769 -0.14895849 -0.76195675
v 0.11097849 -0.14924701 -0.76343256
v 0.11370534 -0.14947782 -0.76461321
v 0.11648493 -0.14976633 -0.76608902
v 0.11936605 -0.15017025 -0.76815516
v 0.12221418 -0.15051647 -0.76992613
v 0.12516983 -0.15097809 -0.77228743
v 0.12804361 -0.15132430 -0.77405840
v 0.13102885 -0.15178593 -0.77641970
v 0.13402987 -0.15224755 -0.77878100
v 0.13715023 -0.15282457 -0.78173262
v 0.14044864 -0.15357471 -0.78556973
v 0.14398773 -0.15455563 -0.79058748
v 0.14788881 -0.15588281 -0.79737622
v 0.15216964 -0.15755619 -0.80593592
v 0.15696137 -0.15969118 -0.81685692
v 0.16113375 -0.16113375 -0.82423598
v 0.16517928 -0.16240320 -0.83072954
v 0.16926827 -0.16367267 -0.83722311
v 0.17352203 -0.16505754 -0.84430701
v 0.17893270 -0.16748103 -0.85670382
v 0.02073215 -0.16447501 -0.82718760
v 0.02327843 -0.16294910 -0.81951338
v 0.02580158 -0.16159925 -0.81272465
v 0.02832073 -0.16048416 -0.80711657
v 0.03080243 -0.15936907 -0.80150849
v 0.03328361 -0.15843005 -0.79678589
v 0.03575990 -0.15760840 -0.79265362
v 0.03822283 -0.15684545 -0.78881651
v 0.04066014 -0.15608250 -0.78497940
v 0.04310438 -0.15543692 -0.78173262
v 0.04554413 -0.15485002 -0.77878100
v 0.04798240 -0.15432182 -0.77612454
v 0.05040294 -0.15379362 -0.77346808
v 0.05282597 -0.15332411 -0.77110678
v 0.05525438 -0.15291327 -0.76904064
v 0.05769119 -0.15256116 -0.76726967
v 0.06011618 -0.15220903 -0.76549870
v 0.06255349 -0.15191558 -0.76402289
v 0.06500605 -0.15168081 -0.76284224
v 0.06742463 -0.15138736 -0.76136643
v 0.06988761 -0.15121131 -0.76048094
v 0.07237273 -0.15109393 -0.75989062
v 0.07482481 -0.15091786 -0.75900513
v 0.07730111 -0.15080048 -0.75841480
v 0.07980449 -0.15074179 -0.75811964
v 0.08230590 -0.15068310 -0.75782448
v 0.08480532 -0.15062441 -0.75752932
v 0.08730283 -0.15056573 -0.75723416
v 0.08986836 -0.15062441 -0.75752932
v 0.09239985 -0.15062441 -0.75752932
v 0.09496836 -0.15068310 -0.75782448
v 0.09753881 -0.15074179 -0.75811964
v 0.10015021 -0.15085916 -0.75870997
v 0.10276557 -0.15097655 -0.75930029
v 0.10542579 -0.15115261 -0.76018578
v 0.10813385 -0.15138736 -0.76136643
v 0.11084978 -0.15162212 -0.76254708
v 0.11361756 -0.15191558 -0.76402289
v 0.11639516 -0.15220903 -0.76549870
v 0.11922845 -0.15256116 -0.76726967
v 0.12212048 -0.15297197 -0.76933581
v 0.12502632 -0.15338279 -0.77140194
v 0.12789713 -0.15373494 -0.77317291
v 0.13087942 -0.15420446 -0.77553421
v 0.13387747 -0.15467395 -0.77789551
v 0.13694309 -0.15520215 -0.78055197
v 0.14029033 -0.15602380 -0.78468424
v 0.14388022 -0.15708020 -0.78999716
v 0.14788881 -0.15854743 -0.79737622
v 0.15216964 -0.16024940 -0.80593592
v 0.15679123 -0.16224483 -0.81597143
v 0.16101834 -0.16377077 -0.82364565
v 0.16506191 -0.16506191 -0.83013922
v 0.16926827 -0.16647044 -0.83722311
v 0.17364337 -0.16799636 -0.84489733
v 0.02085052 -0.16819412 -0.83191019
v 0.02332874 -0.16604580 -0.82128435
v 0.02583906 -0.16455391 -0.81390530
v 0.02835181 -0.16336040 -0.80800205
v 0.03082512 -0.16216689 -0.80209881
v 0.03330827 -0.16121210 -0.79737622
v 0.03577322 -0.16031696 -0.79294878
v 0.03822283 -0.15948150 -0.78881651
v 0.04067543 -0.15876542 -0.78527457
v 0.04310438 -0.15804930 -0.78173262
v 0.04554413 -0.15745255 -0.77878100
v 0.04796416 -0.15685579 -0.77582937
v 0.05038371 -0.15631872 -0.77317291
v 0.05280575 -0.15584132 -0.77081162
v 0.05523317 -0.15542358 -0.76874548
v 0.05766900 -0.15506552 -0.76697451
v 0.06009299 -0.15470748 -0.76520354
v 0.06252932 -0.15440911 -0.76372772
v 0.06498091 -0.15417041 -0.76254708
v 0.06742463 -0.15393171 -0.76136643
v 0.06986048 -0.15369299 -0.76018578
v 0.07231651 -0.15351398 -0.75930029
v 0.07479572 -0.15339462 -0.75870997
v 0.07727102 -0.15327528 -0.75811964
v 0.07974236 -0.15315592 -0.75752932
v 0.08220973 -0.15303658 -0.75693899
v 0.08473924 -0.15303658 -0.75693899
v 0.08723476 -0.15297689 -0.75664383
v 0.08979832 -0.15303658 -0.75693899
v 0.09232784 -0.15303658 -0.75693899
v 0.09485740 -0.15303658 -0.75693899
v 0.09746286 -0.15315592 -0.75752932
v 0.10007229 -0.15327528 -0.75811964
v 0.10268567 -0.15339462 -0.75870997
v 0.10534392 -0.15357365 -0.75959545
v 0.10800810 -0.15375268 -0.76048094
v 0.11072104 -0.15399139 -0.76166159
v 0.11348587 -0.15428975 -0.76313740
v 0.11630540 -0.15464781 -0.76490837
v 0.11913673 -0.15500586 -0.76667935
v 0.12202677 -0.15542358 -0.76874548
v 0.12488279 -0.15578163 -0.77051646
v 0.12779948 -0.15619937 -0.77258259
v 0.13072997 -0.15661709 -0.77464873
v 0.13367428 -0.15703481 -0.77671486
v 0.13678774 -0.15763156 -0.77966648
v 0.14013202 -0.15846702 -0.78379875
v 0.14377271 -0.15960085 -0.78940684
v 0.14788881 -0.16121210 -0.79737622
v 0.15211390 -0.16288300 -0.80564076
v 0.15667778 -0.16485229 -0.81538111
v 0.16090295 -0.16640384 -0.82305533
v 0.16506191 -0.16783607 -0.83013922
v 0.16926827 -0.16926827 -0.83722311
v 0.17364337 -0.17081983 -0.84489733
v 0.02130918 -0.17473526 -0.85021025
v 0.02337904 -0.16915439 -0.82305533
v 0.02588592 -0.16757719 -0.81538111
v 0.02838288 -0.16624261 -0.80888754
v 0.03084780 -0.16496871 -0.80268914
v 0.03332060 -0.16393746 -0.79767138
v 0.03578654 -0.16302754 -0.79324394
v 0.03822283 -0.16211762 -0.78881651
v 0.04066014 -0.16132902 -0.78497940
v 0.04308810 -0.16060108 -0.78143746
v 0.04552687 -0.15999445 -0.77848583
v 0.04794591 -0.15938784 -0.77553421
v 0.05036447 -0.15884189 -0.77287775
v 0.05280575 -0.15841725 -0.77081162
v 0.05521196 -0.15793195 -0.76845032
v 0.05764681 -0.15756799 -0.76667935
v 0.06006981 -0.15720402 -0.76490837
v 0.06248099 -0.15684006 -0.76313740
v 0.06493060 -0.15659741 -0.76195675
v 0.06734621 -0.15629409 -0.76048094
v 0.06980623 -0.15611210 -0.75959545
v 0.07226028 -0.15593012 -0.75870997
v 0.07473751 -0.15580881 -0.75811964
v 0.07721085 -0.15568747 -0.75752932
v 0.07968021 -0.15556616 -0.75693899
v 0.08214561 -0.15544482 -0.75634867
v 0.08464012 -0.15538417 -0.75605351
v 0.08716671 -0.15538417 -0.75605351
v 0.08969328 -0.15538417 -0.75605351
v 0.09225583 -0.15544482 -0.75634867
v 0.09478342 -0.15544482 -0.75634867
v 0.09734893 -0.15550549 -0.75664383
v 0.09995541 -0.15562680 -0.75723416
v 0.10256582 -0.15574814 -0.75782448
v 0.10522112 -0.15593012 -0.75870997
v 0.10792425 -0.15617277 -0.75989062
v 0.11063524 -0.15641542 -0.76107126
v 0.11339809 -0.15671872 -0.76254708
v 0.11617076 -0.15702204 -0.76402289
v 0.11904499 -0.15744665 -0.76608902
v 0.12188622 -0.15781064 -0.76786000
v 0.12478711 -0.15823527 -0.76992613
v 0.12765300 -0.15859924 -0.77169710
v 0.13058054 -0.15902388 -0.77376324
v 0.13357268 -0.15950917 -0.77612454
v 0.13668418 -0.16011578 -0.77907616
v 0.13997370 -0.16090438 -0.78291327
v 0.14371894 -0.16217828 -0.78911167
v 0.14777932 -0.16375548 -0.79678589
v 0.15200244 -0.16545402 -0.80505043
v 0.15650763 -0.16739519 -0.81449562
v 0.16078754 -0.16903305 -0.82246500
v 0.16506191 -0.17061028 -0.83013922
v 0.16938761 -0.17218748 -0.83781344
v 0.17400733 -0.17400733 -0.84666830
v 0.02352996 -0.17301448 -0.82836825
v 0.02595151 -0.17073350 -0.81744725
v 0.02841395 -0.16913064 -0.80977303
v 0.03088183 -0.16783606 -0.80357462
v 0.03333293 -0.16666473 -0.79796654
v 0.03579985 -0.16574001 -0.79353911
v 0.03823713 -0.16481528 -0.78911167
v 0.04067543 -0.16401386 -0.78527457
v 0.04308810 -0.16321243 -0.78143746
v 0.04550961 -0.16253430 -0.77819067
v 0.04792766 -0.16191782 -0.77523905
v 0.05034524 -0.16136298 -0.77258259
v 0.05278553 -0.16093147 -0.77051646
v 0.05521196 -0.16049993 -0.76845032
v 0.05762462 -0.16006839 -0.76638418
v 0.06002346 -0.15963686 -0.76431805
v 0.06245682 -0.15932861 -0.76284224
v 0.06488030 -0.15902036 -0.76136643
v 0.06732007 -0.15877376 -0.76018578
v 0.06975198 -0.15852718 -0.75900513
v 0.07220406 -0.15834223 -0.75811964
v 0.07467932 -0.15821894 -0.75752932
v 0.07715068 -0.15809564 -0.75693899
v 0.07958700 -0.15791069 -0.75605351
v 0.08208150 -0.15784904 -0.75575835
v 0.08457402 -0.15778740 -0.75546318
v 0.08709865 -0.15778740 -0.75546318
v 0.08962324 -0.15778740 -0.75546318
v 0.09214783 -0.15778740 -0.75546318
v 0.09470944 -0.15784904 -0.75575835
v 0.09727298 -0.15791069 -0.75605351
v 0.09983853 -0.15797235 -0.75634867
v 0.10248592 -0.15815729 -0.75723416
v 0.10513925 -0.15834223 -0.75811964
v 0.10779849 -0.15852718 -0.75900513
v 0.11054942 -0.15883543 -0.76048094
v 0.11326642 -0.15908201 -0.76166159
v 0.11608100 -0.15945190 -0.76343256
v 0.11890739 -0.15982179 -0.76520354
v 0.12174566 -0.16019168 -0.76697451
v 0.12464360 -0.16062322 -0.76904064
v 0.12755536 -0.16105476 -0.77110678
v 0.13048092 -0.16148628 -0.77317291
v 0.13336949 -0.16185617 -0.77494389
v 0.13652882 -0.16253430 -0.77819067
v 0.13986817 -0.16339737 -0.78232294
v 0.14355767 -0.16463034 -0.78822619
v 0.14766984 -0.16629484 -0.79619557
v 0.15189101 -0.16802099 -0.80446011
v 0.15633750 -0.16993207 -0.81361014
v 0.16067213 -0.17165822 -0.82187468
v 0.16494453 -0.17326108 -0.82954890
v 0.16938761 -0.17498723 -0.83781344
v 0.17461394 -0.17745315 -0.84961993
v 0.02394916 -0.17891444 -0.84312636
v 0.02603584 -0.17402896 -0.82010370
v 0.02846573 -0.17214991 -0.81124884
v 0.03091586 -0.17070933 -0.80446011
v 0.03338224 -0.16958191 -0.79914719
v 0.03582648 -0.16851711 -0.79412943
v 0.03826574 -0.16757759 -0.78970200
v 0.04069072 -0.16670072 -0.78556973
v 0.04310438 -0.16588648 -0.78173262
v 0.04550961 -0.16513486 -0.77819067
v 0.04792766 -0.16450852 -0.77523905
v 0.05034524 -0.16394481 -0.77258259
v 0.05276531 -0.16344373 -0.77022129
v 0.05519076 -0.16300529 -0.76815516
v 0.05760242 -0.16256686 -0.76608902
v 0.06002346 -0.16219103 -0.76431805
v 0.06245682 -0.16187786 -0.76284224
v 0.06485514 -0.16150206 -0.76107126
v 0.06726779 -0.16118889 -0.75959545
v 0.06972485 -0.16100098 -0.75870997
v 0.07217594 -0.16081308 -0.75782448
v 0.07462112 -0.16062516 -0.75693899
v 0.07709052 -0.16049990 -0.75634867
v 0.07955593 -0.16037463 -0.75575835
v 0.08201738 -0.16024937 -0.75516802
v 0.08450793 -0.16018672 -0.75487286
v 0.08703058 -0.16018672 -0.75487286
v 0.08955322 -0.16018672 -0.75487286
v 0.09207582 -0.16018672 -0.75487286
v 0.09459848 -0.16018672 -0.75487286
v 0.09715906 -0.16024937 -0.75516802
v 0.09976060 -0.16037463 -0.75575835
v 0.10236608 -0.16049990 -0.75634867
v 0.10501645 -0.16068780 -0.75723416
v 0.10771465 -0.16093834 -0.75841480
v 0.11042070 -0.16118889 -0.75959545
v 0.11317863 -0.16150206 -0.76107126
v 0.11594637 -0.16181524 -0.76254708
v 0.11876979 -0.16219103 -0.76431805
v 0.12165195 -0.16262947 -0.76638418
v 0.12454793 -0.16306791 -0.76845032
v 0.12740888 -0.16344373 -0.77022129
v 0.13033147 -0.16388217 -0.77228743
v 0.13326789 -0.16432060 -0.77435356
v 0.13637346 -0.16494696 -0.77730519
v 0.13970985 -0.16582383 -0.78143746
v 0.14339639 -0.16707653 -0.78734070
v 0.14745086 -0.16870502 -0.79501492
v 0.15166809 -0.17045878 -0.80327946
v 0.15611063 -0.17240044 -0.81242949
v 0.16044132 -0.17415422 -0.82069403
v 0.16470976 -0.17578271 -0.82836825
v 0.16926827 -0.17766176 -0.83722311
v 0.17619115 -0.18192089 -0.85729414
v 0.02616703 -0.17766026 -0.82423598
v 0.02852787 -0.17524266 -0.81301981
v 0.03097258 -0.17371577 -0.80593592
v 0.03341923 -0.17244335 -0.80003268
v 0.03586643 -0.17136180 -0.79501492
v 0.03829435 -0.17034386 -0.79029232
v 0.04072129 -0.16945317 -0.78616005
v 0.04312066 -0.16856247 -0.78202778
v 0.04552687 -0.16779903 -0.77848583
v 0.04792766 -0.16709921 -0.77523905
v 0.05034524 -0.16652660 -0.77258259
v 0.05276531 -0.16601764 -0.77022129
v 0.05519076 -0.16557230 -0.76815516
v 0.05760242 -0.16512695 -0.76608902
v 0.06000027 -0.16468161 -0.76402289
v 0.06240849 -0.16429989 -0.76225191
v 0.06482999 -0.16398177 -0.76077610
v 0.06724165 -0.16366367 -0.75930029
v 0.06967060 -0.16340919 -0.75811964
v 0.07214784 -0.16328195 -0.75752932
v 0.07459202 -0.16309109 -0.75664383
v 0.07706043 -0.16296385 -0.75605351
v 0.07949379 -0.16277298 -0.75516802
v 0.08195327 -0.16264574 -0.75457770
v 0.08444185 -0.16258213 -0.75428253
v 0.08696252 -0.16258213 -0.75428253
v 0.08948319 -0.16258213 -0.75428253
v 0.09200381 -0.16258213 -0.75428253
v 0.09452450 -0.16258213 -0.75428253
v 0.09708311 -0.16264574 -0.75457770
v 0.09968267 -0.16277298 -0.75516802
v 0.10232613 -0.16296385 -0.75605351
v 0.10493457 -0.16309109 -0.75664383
v 0.10763080 -0.16334558 -0.75782448
v 0.11033489 -0.16360004 -0.75900513
v 0.11304694 -0.16385452 -0.76018578
v 0.11585660 -0.16423625 -0.76195675
v 0.11867806 -0.16461799 -0.76372772
v 0.12151140 -0.16499971 -0.76549870
v 0.12440441 -0.16544506 -0.76756483
v 0.12731123 -0.16589040 -0.76963097
v 0.13018206 -0.16627212 -0.77140194
v 0.13311550 -0.16671748 -0.77346808
v 0.13621812 -0.16735369 -0.77641970
v 0.13955154 -0.16824438 -0.78055197
v 0.14328888 -0.16958041 -0.78675038
v 0.14728664 -0.17117092 -0.79412943
v 0.15144517 -0.17288870 -0.80209881
v 0.15582705 -0.17479733 -0.81095368
v 0.16015281 -0.17657872 -0.81921822
v 0.16459240 -0.17842372 -0.82777792
v 0.16926827 -0.18045959 -0.83722311
v 0.02648563 -0.18261133 -0.83427149
v 0.02860037 -0.17841186 -0.81508595
v 0.03101795 -0.17666748 -0.80711657
v 0.03345622 -0.17531072 -0.80091816
v 0.03589306 -0.17414778 -0.79560524
v 0.03832295 -0.17311408 -0.79088265
v 0.04075187 -0.17220958 -0.78675038
v 0.04313693 -0.17124046 -0.78232294
v 0.04554413 -0.17046517 -0.77878100
v 0.04792766 -0.16968989 -0.77523905
v 0.05032600 -0.16904381 -0.77228743
v 0.05276531 -0.16859157 -0.77022129
v 0.05519076 -0.16813932 -0.76815516
v 0.05758023 -0.16762246 -0.76579386
v 0.06000027 -0.16723482 -0.76402289
v 0.06240849 -0.16684717 -0.76225191
v 0.06480484 -0.16645953 -0.76048094
v 0.06721552 -0.16613649 -0.75900513
v 0.06964348 -0.16587806 -0.75782448
v 0.07209161 -0.16568425 -0.75693899
v 0.07456293 -0.16555503 -0.75634867
v 0.07700026 -0.16536120 -0.75546318
v 0.07943165 -0.16516739 -0.75457770
v 0.08192121 -0.16510276 -0.75428253
v 0.08437576 -0.16497357 -0.75369221
v 0.08689447 -0.16497357 -0.75369221
v 0.08941315 -0.16497357 -0.75369221
v 0.09193181 -0.16497357 -0.75369221
v 0.09448751 -0.16503817 -0.75398737
v 0.09700716 -0.16503817 -0.75398737
v 0.09960475 -0.16516739 -0.75457770
v 0.10220629 -0.16529660 -0.75516802
v 0.10485271 -0.16549042 -0.75605351
v 0.10750505 -0.16568425 -0.75693899
v 0.11020616 -0.16594268 -0.75811964
v 0.11295915 -0.16626571 -0.75959545
v 0.11572197 -0.16658874 -0.76107126
v 0.11854047 -0.16697639 -0.76284224
v 0.12141769 -0.16742863 -0.76490837
v 0.12426089 -0.16781628 -0.76667935
v 0.12711592 -0.16820392 -0.76845032
v 0.12998280 -0.16859157 -0.77022129
v 0.13291231 -0.16904381 -0.77228743
v 0.13606276 -0.16975449 -0.77553421
v 0.13939323 -0.17065901 -0.77966648
v 0.14302011 -0.17188653 -0.78527457
v 0.14695817 -0.17343710 -0.79235846
v 0.15105505 -0.17511690 -0.80003268
v 0.15537332 -0.17699051 -0.80859238
v 0.15974888 -0.17886412 -0.81715208
v 0.16447501 -0.18106075 -0.82718760
v 0.16938761 -0.18338661 -0.83781344
v 0.02873501 -0.18198843 -0.81892306
v 0.03109735 -0.17982385 -0.80918270
v 0.03350554 -0.17824960 -0.80209881
v 0.03594632 -0.17706890 -0.79678589
v 0.03836586 -0.17595382 -0.79176813
v 0.04078245 -0.17496991 -0.78734070
v 0.04316948 -0.17398602 -0.78291327
v 0.04556139 -0.17313330 -0.77907616
v 0.04794591 -0.17234617 -0.77553421
v 0.05034524 -0.17169024 -0.77258259
v 0.05276531 -0.17116548 -0.77022129
v 0.05516955 -0.17064074 -0.76786000
v 0.05760242 -0.17024718 -0.76608902
v 0.05997710 -0.16972242 -0.76372772
v 0.06238432 -0.16932887 -0.76195675
v 0.06477968 -0.16893530 -0.76018578
v 0.06718937 -0.16860734 -0.75870997
v 0.06961635 -0.16834496 -0.75752932
v 0.07206351 -0.16814817 -0.75664383
v 0.07450473 -0.16795141 -0.75575835
v 0.07694009 -0.16775462 -0.75487286
v 0.07940058 -0.16762343 -0.75428253
v 0.08185709 -0.16749224 -0.75369221
v 0.08434272 -0.16742665 -0.75339705
v 0.08682641 -0.16736105 -0.75310189
v 0.08934312 -0.16736105 -0.75310189
v 0.09185980 -0.16736105 -0.75310189
v 0.09437655 -0.16736105 -0.75310189
v 0.09693120 -0.16742665 -0.75339705
v 0.09952682 -0.16755784 -0.75398737
v 0.10208644 -0.16762343 -0.75428253
v 0.10472991 -0.16782022 -0.75516802
v 0.10737929 -0.16801700 -0.75605351
v 0.11007744 -0.16827936 -0.75723416
v 0.11282747 -0.16860734 -0.75870997
v 0.11558733 -0.16893530 -0.76018578
v 0.11840287 -0.16932887 -0.76195675
v 0.12127713 -0.16978802 -0.76402289
v 0.12411737 -0.17018159 -0.76579386
v 0.12696946 -0.17057514 -0.76756483
v 0.12983337 -0.17096871 -0.76933581
v 0.13275991 -0.17142786 -0.77140194
v 0.13585563 -0.17208380 -0.77435356
v 0.13912937 -0.17293651 -0.77819067
v 0.14275132 -0.17418279 -0.78379875
v 0.14662971 -0.17569144 -0.79058748
v 0.15060921 -0.17726569 -0.79767138
v 0.15491958 -0.17916791 -0.80623108
v 0.15940267 -0.18120131 -0.81538111
v 0.16424026 -0.18356268 -0.82600695
v 0.16998437 -0.18684235 -0.84076506
v 0.02896286 -0.18618986 -0.82541662
v 0.03121079 -0.18319376 -0.81213433
v 0.03357952 -0.18132952 -0.80386978
v 0.03601291 -0.18006451 -0.79826170
v 0.03843737 -0.17893264 -0.79324394
v 0.04084361 -0.17786737 -0.78852135
v 0.04321830 -0.17680208 -0.78379875
v 0.04559591 -0.17586997 -0.77966648
v 0.04798240 -0.17507102 -0.77612454
v 0.05036447 -0.17433862 -0.77287775
v 0.05278553 -0.17380598 -0.77051646
v 0.05519076 -0.17327334 -0.76815516
v 0.05760242 -0.17280729 -0.76608902
v 0.05997710 -0.17227465 -0.76372772
v 0.06238432 -0.17187516 -0.76195675
v 0.06475453 -0.17140910 -0.75989062
v 0.06718937 -0.17114279 -0.75870997
v 0.06958923 -0.17080988 -0.75723416
v 0.07203539 -0.17061014 -0.75634867
v 0.07447564 -0.17041041 -0.75546318
v 0.07691000 -0.17021067 -0.75457770
v 0.07936951 -0.17007750 -0.75398737
v 0.08182505 -0.16994436 -0.75339705
v 0.08430967 -0.16987777 -0.75310189
v 0.08679238 -0.16981119 -0.75280672
v 0.08930811 -0.16981119 -0.75280672
v 0.09178781 -0.16974461 -0.75251156
v 0.09430256 -0.16974461 -0.75251156
v 0.09685526 -0.16981119 -0.75280672
v 0.09940994 -0.16987777 -0.75310189
v 0.10200655 -0.17001092 -0.75369221
v 0.10460711 -0.17014410 -0.75428253
v 0.10729544 -0.17041041 -0.75546318
v 0.10999162 -0.17067674 -0.75664383
v 0.11273969 -0.17100963 -0.75811964
v 0.11545268 -0.17127596 -0.75930029
v 0.11826526 -0.17167543 -0.76107126
v 0.12113658 -0.17214148 -0.76313740
v 0.12397385 -0.17254098 -0.76490837
v 0.12682298 -0.17294045 -0.76667935
v 0.12968393 -0.17333993 -0.76845032
v 0.13255672 -0.17373942 -0.77022129
v 0.13564849 -0.17440520 -0.77317291
v 0.13897106 -0.17533733 -0.77730519
v 0.14253628 -0.17653577 -0.78261811
v 0.14630125 -0.17793395 -0.78881651
v 0.15027483 -0.17953187 -0.79590040
v 0.15446585 -0.18132952 -0.80386978
v 0.15905645 -0.18352666 -0.81361014
v 0.16388813 -0.18592355 -0.82423598
v 0.17201334 -0.19191575 -0.85080057
v 0.03045425 -0.19867779 -0.86791998
v 0.03133556 -0.18665098 -0.81538111
v 0.03367816 -0.18455642 -0.80623108
v 0.03610612 -0.18320510 -0.80032784
v 0.03850888 -0.18192135 -0.79471976
v 0.04090476 -0.18077271 -0.78970200
v 0.04326713 -0.17962410 -0.78468424
v 0.04563044 -0.17861058 -0.78025681
v 0.04801890 -0.17779979 -0.77671486
v 0.05038371 -0.17698899 -0.77317291
v 0.05278553 -0.17638089 -0.77051646
v 0.05521196 -0.17590794 -0.76845032
v 0.05760242 -0.17536740 -0.76608902
v 0.05997710 -0.17482688 -0.76372772
v 0.06236015 -0.17435390 -0.76166159
v 0.06475453 -0.17394850 -0.75989062
v 0.06716324 -0.17361069 -0.75841480
v 0.06956210 -0.17327283 -0.75693899
v 0.07200728 -0.17307015 -0.75605351
v 0.07444654 -0.17286745 -0.75516802
v 0.07684984 -0.17259718 -0.75398737
v 0.07930737 -0.17246205 -0.75339705
v 0.08176093 -0.17232691 -0.75280672
v 0.08424359 -0.17225936 -0.75251156
v 0.08672432 -0.17219178 -0.75221640
v 0.08923807 -0.17219178 -0.75221640
v 0.09171580 -0.17212422 -0.75192124
v 0.09422859 -0.17212422 -0.75192124
v 0.09677931 -0.17219178 -0.75221640
v 0.09933202 -0.17225936 -0.75251156
v 0.10188670 -0.17232691 -0.75280672
v 0.10452523 -0.17252962 -0.75369221
v 0.10716968 -0.17273231 -0.75457770
v 0.10986291 -0.17300257 -0.75575835
v 0.11260801 -0.17334041 -0.75723416
v 0.11536293 -0.17367823 -0.75870997
v 0.11817353 -0.17408364 -0.76048094
v 0.12099602 -0.17448904 -0.76225191
v 0.12383034 -0.17489444 -0.76402289
v 0.12662767 -0.17523228 -0.76549870
v 0.12948468 -0.17563766 -0.76726967
v 0.13240433 -0.17611063 -0.76933581
v 0.13549313 -0.17678629 -0.77228743
v 0.13870721 -0.17759708 -0.77582937
v 0.14226750 -0.17881329 -0.78114229
v 0.14597279 -0.18016462 -0.78704554
v 0.14982899 -0.18165107 -0.79353911
v 0.15406883 -0.18354294 -0.80180365
v 0.15859483 -0.18570505 -0.81124884
v 0.16377077 -0.18854284 -0.82364565
v 0.03178929 -0.19211793 -0.82718760
v 0.03380145 -0.18793620 -0.80918270
v 0.03618601 -0.18629095 -0.80209881
v 0.03858039 -0.18491989 -0.79619557
v 0.04096591 -0.18368594 -0.79088265
v 0.04331595 -0.18245199 -0.78556973
v 0.04566496 -0.18135513 -0.78084713
v 0.04803715 -0.18046395 -0.77701002
v 0.05040294 -0.17964134 -0.77346808
v 0.05280575 -0.17902435 -0.77081162
v 0.05519076 -0.17840739 -0.76815516
v 0.05760242 -0.17792752 -0.76608902
v 0.05997710 -0.17737910 -0.76372772
v 0.06236015 -0.17689922 -0.76166159
v 0.06475453 -0.17648789 -0.75989062
v 0.06711096 -0.17600805 -0.75782448
v 0.06953497 -0.17573383 -0.75664383
v 0.07197917 -0.17552817 -0.75575835
v 0.07438834 -0.17525396 -0.75457770
v 0.07681976 -0.17504831 -0.75369221
v 0.07924522 -0.17484264 -0.75280672
v 0.08169682 -0.17470554 -0.75221640
v 0.08417750 -0.17463697 -0.75192124
v 0.08665626 -0.17456843 -0.75162607
v 0.08916803 -0.17456843 -0.75162607
v 0.09164380 -0.17449988 -0.75133091
v 0.09411762 -0.17443132 -0.75103575
v 0.09666537 -0.17449988 -0.75133091
v 0.09921513 -0.17456843 -0.75162607
v 0.10176686 -0.17463697 -0.75192124
v 0.10440243 -0.17484264 -0.75280672
v 0.10704392 -0.17504831 -0.75369221
v 0.10973419 -0.17532250 -0.75487286
v 0.11247633 -0.17566527 -0.75634867
v 0.11522829 -0.17600805 -0.75782448
v 0.11803593 -0.17641935 -0.75959545
v 0.12085547 -0.17683068 -0.76136643
v 0.12368683 -0.17724198 -0.76313740
v 0.12648121 -0.17758474 -0.76461321
v 0.12933525 -0.17799607 -0.76638418
v 0.13220114 -0.17840739 -0.76815516
v 0.13528599 -0.17909291 -0.77110678
v 0.13849613 -0.17991553 -0.77464873
v 0.14194494 -0.18101238 -0.77937132
v 0.14558959 -0.18231489 -0.78497940
v 0.14938314 -0.18375449 -0.79117781
v 0.15355839 -0.18560541 -0.79914719
v 0.15801781 -0.18773055 -0.80829722
v 0.16341862 -0.19088398 -0.82187468
v 0.03398640 -0.19168337 -0.81361014
v 0.03629254 -0.18952766 -0.80446011
v 0.03865190 -0.18792826 -0.79767138
v 0.04102707 -0.18660702 -0.79206330
v 0.04336478 -0.18528576 -0.78645521
v 0.04571674 -0.18417314 -0.78173262
v 0.04807364 -0.18319960 -0.77760035
v 0.05044141 -0.18236513 -0.77405840
v 0.05282597 -0.18166974 -0.77110678
v 0.05523317 -0.18111342 -0.76874548
v 0.05760242 -0.18048757 -0.76608902
v 0.05997710 -0.17993127 -0.76372772
v 0.06236015 -0.17944449 -0.76166159
v 0.06475453 -0.17902726 -0.75989062
v 0.06711096 -0.17854048 -0.75782448
v 0.06950785 -0.17819279 -0.75634867
v 0.07195105 -0.17798418 -0.75546318
v 0.07435925 -0.17770602 -0.75428253
v 0.07678967 -0.17749740 -0.75339705
v 0.07921416 -0.17728879 -0.75251156
v 0.08166476 -0.17714971 -0.75192124
v 0.08414446 -0.17708017 -0.75162607
v 0.08658820 -0.17694110 -0.75103575
v 0.08909801 -0.17694110 -0.75103575
v 0.09153578 -0.17680201 -0.75044543
v 0.09404364 -0.17680201 -0.75044543
v 0.09655146 -0.17680201 -0.75044543
v 0.09913721 -0.17694110 -0.75103575
v 0.10168696 -0.17701063 -0.75133091
v 0.10427963 -0.17714971 -0.75192124
v 0.10696008 -0.17742786 -0.75310189
v 0.10964837 -0.17770602 -0.75428253
v 0.11234464 -0.17798418 -0.75546318
v 0.11509365 -0.17833187 -0.75693899
v 0.11789834 -0.17874910 -0.75870997
v 0.12071490 -0.17916633 -0.76048094
v 0.12354331 -0.17958358 -0.76225191
v 0.12633471 -0.17993127 -0.76372772
v 0.12913600 -0.18027896 -0.76520354
v 0.13199794 -0.18069619 -0.76697451
v 0.13502707 -0.18132205 -0.76963097
v 0.13823228 -0.18215652 -0.77317291
v 0.14167617 -0.18326914 -0.77789551
v 0.14520638 -0.18445130 -0.78291327
v 0.14893731 -0.18584210 -0.78881651
v 0.15299124 -0.18758057 -0.79619557
v 0.15744078 -0.18973628 -0.80534559
v 0.16318385 -0.19335230 -0.82069403
v 0.03435628 -0.19651805 -0.82246500
v 0.03645233 -0.19306231 -0.80800205
v 0.03875202 -0.19108759 -0.79973751
v 0.04111880 -0.18967707 -0.79383427
v 0.04344615 -0.18826658 -0.78793103
v 0.04578579 -0.18706764 -0.78291327
v 0.04814663 -0.18608029 -0.77878100
v 0.05049912 -0.18516345 -0.77494389
v 0.05286641 -0.18438767 -0.77169710
v 0.05525438 -0.18375294 -0.76904064
v 0.05762462 -0.18311822 -0.76638418
v 0.06000027 -0.18255402 -0.76402289
v 0.06238432 -0.18206033 -0.76195675
v 0.06475453 -0.18156666 -0.75989062
v 0.06713710 -0.18114349 -0.75811964
v 0.06953497 -0.18079089 -0.75664383
v 0.07195105 -0.18050878 -0.75546318
v 0.07435925 -0.18022668 -0.75428253
v 0.07675958 -0.17994457 -0.75310189
v 0.07918309 -0.17973299 -0.75221640
v 0.08163270 -0.17959195 -0.75162607
v 0.08407837 -0.17945088 -0.75103575
v 0.08655417 -0.17938036 -0.75074059
v 0.08902797 -0.17930984 -0.75044543
v 0.09149979 -0.17923932 -0.75015026
v 0.09400666 -0.17923932 -0.75015026
v 0.09651348 -0.17923932 -0.75015026
v 0.09905929 -0.17930984 -0.75044543
v 0.10160706 -0.17938036 -0.75074059
v 0.10419776 -0.17952143 -0.75133091
v 0.10683431 -0.17973299 -0.75221640
v 0.10951965 -0.18001509 -0.75339705
v 0.11221297 -0.18029720 -0.75457770
v 0.11495901 -0.18064982 -0.75605351
v 0.11776074 -0.18107298 -0.75782448
v 0.12057435 -0.18149613 -0.75959545
v 0.12339979 -0.18191929 -0.76136643
v 0.12618825 -0.18227191 -0.76284224
v 0.12898657 -0.18262453 -0.76431805
v 0.13184555 -0.18304770 -0.76608902
v 0.13487172 -0.18368243 -0.76874548
v 0.13802119 -0.18445820 -0.77199227
v 0.14140739 -0.18551607 -0.77641970
v 0.14487791 -0.18664449 -0.78114229
v 0.14854720 -0.18798447 -0.78675038
v 0.15253749 -0.18967707 -0.79383427
v 0.15686376 -0.19172232 -0.80239397
v 0.16318385 -0.19609489 -0.82069403
v 0.03553993 -0.20613174 -0.85080057
v 0.03659881 -0.19654916 -0.81124884
v 0.03888074 -0.19440380 -0.80239397
v 0.04122583 -0.19283055 -0.79590040
v 0.04354381 -0.19132879 -0.78970200
v 0.04585484 -0.18997006 -0.78409392
v 0.04820137 -0.18889740 -0.77966648
v 0.05053758 -0.18789624 -0.77553421
v 0.05290686 -0.18710959 -0.77228743
v 0.05527559 -0.18639448 -0.76933581
v 0.05764681 -0.18575087 -0.76667935
v 0.06002346 -0.18517877 -0.76431805
v 0.06238432 -0.18460669 -0.76195675
v 0.06475453 -0.18410611 -0.75989062
v 0.06713710 -0.18367703 -0.75811964
v 0.06950785 -0.18324795 -0.75634867
v 0.07192294 -0.18296191 -0.75516802
v 0.07433014 -0.18267585 -0.75398737
v 0.07675958 -0.18246134 -0.75310189
v 0.07918309 -0.18224679 -0.75221640
v 0.08160064 -0.18203226 -0.75133091
v 0.08404533 -0.18188924 -0.75074059
v 0.08652014 -0.18181773 -0.75044543
v 0.08899296 -0.18174621 -0.75015026
v 0.09146378 -0.18167469 -0.74985510
v 0.09393268 -0.18160319 -0.74955994
v 0.09643753 -0.18160319 -0.74955994
v 0.09894240 -0.18160319 -0.74955994
v 0.10152718 -0.18174621 -0.75015026
v 0.10411589 -0.18188924 -0.75074059
v 0.10675047 -0.18210377 -0.75162607
v 0.10943384 -0.18238981 -0.75280672
v 0.11212518 -0.18267585 -0.75398737
v 0.11486925 -0.18303342 -0.75546318
v 0.11762314 -0.18339097 -0.75693899
v 0.12043379 -0.18382005 -0.75870997
v 0.12325627 -0.18424913 -0.76048094
v 0.12604177 -0.18460669 -0.76195675
v 0.12883712 -0.18496425 -0.76343256
v 0.13164236 -0.18532179 -0.76490837
v 0.13466458 -0.18596540 -0.76756483
v 0.13781011 -0.18675202 -0.77081162
v 0.14113860 -0.18775322 -0.77494389
v 0.14454946 -0.18882588 -0.77937132
v 0.14810136 -0.19004159 -0.78438908
v 0.15197034 -0.19161484 -0.79088265
v 0.15622902 -0.19361718 -0.79914719
v 0.16412288 -0.19998172 -0.82541662
v 0.03689176 -0.20085511 -0.81774241
v 0.03902376 -0.19781017 -0.80534559
v 0.04131756 -0.19592522 -0.79767138
v 0.04360890 -0.19425777 -0.79088265
v 0.04592388 -0.19288030 -0.78527457
v 0.04823787 -0.19164783 -0.78025681
v 0.05059528 -0.19070536 -0.77641970
v 0.05294730 -0.18983538 -0.77287775
v 0.05529679 -0.18903789 -0.76963097
v 0.05769119 -0.18845791 -0.76726967
v 0.06004664 -0.18780541 -0.76461321
v 0.06243265 -0.18729793 -0.76254708
v 0.06477968 -0.18671794 -0.76018578
v 0.06716324 -0.18628296 -0.75841480
v 0.06953497 -0.18584797 -0.75664383
v 0.07192294 -0.18548548 -0.75516802
v 0.07433014 -0.18519549 -0.75398737
v 0.07675958 -0.18497799 -0.75310189
v 0.07915201 -0.18468800 -0.75192124
v 0.08156859 -0.18447050 -0.75103575
v 0.08401228 -0.18432552 -0.75044543
v 0.08645208 -0.18418051 -0.74985510
v 0.08892293 -0.18410802 -0.74955994
v 0.09139178 -0.18403552 -0.74926478
v 0.09389568 -0.18403552 -0.74926478
v 0.09639955 -0.18403552 -0.74926478
v 0.09890344 -0.18403552 -0.74926478
v 0.10144728 -0.18410802 -0.74955994
v 0.10399309 -0.18418051 -0.74985510
v 0.10662472 -0.18439801 -0.75074059
v 0.10930511 -0.18468800 -0.75192124
v 0.11199350 -0.18497799 -0.75310189
v 0.11473461 -0.18534048 -0.75457770
v 0.11748554 -0.18570298 -0.75605351
v 0.12029322 -0.18613796 -0.75782448
v 0.12306492 -0.18650046 -0.75930029
v 0.12584648 -0.18686295 -0.76077610
v 0.12868769 -0.18729793 -0.76254708
v 0.13148996 -0.18766043 -0.76402289
v 0.13445744 -0.18824041 -0.76638418
v 0.13754626 -0.18896541 -0.76933581
v 0.14081605 -0.18990788 -0.77317291
v 0.14422099 -0.19099535 -0.77760035
v 0.14771125 -0.19215532 -0.78232294
v 0.15140316 -0.19353278 -0.78793103
v 0.15559429 -0.19549023 -0.79590040
v 0.03824999 -0.21108323 -0.84784895
v 0.03925261 -0.20167723 -0.81006819
v 0.04145516 -0.19925223 -0.80032784
v 0.04370655 -0.19734164 -0.79265362
v 0.04601019 -0.19587195 -0.78675038
v 0.04831086 -0.19454922 -0.78143746
v 0.05065299 -0.19352044 -0.77730519
v 0.05298774 -0.19256514 -0.77346808
v 0.05536041 -0.19183029 -0.77051646
v 0.05771339 -0.19109546 -0.76756483
v 0.06009299 -0.19050756 -0.76520354
v 0.06245682 -0.18991970 -0.76284224
v 0.06480484 -0.18933181 -0.76048094
v 0.06718937 -0.18889090 -0.75870997
v 0.06956210 -0.18845001 -0.75693899
v 0.07195105 -0.18808258 -0.75546318
v 0.07435925 -0.18778865 -0.75428253
v 0.07672950 -0.18742122 -0.75280672
v 0.07915201 -0.18720077 -0.75192124
v 0.08156859 -0.18698032 -0.75103575
v 0.08397924 -0.18675986 -0.75015026
v 0.08641805 -0.18661290 -0.74955994
v 0.08888791 -0.18653941 -0.74926478
v 0.09135577 -0.18646593 -0.74896961
v 0.09382171 -0.18639244 -0.74867445
v 0.09632360 -0.18639244 -0.74867445
v 0.09882551 -0.18639244 -0.74867445
v 0.10136738 -0.18646593 -0.74896961
v 0.10391122 -0.18653941 -0.74926478
v 0.10654087 -0.18675986 -0.75015026
v 0.10917640 -0.18698032 -0.75103575
v 0.11186182 -0.18727426 -0.75221640
v 0.11459997 -0.18764168 -0.75369221
v 0.11734795 -0.18800910 -0.75516802
v 0.12015267 -0.18845001 -0.75693899
v 0.12292140 -0.18881743 -0.75841480
v 0.12570000 -0.18918484 -0.75989062
v 0.12848845 -0.18955226 -0.76136643
v 0.13128677 -0.18991970 -0.76284224
v 0.13425030 -0.19050756 -0.76520354
v 0.13733517 -0.19124243 -0.76815516
v 0.14060102 -0.19219773 -0.77199227
v 0.14394727 -0.19322650 -0.77612454
v 0.14732113 -0.19425528 -0.78025681
v 0.15089273 -0.19550452 -0.78527457
v 0.15495956 -0.19734164 -0.79265362
v 0.03965307 -0.20646949 -0.81833273
v 0.04162333 -0.20274594 -0.80357462
v 0.04385303 -0.20066075 -0.79531008
v 0.04611376 -0.19894794 -0.78852135
v 0.04842035 -0.19760746 -0.78320843
v 0.05072992 -0.19641593 -0.77848583
v 0.05304840 -0.19537333 -0.77435356
v 0.05540283 -0.19455414 -0.77110678
v 0.05775777 -0.19380943 -0.76815516
v 0.06013935 -0.19321367 -0.76579386
v 0.06248099 -0.19254343 -0.76313740
v 0.06485514 -0.19202213 -0.76107126
v 0.06718937 -0.19142637 -0.75870997
v 0.06956210 -0.19097954 -0.75693899
v 0.07195105 -0.19060719 -0.75546318
v 0.07435925 -0.19030930 -0.75428253
v 0.07672950 -0.18993695 -0.75280672
v 0.07912094 -0.18963906 -0.75162607
v 0.08153653 -0.18941566 -0.75074059
v 0.08394620 -0.18919224 -0.74985510
v 0.08638402 -0.18904330 -0.74926478
v 0.08885289 -0.18896882 -0.74896961
v 0.09131977 -0.18889435 -0.74867445
v 0.09378472 -0.18881987 -0.74837929
v 0.09624765 -0.18874542 -0.74808413
v 0.09878656 -0.18881987 -0.74837929
v 0.10128748 -0.18881987 -0.74837929
v 0.10387029 -0.18896882 -0.74896961
v 0.10645703 -0.18911776 -0.74955994
v 0.10909058 -0.18934119 -0.75044543
v 0.11177403 -0.18963906 -0.75162607
v 0.11446533 -0.18993695 -0.75280672
v 0.11725621 -0.19038376 -0.75457770
v 0.12001211 -0.19075613 -0.75605351
v 0.12277788 -0.19112848 -0.75752932
v 0.12550469 -0.19142637 -0.75870997
v 0.12833902 -0.19187319 -0.76048094
v 0.13113438 -0.19224556 -0.76195675
v 0.13404317 -0.19276685 -0.76402289
v 0.13712408 -0.19351156 -0.76697451
v 0.14033224 -0.19440520 -0.77051646
v 0.14361881 -0.19537333 -0.77435356
v 0.14693102 -0.19634145 -0.77819067
v 0.15043899 -0.19753298 -0.78291327
v 0.15426715 -0.19909687 -0.78911167
v 0.04159819 -0.21946637 -0.85847479
v 0.04182209 -0.20641227 -0.80741173
v 0.04398324 -0.20392218 -0.79767138
v 0.04623459 -0.20211120 -0.79058748
v 0.04851159 -0.20060205 -0.78468424
v 0.05078762 -0.19924383 -0.77937132
v 0.05310906 -0.19818743 -0.77523905
v 0.05544524 -0.19728194 -0.77169710
v 0.05780216 -0.19652736 -0.76874548
v 0.06013935 -0.19577280 -0.76579386
v 0.06250515 -0.19516914 -0.76343256
v 0.06488030 -0.19464093 -0.76136643
v 0.06724165 -0.19411273 -0.75930029
v 0.06958923 -0.19358453 -0.75723416
v 0.07195105 -0.19313179 -0.75546318
v 0.07433014 -0.19275451 -0.75398737
v 0.07672950 -0.19245267 -0.75280672
v 0.07908987 -0.19207537 -0.75133091
v 0.08150447 -0.19184902 -0.75044543
v 0.08391315 -0.19162264 -0.74955994
v 0.08634999 -0.19147173 -0.74896961
v 0.08878286 -0.19132081 -0.74837929
v 0.09124776 -0.19124536 -0.74808413
v 0.09371074 -0.19116990 -0.74778897
v 0.09620968 -0.19116990 -0.74778897
v 0.09870864 -0.19116990 -0.74778897
v 0.10120758 -0.19116990 -0.74778897
v 0.10378842 -0.19132081 -0.74837929
v 0.10637318 -0.19147173 -0.74896961
v 0.10896185 -0.19162264 -0.74955994
v 0.11164235 -0.19192447 -0.75074059
v 0.11433069 -0.19222629 -0.75192124
v 0.11707275 -0.19260359 -0.75339705
v 0.11987156 -0.19305633 -0.75516802
v 0.12258653 -0.19335815 -0.75634867
v 0.12535822 -0.19373545 -0.75782448
v 0.12808995 -0.19403727 -0.75900513
v 0.13093118 -0.19449002 -0.76077610
v 0.13383603 -0.19501823 -0.76284224
v 0.13686024 -0.19569734 -0.76549870
v 0.14006345 -0.19660282 -0.76904064
v 0.14329036 -0.19750832 -0.77258259
v 0.14659666 -0.19848925 -0.77641970
v 0.14998527 -0.19954567 -0.78055197
v 0.15357471 -0.20082842 -0.78556973
v 0.04221959 -0.21109802 -0.81508595
v 0.04414599 -0.20735228 -0.80062300
v 0.04633816 -0.20521185 -0.79235846
v 0.04860283 -0.20360652 -0.78616005
v 0.05088380 -0.20223056 -0.78084713
v 0.05316972 -0.20100744 -0.77612454
v 0.05548766 -0.20001368 -0.77228743
v 0.05784655 -0.19924924 -0.76933581
v 0.06018572 -0.19848479 -0.76638418
v 0.06252932 -0.19779681 -0.76372772
v 0.06488030 -0.19718526 -0.76136643
v 0.06724165 -0.19665016 -0.75930029
v 0.06958923 -0.19611505 -0.75723416
v 0.07197917 -0.19573283 -0.75575835
v 0.07435925 -0.19535060 -0.75428253
v 0.07672950 -0.19496840 -0.75280672
v 0.07908987 -0.19458619 -0.75133091
v 0.08150447 -0.19435684 -0.75044543
v 0.08388011 -0.19405107 -0.74926478
v 0.08631597 -0.19389819 -0.74867445
v 0.08874784 -0.19374530 -0.74808413
v 0.09117576 -0.19359241 -0.74749380
v 0.09363677 -0.19351597 -0.74719864
v 0.09613373 -0.19351597 -0.74719864
v 0.09863071 -0.19351597 -0.74719864
v 0.10112770 -0.19351597 -0.74719864
v 0.10366562 -0.19359241 -0.74749380
v 0.10624742 -0.19374530 -0.74808413
v 0.10883313 -0.19389819 -0.74867445
v 0.11151067 -0.19420396 -0.74985510
v 0.11419605 -0.19450973 -0.75103575
v 0.11688928 -0.19481550 -0.75221640
v 0.11968414 -0.19527417 -0.75398737
v 0.12244301 -0.19565639 -0.75546318
v 0.12516291 -0.19596216 -0.75664383
v 0.12794052 -0.19634439 -0.75811964
v 0.13072799 -0.19672659 -0.75959545
v 0.13362889 -0.19726171 -0.76166159
v 0.13664915 -0.19794969 -0.76431805
v 0.13979466 -0.19879057 -0.76756483
v 0.14296189 -0.19963145 -0.77081162
v 0.14626227 -0.20062523 -0.77464873
v 0.14958826 -0.20161898 -0.77848583
v 0.15305538 -0.20276564 -0.78291327
v 0.15725628 -0.20482963 -0.79088265
v 0.04541494 -0.23000473 -0.87677485
v 0.04445521 -0.21149896 -0.80623108
v 0.04645899 -0.20840175 -0.79442459
v 0.04871232 -0.20669830 -0.78793103
v 0.05099920 -0.20530455 -0.78261811
v 0.05327082 -0.20398825 -0.77760035
v 0.05557249 -0.20290424 -0.77346808
v 0.05789093 -0.20197506 -0.76992613
v 0.06023207 -0.20120077 -0.76697451
v 0.06257765 -0.20050390 -0.76431805
v 0.06495576 -0.19996189 -0.76225191
v 0.06729393 -0.19934244 -0.75989062
v 0.06964348 -0.19880043 -0.75782448
v 0.07200728 -0.19833584 -0.75605351
v 0.07435925 -0.19787127 -0.75428253
v 0.07672950 -0.19748412 -0.75280672
v 0.07908987 -0.19709697 -0.75133091
v 0.08147241 -0.19678725 -0.75015026
v 0.08388011 -0.19655496 -0.74926478
v 0.08628193 -0.19632268 -0.74837929
v 0.08871283 -0.19616781 -0.74778897
v 0.09113976 -0.19601296 -0.74719864
v 0.09363677 -0.19601296 -0.74719864
v 0.09609576 -0.19593553 -0.74690348
v 0.09859175 -0.19593553 -0.74690348
v 0.10108775 -0.19593553 -0.74690348
v 0.10362468 -0.19601296 -0.74719864
v 0.10616358 -0.19609039 -0.74749380
v 0.10879023 -0.19632268 -0.74837929
v 0.11142288 -0.19655496 -0.74926478
v 0.11406141 -0.19678725 -0.75015026
v 0.11679754 -0.19717440 -0.75162607
v 0.11954359 -0.19756155 -0.75310189
v 0.12229949 -0.19794869 -0.75457770
v 0.12501644 -0.19825841 -0.75575835
v 0.12779108 -0.19864556 -0.75723416
v 0.13057560 -0.19903271 -0.75870997
v 0.13347355 -0.19957474 -0.76077610
v 0.13649084 -0.20027161 -0.76343256
v 0.13952589 -0.20096847 -0.76608902
v 0.14268817 -0.20182019 -0.76933581
v 0.14587216 -0.20267193 -0.77258259
v 0.14913452 -0.20360109 -0.77612454
v 0.15259376 -0.20476255 -0.78055197
v 0.15643464 -0.20638858 -0.78675038
v 0.04525270 -0.21803562 -0.82069403
v 0.04661434 -0.21176231 -0.79708105
v 0.04884005 -0.20988032 -0.78999716
v 0.05111461 -0.20839040 -0.78438908
v 0.05337193 -0.20697890 -0.77907616
v 0.05565731 -0.20580265 -0.77464873
v 0.05797971 -0.20486167 -0.77110678
v 0.06032479 -0.20407750 -0.76815516
v 0.06265014 -0.20329334 -0.76520354
v 0.06500605 -0.20266600 -0.76284224
v 0.06734621 -0.20203868 -0.76048094
v 0.06969773 -0.20148976 -0.75841480
v 0.07203539 -0.20094083 -0.75634867
v 0.07438834 -0.20047036 -0.75457770
v 0.07675958 -0.20007826 -0.75310189
v 0.07912094 -0.19968618 -0.75162607
v 0.08150447 -0.19937252 -0.75044543
v 0.08388011 -0.19905886 -0.74926478
v 0.08628193 -0.19882359 -0.74837929
v 0.08871283 -0.19866677 -0.74778897
v 0.09113976 -0.19850993 -0.74719864
v 0.09359977 -0.19843152 -0.74690348
v 0.09605778 -0.19835311 -0.74660832
v 0.09851383 -0.19827469 -0.74631315
v 0.10100785 -0.19827469 -0.74631315
v 0.10354280 -0.19835311 -0.74660832
v 0.10612167 -0.19850993 -0.74719864
v 0.10866151 -0.19858836 -0.74749380
v 0.11129120 -0.19882359 -0.74837929
v 0.11397165 -0.19913726 -0.74955994
v 0.11665995 -0.19945094 -0.75074059
v 0.11940303 -0.19984300 -0.75221640
v 0.12215598 -0.20023508 -0.75369221
v 0.12486996 -0.20054875 -0.75487286
v 0.12764165 -0.20094083 -0.75634867
v 0.13047400 -0.20141134 -0.75811964
v 0.13331819 -0.20188184 -0.75989062
v 0.13627975 -0.20250918 -0.76225191
v 0.13925710 -0.20313650 -0.76461321
v 0.14235972 -0.20392068 -0.76756483
v 0.14553778 -0.20478325 -0.77081162
v 0.14873751 -0.20564583 -0.77405840
v 0.15213214 -0.20674366 -0.77819067
v 0.15573037 -0.20807675 -0.78320843
v 0.04682148 -0.21537882 -0.80062300
v 0.04893129 -0.21291734 -0.79147297
v 0.05119155 -0.21132927 -0.78556973
v 0.05345281 -0.20990004 -0.78025681
v 0.05574214 -0.20870899 -0.77582937
v 0.05804629 -0.20767675 -0.77199227
v 0.06037115 -0.20680331 -0.76874548
v 0.06272265 -0.20608871 -0.76608902
v 0.06505636 -0.20537408 -0.76343256
v 0.06739849 -0.20473886 -0.76107126
v 0.06972485 -0.20410363 -0.75870997
v 0.07206351 -0.20354781 -0.75664383
v 0.07441743 -0.20307140 -0.75487286
v 0.07678967 -0.20267437 -0.75339705
v 0.07915201 -0.20227736 -0.75192124
v 0.08153653 -0.20195974 -0.75074059
v 0.08388011 -0.20156275 -0.74926478
v 0.08631597 -0.20140395 -0.74867445
v 0.08871283 -0.20116572 -0.74778897
v 0.09113976 -0.20100692 -0.74719864
v 0.09356279 -0.20084812 -0.74660832
v 0.09601980 -0.20076871 -0.74631315
v 0.09847487 -0.20068932 -0.74601799
v 0.10096790 -0.20068932 -0.74601799
v 0.10350188 -0.20076871 -0.74631315
v 0.10603783 -0.20084812 -0.74660832
v 0.10861860 -0.20100692 -0.74719864
v 0.11120341 -0.20116572 -0.74778897
v 0.11383701 -0.20140395 -0.74867445
v 0.11652235 -0.20172155 -0.74985510
v 0.11926247 -0.20211855 -0.75133091
v 0.12201246 -0.20251557 -0.75280672
v 0.12472349 -0.20283318 -0.75398737
v 0.12744240 -0.20315079 -0.75516802
v 0.13027081 -0.20362720 -0.75693899
v 0.13311104 -0.20410363 -0.75870997
v 0.13601591 -0.20465945 -0.76077610
v 0.13904206 -0.20537408 -0.76343256
v 0.14203125 -0.20600928 -0.76579386
v 0.14514768 -0.20680331 -0.76874548
v 0.14834049 -0.20767675 -0.77199227
v 0.15167052 -0.20870899 -0.77582937
v 0.15514345 -0.20990004 -0.78025681
v 0.15948150 -0.21220271 -0.78881651
v 0.04785717 -0.22287764 -0.81833273
v 0.04911377 -0.21636613 -0.79442459
v 0.05130695 -0.21443678 -0.78734070
v 0.05353369 -0.21282899 -0.78143746
v 0.05580576 -0.21154277 -0.77671486
v 0.05811287 -0.21049771 -0.77287775
v 0.06044069 -0.20961343 -0.76963097
v 0.06277098 -0.20880955 -0.76667935
v 0.06510667 -0.20808604 -0.76402289
v 0.06742463 -0.20736255 -0.76136643
v 0.06977911 -0.20679982 -0.75930029
v 0.07211972 -0.20623709 -0.75723416
v 0.07447564 -0.20575476 -0.75546318
v 0.07678967 -0.20519203 -0.75339705
v 0.07918309 -0.20487048 -0.75221640
v 0.08153653 -0.20446853 -0.75074059
v 0.08391315 -0.20414698 -0.74955994
v 0.08631597 -0.20390581 -0.74867445
v 0.08871283 -0.20366465 -0.74778897
v 0.09113976 -0.20350385 -0.74719864
v 0.09356279 -0.20334308 -0.74660832
v 0.09598182 -0.20318229 -0.74601799
v 0.09847487 -0.20318229 -0.74601799
v 0.10092796 -0.20310192 -0.74572283
v 0.10346095 -0.20318229 -0.74601799
v 0.10599590 -0.20326269 -0.74631315
v 0.10853279 -0.20334308 -0.74660832
v 0.11111563 -0.20350385 -0.74719864
v 0.11374725 -0.20374502 -0.74808413
v 0.11643062 -0.20406657 -0.74926478
v 0.11912192 -0.20438813 -0.75044543
v 0.12182111 -0.20470969 -0.75162607
v 0.12452818 -0.20503126 -0.75280672
v 0.12729298 -0.20543320 -0.75428253
v 0.13006762 -0.20583513 -0.75575835
v 0.13290392 -0.20631748 -0.75752932
v 0.13580482 -0.20688020 -0.75959545
v 0.13871953 -0.20744292 -0.76166159
v 0.14175753 -0.20816642 -0.76431805
v 0.14475757 -0.20880955 -0.76667935
v 0.14788677 -0.20961343 -0.76963097
v 0.15120889 -0.21065849 -0.77346808
v 0.15455657 -0.21170355 -0.77730519
v 0.15828800 -0.21323095 -0.78291327
v 0.04946048 -0.22056711 -0.80003268
v 0.05146082 -0.21771896 -0.78970200
v 0.05367523 -0.21601008 -0.78350359
v 0.05593300 -0.21462670 -0.77848583
v 0.05820164 -0.21340606 -0.77405840
v 0.06051023 -0.21242955 -0.77051646
v 0.06284348 -0.21161580 -0.76756483
v 0.06515697 -0.21080203 -0.76461321
v 0.06747691 -0.21006966 -0.76195675
v 0.06980623 -0.20941867 -0.75959545
v 0.07217594 -0.20893042 -0.75782448
v 0.07450473 -0.20836078 -0.75575835
v 0.07684984 -0.20787252 -0.75398737
v 0.07921416 -0.20746565 -0.75251156
v 0.08156859 -0.20705877 -0.75103575
v 0.08394620 -0.20673327 -0.74985510
v 0.08631597 -0.20640777 -0.74867445
v 0.08871283 -0.20616364 -0.74778897
v 0.09113976 -0.20600089 -0.74719864
v 0.09356279 -0.20583813 -0.74660832
v 0.09598182 -0.20567538 -0.74601799
v 0.09843590 -0.20559400 -0.74572283
v 0.10088801 -0.20551263 -0.74542767
v 0.10337908 -0.20551263 -0.74542767
v 0.10587014 -0.20551263 -0.74542767
v 0.10844698 -0.20567538 -0.74601799
v 0.11102784 -0.20583813 -0.74660832
v 0.11361261 -0.20600089 -0.74719864
v 0.11629301 -0.20632640 -0.74837929
v 0.11893450 -0.20657052 -0.74926478
v 0.12162975 -0.20689602 -0.75044543
v 0.12433289 -0.20722152 -0.75162607
v 0.12714353 -0.20770977 -0.75339705
v 0.12986442 -0.20803528 -0.75457770
v 0.13269678 -0.20852353 -0.75634867
v 0.13554096 -0.20901179 -0.75811964
v 0.13845074 -0.20958142 -0.76018578
v 0.14142908 -0.21023241 -0.76254708
v 0.14442319 -0.21088341 -0.76490837
v 0.14748976 -0.21161580 -0.76756483
v 0.15068957 -0.21251093 -0.77081162
v 0.15391099 -0.21340606 -0.77405840
v 0.15733320 -0.21454532 -0.77819067
v 0.05044586 -0.22768818 -0.81597143
v 0.05165317 -0.22118160 -0.79265362
v 0.05379656 -0.21912256 -0.78527457
v 0.05603904 -0.21764004 -0.77996165
v 0.05829041 -0.21632226 -0.77523905
v 0.06057977 -0.21525154 -0.77140194
v 0.06289180 -0.21434557 -0.76815516
v 0.06520728 -0.21352194 -0.76520354
v 0.06752918 -0.21278068 -0.76254708
v 0.06983335 -0.21203944 -0.75989062
v 0.07220406 -0.21154526 -0.75811964
v 0.07453383 -0.21096873 -0.75605351
v 0.07687993 -0.21047455 -0.75428253
v 0.07921416 -0.20998038 -0.75251156
v 0.08156859 -0.20956856 -0.75103575
v 0.08391315 -0.20915678 -0.74955994
v 0.08628193 -0.20882732 -0.74837929
v 0.08867781 -0.20858023 -0.74749380
v 0.09110375 -0.20841549 -0.74690348
v 0.09348880 -0.20816842 -0.74601799
v 0.09590587 -0.20800370 -0.74542767
v 0.09835798 -0.20792134 -0.74513251
v 0.10080811 -0.20783898 -0.74483734
v 0.10329720 -0.20783898 -0.74483734
v 0.10578629 -0.20783898 -0.74483734
v 0.10831825 -0.20792134 -0.74513251
v 0.11089616 -0.20808606 -0.74572283
v 0.11347798 -0.20825079 -0.74631315
v 0.11610956 -0.20849787 -0.74719864
v 0.11879395 -0.20882732 -0.74837929
v 0.12143839 -0.20907441 -0.74926478
v 0.12408876 -0.20932148 -0.75015026
v 0.12689447 -0.20981567 -0.75192124
v 0.12961043 -0.21014512 -0.75310189
v 0.13243786 -0.21063928 -0.75487286
v 0.13527711 -0.21113345 -0.75664383
v 0.13818195 -0.21170999 -0.75870997
v 0.14110062 -0.21228652 -0.76077610
v 0.14403307 -0.21286306 -0.76284224
v 0.14709274 -0.21360432 -0.76549870
v 0.15022795 -0.21442793 -0.76845032
v 0.15338279 -0.21525154 -0.77140194
v 0.15673645 -0.21632226 -0.77523905
v 0.16072239 -0.21821658 -0.78202778
v 0.05194168 -0.22508067 -0.79708105
v 0.05393811 -0.22233017 -0.78734070
v 0.05612386 -0.22057986 -0.78114229
v 0.05835699 -0.21916294 -0.77612454
v 0.06062613 -0.21799606 -0.77199227
v 0.06294014 -0.21707922 -0.76874548
v 0.06525758 -0.21624574 -0.76579386
v 0.06755532 -0.21541227 -0.76284224
v 0.06986048 -0.21466213 -0.76018578
v 0.07220406 -0.21407869 -0.75811964
v 0.07453383 -0.21349527 -0.75605351
v 0.07687993 -0.21299516 -0.75428253
v 0.07921416 -0.21249507 -0.75251156
v 0.08156859 -0.21207833 -0.75103575
v 0.08388011 -0.21157825 -0.74926478
v 0.08628193 -0.21132821 -0.74837929
v 0.08864280 -0.21099482 -0.74719864
v 0.09103175 -0.21074477 -0.74631315
v 0.09345182 -0.21057807 -0.74572283
v 0.09586789 -0.21041137 -0.74513251
v 0.09831902 -0.21032801 -0.74483734
v 0.10076816 -0.21024469 -0.74454218
v 0.10321534 -0.21016133 -0.74424702
v 0.10574437 -0.21024469 -0.74454218
v 0.10823243 -0.21024469 -0.74454218
v 0.11076448 -0.21032801 -0.74483734
v 0.11334334 -0.21049471 -0.74542767
v 0.11597195 -0.21074477 -0.74631315
v 0.11860654 -0.21099482 -0.74719864
v 0.12124704 -0.21124485 -0.74808413
v 0.12394228 -0.21157825 -0.74926478
v 0.12664542 -0.21191163 -0.75044543
v 0.12940724 -0.21232837 -0.75192124
v 0.13223071 -0.21282847 -0.75369221
v 0.13506603 -0.21332856 -0.75546318
v 0.13791317 -0.21382865 -0.75723416
v 0.14082690 -0.21441208 -0.75930029
v 0.14369871 -0.21491219 -0.76107126
v 0.14669572 -0.21557897 -0.76343256
v 0.14976633 -0.21632910 -0.76608902
v 0.15297197 -0.21724592 -0.76933581
v 0.15619937 -0.21816275 -0.77258259
v 0.15993379 -0.21974637 -0.77819067
v 0.05326884 -0.23356344 -0.81744725
v 0.05414031 -0.22580466 -0.79029232
v 0.05620869 -0.22352761 -0.78232294
v 0.05842358 -0.22200958 -0.77701002
v 0.06069567 -0.22082891 -0.77287775
v 0.06298847 -0.21981689 -0.76933581
v 0.06530789 -0.21897355 -0.76638418
v 0.06760760 -0.21813020 -0.76343256
v 0.06988761 -0.21728685 -0.76048094
v 0.07223217 -0.21669650 -0.75841480
v 0.07453383 -0.21602184 -0.75605351
v 0.07684984 -0.21543150 -0.75398737
v 0.07921416 -0.21500981 -0.75251156
v 0.08153653 -0.21450381 -0.75074059
v 0.08388011 -0.21408214 -0.74926478
v 0.08624791 -0.21374479 -0.74808413
v 0.08864280 -0.21349178 -0.74719864
v 0.09099574 -0.21315445 -0.74601799
v 0.09341483 -0.21298580 -0.74542767
v 0.09579195 -0.21273279 -0.74454218
v 0.09824109 -0.21264844 -0.74424702
v 0.10068827 -0.21256411 -0.74395186
v 0.10317440 -0.21256411 -0.74395186
v 0.10561862 -0.21247979 -0.74365669
v 0.10814663 -0.21256411 -0.74395186
v 0.11067669 -0.21264844 -0.74424702
v 0.11320870 -0.21273279 -0.74454218
v 0.11583436 -0.21298580 -0.74542767
v 0.11846598 -0.21323878 -0.74631315
v 0.12105568 -0.21340746 -0.74690348
v 0.12374698 -0.21374479 -0.74808413
v 0.12644617 -0.21408214 -0.74926478
v 0.12920405 -0.21450381 -0.75074059
v 0.13202359 -0.21500981 -0.75251156
v 0.13480216 -0.21543150 -0.75398737
v 0.13764438 -0.21593751 -0.75575835
v 0.14055318 -0.21652785 -0.75782448
v 0.14342006 -0.21703385 -0.75959545
v 0.14635544 -0.21762419 -0.76166159
v 0.14936242 -0.21829888 -0.76402289
v 0.15250246 -0.21914221 -0.76697451
v 0.15572196 -0.22006989 -0.77022129
v 0.15908453 -0.22116624 -0.77405840
v 0.05454472 -0.23015206 -0.79619557
v 0.05635714 -0.22673923 -0.78438908
v 0.05853454 -0.22503281 -0.77848583
v 0.06078839 -0.22375298 -0.77405840
v 0.06308514 -0.22272913 -0.77051646
v 0.06535819 -0.22170527 -0.76697451
v 0.06765988 -0.22085208 -0.76402289
v 0.06994186 -0.21999887 -0.76107126
v 0.07226028 -0.21931629 -0.75870997
v 0.07459202 -0.21871905 -0.75664383
v 0.07691000 -0.21812180 -0.75457770
v 0.07924522 -0.21760988 -0.75280672
v 0.08156859 -0.21709794 -0.75103575
v 0.08391315 -0.21667135 -0.74955994
v 0.08628193 -0.21633007 -0.74837929
v 0.08864280 -0.21598879 -0.74719864
v 0.09099574 -0.21564750 -0.74601799
v 0.09337784 -0.21539153 -0.74513251
v 0.09579195 -0.21522090 -0.74454218
v 0.09824109 -0.21513557 -0.74424702
v 0.10064832 -0.21496494 -0.74365669
v 0.10313346 -0.21496494 -0.74365669
v 0.10557669 -0.21487962 -0.74336153
v 0.10810371 -0.21496494 -0.74365669
v 0.11058892 -0.21496494 -0.74365669
v 0.11316381 -0.21513557 -0.74424702
v 0.11574262 -0.21530622 -0.74483734
v 0.11827857 -0.21539153 -0.74513251
v 0.12096000 -0.21573281 -0.74631315
v 0.12360051 -0.21598879 -0.74719864
v 0.12629673 -0.21633007 -0.74837929
v 0.12905166 -0.21675666 -0.74985510
v 0.13181645 -0.21718328 -0.75133091
v 0.13459109 -0.21760988 -0.75280672
v 0.13737559 -0.21803649 -0.75428253
v 0.14027946 -0.21863373 -0.75634867
v 0.14314140 -0.21914564 -0.75811964
v 0.14607185 -0.21974291 -0.76018578
v 0.14901620 -0.22034015 -0.76225191
v 0.15209164 -0.22110803 -0.76490837
v 0.15524456 -0.22196126 -0.76786000
v 0.15853858 -0.22298510 -0.77140194
v 0.16216440 -0.22443557 -0.77641970
v 0.05509068 -0.23514308 -0.80416495
v 0.05648438 -0.22987834 -0.78616005
v 0.05860112 -0.22789326 -0.77937132
v 0.06085792 -0.22659865 -0.77494389
v 0.06313347 -0.22547667 -0.77110678
v 0.06540850 -0.22444096 -0.76756483
v 0.06768601 -0.22349158 -0.76431805
v 0.06999610 -0.22271481 -0.76166159
v 0.07228839 -0.22193804 -0.75900513
v 0.07459202 -0.22124760 -0.75664383
v 0.07694009 -0.22072975 -0.75487286
v 0.07924522 -0.22012560 -0.75280672
v 0.08156859 -0.21960776 -0.75103575
v 0.08391315 -0.21917622 -0.74955994
v 0.08628193 -0.21883099 -0.74837929
v 0.08864280 -0.21848577 -0.74719864
v 0.09099574 -0.21814054 -0.74601799
v 0.09337784 -0.21788161 -0.74513251
v 0.09575398 -0.21762270 -0.74424702
v 0.09820213 -0.21753637 -0.74395186
v 0.10060837 -0.21736377 -0.74336153
v 0.10305160 -0.21727747 -0.74306637
v 0.10553477 -0.21727747 -0.74306637
v 0.10801790 -0.21727747 -0.74306637
v 0.11050113 -0.21727747 -0.74306637
v 0.11302918 -0.21736377 -0.74336153
v 0.11560502 -0.21753637 -0.74395186
v 0.11818486 -0.21770900 -0.74454218
v 0.12081649 -0.21796791 -0.74542767
v 0.12345403 -0.21822684 -0.74631315
v 0.12614730 -0.21857208 -0.74749380
v 0.12884846 -0.21891731 -0.74867445
v 0.13160931 -0.21934885 -0.75015026
v 0.13438000 -0.21978039 -0.75162607
v 0.13716057 -0.22021192 -0.75310189
v 0.14000574 -0.22072975 -0.75487286
v 0.14286275 -0.22124760 -0.75664383
v 0.14578827 -0.22185175 -0.75870997
v 0.14866997 -0.22236958 -0.76048094
v 0.15168081 -0.22306006 -0.76284224
v 0.15476716 -0.22383682 -0.76549870
v 0.15799262 -0.22478619 -0.76874548
v 0.16136298 -0.22590820 -0.77258259
v 0.05723406 -0.24708357 -0.83545214
v 0.05661162 -0.23302928 -0.78793103
v 0.05864551 -0.23067234 -0.77996165
v 0.06088110 -0.22927566 -0.77523905
v 0.06313347 -0.22805354 -0.77110678
v 0.06543365 -0.22709329 -0.76786000
v 0.06771215 -0.22613306 -0.76461321
v 0.06999610 -0.22526014 -0.76166159
v 0.07228839 -0.22447449 -0.75900513
v 0.07459202 -0.22377615 -0.75664383
v 0.07694009 -0.22325239 -0.75487286
v 0.07924522 -0.22264133 -0.75280672
v 0.08156859 -0.22211757 -0.75103575
v 0.08391315 -0.22168110 -0.74955994
v 0.08624791 -0.22124462 -0.74808413
v 0.08860778 -0.22089545 -0.74690348
v 0.09099574 -0.22063357 -0.74601799
v 0.09334086 -0.22028439 -0.74483734
v 0.09575398 -0.22010981 -0.74424702
v 0.09816317 -0.21993522 -0.74365669
v 0.10056842 -0.21976064 -0.74306637
v 0.10301066 -0.21967334 -0.74277121
v 0.10549285 -0.21967334 -0.74277121
v 0.10797500 -0.21967334 -0.74277121
v 0.11045723 -0.21967334 -0.74277121
v 0.11293942 -0.21967334 -0.74277121
v 0.11551329 -0.21984792 -0.74336153
v 0.11804431 -0.21993522 -0.74365669
v 0.12062513 -0.22010981 -0.74424702
v 0.12330755 -0.22045898 -0.74542767
v 0.12599787 -0.22080815 -0.74660832
v 0.12874687 -0.22124462 -0.74808413
v 0.13140216 -0.22150651 -0.74896961
v 0.13422169 -0.22203027 -0.75074059
v 0.13699929 -0.22246675 -0.75221640
v 0.13978676 -0.22290321 -0.75369221
v 0.14263983 -0.22342698 -0.75546318
v 0.14544797 -0.22386344 -0.75693899
v 0.14838147 -0.22447449 -0.75900513
v 0.15132870 -0.22508556 -0.76107126
v 0.15434943 -0.22578390 -0.76343256
v 0.15750733 -0.22665684 -0.76638418
v 0.16099311 -0.22796625 -0.77081162
v 0.16475905 -0.22962482 -0.77641970
v 0.05712059 -0.23778111 -0.79501492
v 0.05877867 -0.23380849 -0.78173262
v 0.06092746 -0.23204291 -0.77582937
v 0.06318180 -0.23080699 -0.77169710
v 0.06548395 -0.22983590 -0.76845032
v 0.06776443 -0.22886482 -0.76520354
v 0.07002323 -0.22789374 -0.76195675
v 0.07231651 -0.22709921 -0.75930029
v 0.07462112 -0.22639297 -0.75693899
v 0.07697017 -0.22586329 -0.75516802
v 0.07927630 -0.22524533 -0.75310189
v 0.08160064 -0.22471565 -0.75133091
v 0.08391315 -0.22418597 -0.74955994
v 0.08624791 -0.22374457 -0.74808413
v 0.08860778 -0.22339144 -0.74690348
v 0.09095974 -0.22303833 -0.74572283
v 0.09334086 -0.22277349 -0.74483734
v 0.09571600 -0.22250865 -0.74395186
v 0.09812421 -0.22233208 -0.74336153
v 0.10052847 -0.22215553 -0.74277121
v 0.10301066 -0.22215553 -0.74277121
v 0.10545093 -0.22206725 -0.74247605
v 0.10788918 -0.22197896 -0.74218088
v 0.11036944 -0.22197896 -0.74218088
v 0.11289454 -0.22206725 -0.74247605
v 0.11542156 -0.22215553 -0.74277121
v 0.11795060 -0.22224380 -0.74306637
v 0.12052945 -0.22242038 -0.74365669
v 0.12316108 -0.22268522 -0.74454218
v 0.12584843 -0.22303833 -0.74572283
v 0.12859447 -0.22347973 -0.74719864
v 0.13124681 -0.22374457 -0.74808413
v 0.13401061 -0.22418597 -0.74955994
v 0.13678427 -0.22462738 -0.75103575
v 0.13956779 -0.22506878 -0.75251156
v 0.14236118 -0.22551018 -0.75398737
v 0.14522110 -0.22603986 -0.75575835
v 0.14803524 -0.22648124 -0.75723416
v 0.15091786 -0.22701094 -0.75900513
v 0.15399139 -0.22780547 -0.76166159
v 0.15714335 -0.22868824 -0.76461321
v 0.16049993 -0.22983590 -0.76845032
v 0.16388217 -0.23098354 -0.77228743
v 0.05830818 -0.24543682 -0.81154400
v 0.05888963 -0.23686722 -0.78320843
v 0.06099700 -0.23490335 -0.77671486
v 0.06325430 -0.23365363 -0.77258259
v 0.06553426 -0.23258244 -0.76904064
v 0.06781671 -0.23160051 -0.76579386
v 0.07010461 -0.23070782 -0.76284224
v 0.07237273 -0.22981517 -0.75989062
v 0.07467932 -0.22910105 -0.75752932
v 0.07700026 -0.22847617 -0.75546318
v 0.07930737 -0.22785132 -0.75339705
v 0.08160064 -0.22722645 -0.75133091
v 0.08391315 -0.22669084 -0.74955994
v 0.08624791 -0.22624451 -0.74808413
v 0.08860778 -0.22588745 -0.74690348
v 0.09092374 -0.22544111 -0.74542767
v 0.09330387 -0.22517332 -0.74454218
v 0.09571600 -0.22499478 -0.74395186
v 0.09812421 -0.22481625 -0.74336153
v 0.10052847 -0.22463772 -0.74277121
v 0.10296973 -0.22454844 -0.74247605
v 0.10536709 -0.22436991 -0.74188572
v 0.10784627 -0.22436991 -0.74188572
v 0.11032555 -0.22436991 -0.74188572
v 0.11280478 -0.22436991 -0.74188572
v 0.11532983 -0.22445919 -0.74218088
v 0.11785690 -0.22454844 -0.74247605
v 0.12048161 -0.22481625 -0.74336153
v 0.12306342 -0.22499478 -0.74395186
v 0.12569900 -0.22526258 -0.74483734
v 0.12839128 -0.22561966 -0.74601799
v 0.13114324 -0.22606598 -0.74749380
v 0.13379952 -0.22633378 -0.74837929
v 0.13656923 -0.22678010 -0.74985510
v 0.13934882 -0.22722645 -0.75133091
v 0.14208253 -0.22758351 -0.75251156
v 0.14493752 -0.22811911 -0.75428253
v 0.14774674 -0.22856544 -0.75575835
v 0.15062441 -0.22910105 -0.75752932
v 0.15357365 -0.22972591 -0.75959545
v 0.15671872 -0.23061857 -0.76254708
v 0.16006839 -0.23177904 -0.76638418
v 0.16344373 -0.23293950 -0.77022129
v 0.05911157 -0.24038708 -0.78616005
v 0.06104336 -0.23767948 -0.77730519
v 0.06330263 -0.23641595 -0.77317291
v 0.06555942 -0.23524265 -0.76933581
v 0.06781671 -0.23415963 -0.76579386
v 0.07013173 -0.23334736 -0.76313740
v 0.07240084 -0.23244482 -0.76018578
v 0.07467932 -0.23163256 -0.75752932
v 0.07700026 -0.23100078 -0.75546318
v 0.07927630 -0.23027876 -0.75310189
v 0.08160064 -0.22973724 -0.75133091
v 0.08391315 -0.22919571 -0.74955994
v 0.08624791 -0.22874445 -0.74808413
v 0.08857276 -0.22829320 -0.74660832
v 0.09088775 -0.22784193 -0.74513251
v 0.09326687 -0.22757117 -0.74424702
v 0.09564005 -0.22730041 -0.74336153
v 0.09804628 -0.22711991 -0.74277121
v 0.10048852 -0.22702965 -0.74247605
v 0.10288786 -0.22684914 -0.74188572
v 0.10532516 -0.22675890 -0.74159056
v 0.10776046 -0.22666864 -0.74129540
v 0.11023775 -0.22666864 -0.74129540
v 0.11271502 -0.22666864 -0.74129540
v 0.11523809 -0.22675890 -0.74159056
v 0.11776318 -0.22684914 -0.74188572
v 0.12033810 -0.22702965 -0.74247605
v 0.12291695 -0.22721016 -0.74306637
v 0.12554955 -0.22748092 -0.74395186
v 0.12823889 -0.22784193 -0.74513251
v 0.13093610 -0.22820294 -0.74631315
v 0.13364121 -0.22856396 -0.74749380
v 0.13630044 -0.22883470 -0.74837929
v 0.13907510 -0.22928597 -0.74985510
v 0.14185961 -0.22973724 -0.75133091
v 0.14459722 -0.23009825 -0.75251156
v 0.14740053 -0.23054951 -0.75398737
v 0.15027228 -0.23109104 -0.75575835
v 0.15321559 -0.23172279 -0.75782448
v 0.15635476 -0.23262532 -0.76077610
v 0.15963686 -0.23370837 -0.76431805
v 0.16306791 -0.23497190 -0.76845032
v 0.16697197 -0.23686722 -0.77464873
v 0.05993272 -0.24639010 -0.79708105
v 0.06111290 -0.24055080 -0.77819067
v 0.06330263 -0.23899974 -0.77317291
v 0.06555942 -0.23781364 -0.76933581
v 0.06779057 -0.23662750 -0.76549870
v 0.07007748 -0.23571512 -0.76254708
v 0.07237273 -0.23489396 -0.75989062
v 0.07465022 -0.23407282 -0.75723416
v 0.07694009 -0.23334290 -0.75487286
v 0.07924522 -0.23270422 -0.75280672
v 0.08156859 -0.23215680 -0.75103575
v 0.08384707 -0.23151812 -0.74896961
v 0.08617984 -0.23106192 -0.74749380
v 0.08853775 -0.23069696 -0.74631315
v 0.09085174 -0.23024076 -0.74483734
v 0.09322988 -0.22996704 -0.74395186
v 0.09560207 -0.22969334 -0.74306637
v 0.09800733 -0.22951086 -0.74247605
v 0.10044858 -0.22941962 -0.74218088
v 0.10288786 -0.22932838 -0.74188572
v 0.10528325 -0.22914588 -0.74129540
v 0.10771756 -0.22905466 -0.74100024
v 0.11014997 -0.22896340 -0.74070507
v 0.11267014 -0.22905466 -0.74100024
v 0.11514636 -0.22905466 -0.74100024
v 0.11766949 -0.22914588 -0.74129540
v 0.12019458 -0.22923714 -0.74159056
v 0.12281930 -0.22951086 -0.74247605
v 0.12540013 -0.22969334 -0.74306637
v 0.12808649 -0.23005830 -0.74424702
v 0.13072896 -0.23033202 -0.74513251
v 0.13343014 -0.23069696 -0.74631315
v 0.13613918 -0.23106192 -0.74749380
v 0.13885613 -0.23142688 -0.74867445
v 0.14163668 -0.23188308 -0.75015026
v 0.14437036 -0.23224802 -0.75133091
v 0.14716971 -0.23270422 -0.75280672
v 0.14997883 -0.23316044 -0.75428253
v 0.15285754 -0.23370786 -0.75605351
v 0.15593012 -0.23452902 -0.75870997
v 0.15920530 -0.23562388 -0.76225191
v 0.16250421 -0.23671876 -0.76579386
v 0.16614488 -0.23826981 -0.77081162
v 0.06136788 -0.24416584 -0.78143746
v 0.06342346 -0.24204464 -0.77464873
v 0.06566002 -0.24075349 -0.77051646
v 0.06786899 -0.23946233 -0.76638418
v 0.07013173 -0.23844784 -0.76313740
v 0.07240084 -0.23752558 -0.76018578
v 0.07467932 -0.23669557 -0.75752932
v 0.07697017 -0.23595776 -0.75516802
v 0.07927630 -0.23531218 -0.75310189
v 0.08153653 -0.23457438 -0.75074059
v 0.08384707 -0.23402102 -0.74896961
v 0.08621387 -0.23365211 -0.74778897
v 0.08850273 -0.23309876 -0.74601799
v 0.09085174 -0.23272987 -0.74483734
v 0.09319290 -0.23236096 -0.74365669
v 0.09556410 -0.23208429 -0.74277121
v 0.09796836 -0.23189983 -0.74218088
v 0.10036869 -0.23171537 -0.74159056
v 0.10280599 -0.23162316 -0.74129540
v 0.10524133 -0.23153093 -0.74100024
v 0.10767464 -0.23143871 -0.74070507
v 0.11010609 -0.23134647 -0.74040991
v 0.11258037 -0.23134647 -0.74040991
v 0.11505463 -0.23134647 -0.74040991
v 0.11752892 -0.23134647 -0.74040991
v 0.12009890 -0.23153093 -0.74100024
v 0.12267283 -0.23171537 -0.74159056
v 0.12530051 -0.23199205 -0.74247605
v 0.12793410 -0.23226872 -0.74336153
v 0.13057362 -0.23254541 -0.74424702
v 0.13321905 -0.23282209 -0.74513251
v 0.13592416 -0.23319098 -0.74631315
v 0.13863716 -0.23355991 -0.74749380
v 0.14130232 -0.23383656 -0.74837929
v 0.14403006 -0.23420548 -0.74955994
v 0.14682350 -0.23466660 -0.75103575
v 0.14962670 -0.23512773 -0.75251156
v 0.15249948 -0.23568107 -0.75428253
v 0.15556616 -0.23651111 -0.75693899
v 0.15883543 -0.23761782 -0.76048094
v 0.16206577 -0.23863229 -0.76372772
v 0.16569954 -0.24020013 -0.76874548
v 0.06169239 -0.24808216 -0.78556973
v 0.06352013 -0.24500616 -0.77582937
v 0.06573547 -0.24360798 -0.77140194
v 0.06792126 -0.24220981 -0.76697451
v 0.07018598 -0.24118447 -0.76372772
v 0.07245706 -0.24025236 -0.76077610
v 0.07470842 -0.23932023 -0.75782448
v 0.07700026 -0.23857453 -0.75546318
v 0.07924522 -0.23773563 -0.75280672
v 0.08153653 -0.23708315 -0.75074059
v 0.08384707 -0.23652388 -0.74896961
v 0.08617984 -0.23605783 -0.74749380
v 0.08850273 -0.23559175 -0.74601799
v 0.09081574 -0.23512569 -0.74454218
v 0.09315591 -0.23475285 -0.74336153
v 0.09552612 -0.23447321 -0.74247605
v 0.09792940 -0.23428680 -0.74188572
v 0.10032874 -0.23410036 -0.74129540
v 0.10276506 -0.23400715 -0.74100024
v 0.10515749 -0.23382072 -0.74040991
v 0.10758883 -0.23372751 -0.74011475
v 0.11001830 -0.23363431 -0.73981959
v 0.11249062 -0.23363431 -0.73981959
v 0.11496291 -0.23363431 -0.73981959
v 0.11743522 -0.23363431 -0.73981959
v 0.11995538 -0.23372751 -0.74011475
v 0.12252636 -0.23391394 -0.74070507
v 0.12510125 -0.23410036 -0.74129540
v 0.12778170 -0.23447321 -0.74247605
v 0.13036647 -0.23465964 -0.74306637
v 0.13300796 -0.23493928 -0.74395186
v 0.13565537 -0.23521891 -0.74483734
v 0.13836344 -0.23559175 -0.74601799
v 0.14102367 -0.23587139 -0.74690348
v 0.14374648 -0.23624425 -0.74808413
v 0.14647728 -0.23661709 -0.74926478
v 0.14927457 -0.23708315 -0.75074059
v 0.15214144 -0.23764241 -0.75251156
v 0.15514152 -0.23838812 -0.75487286
v 0.15840389 -0.23950665 -0.75841480
v 0.16162732 -0.24053200 -0.76166159
v 0.16512695 -0.24193017 -0.76608902
v 0.06245732 -0.25381592 -0.79531008
v 0.06366512 -0.24816401 -0.77760035
v 0.06581093 -0.24646844 -0.77228743
v 0.06797354 -0.24496128 -0.76756483
v 0.07021310 -0.24383089 -0.76402289
v 0.07248517 -0.24288891 -0.76107126
v 0.07470842 -0.24185273 -0.75782448
v 0.07700026 -0.24109915 -0.75546318
v 0.07927630 -0.24034555 -0.75310189
v 0.08153653 -0.23959197 -0.75074059
v 0.08384707 -0.23902678 -0.74896961
v 0.08617984 -0.23855579 -0.74749380
v 0.08846772 -0.23799059 -0.74572283
v 0.09081574 -0.23761381 -0.74454218
v 0.09315591 -0.23723702 -0.74336153
v 0.09548815 -0.23686023 -0.74218088
v 0.09789044 -0.23667182 -0.74159056
v 0.10028879 -0.23648342 -0.74100024
v 0.10268319 -0.23629503 -0.74040991
v 0.10507365 -0.23610663 -0.73981959
v 0.10750301 -0.23601243 -0.73952442
v 0.10993051 -0.23591824 -0.73922926
v 0.11235598 -0.23582405 -0.73893410
v 0.11482530 -0.23582405 -0.73893410
v 0.11729466 -0.23582405 -0.73893410
v 0.11981186 -0.23591824 -0.73922926
v 0.12233105 -0.23601243 -0.73952442
v 0.12495182 -0.23629503 -0.74040991
v 0.12757851 -0.23657762 -0.74129540
v 0.13015933 -0.23676603 -0.74188572
v 0.13279688 -0.23704861 -0.74277121
v 0.13538659 -0.23723702 -0.74336153
v 0.13803497 -0.23751961 -0.74424702
v 0.14074501 -0.23789640 -0.74542767
v 0.14346290 -0.23827320 -0.74660832
v 0.14618877 -0.23864999 -0.74778897
v 0.14892244 -0.23902678 -0.74896961
v 0.15178339 -0.23959197 -0.75074059
v 0.15477756 -0.24034555 -0.75310189
v 0.15791069 -0.24128753 -0.75605351
v 0.16118889 -0.24241792 -0.75959545
v 0.16468161 -0.24383089 -0.76402289
v 0.16852695 -0.24571486 -0.76992613
v 0.06383429 -0.25142893 -0.77966648
v 0.06588639 -0.24933487 -0.77317291
v 0.06805196 -0.24781191 -0.76845032
v 0.07024023 -0.24647933 -0.76431805
v 0.07251328 -0.24552748 -0.76136643
v 0.07473751 -0.24448045 -0.75811964
v 0.07700026 -0.24362379 -0.75546318
v 0.07924522 -0.24276713 -0.75280672
v 0.08153653 -0.24210083 -0.75074059
v 0.08384707 -0.24152973 -0.74896961
v 0.08614581 -0.24095862 -0.74719864
v 0.08843270 -0.24038751 -0.74542767
v 0.09077974 -0.24000677 -0.74424702
v 0.09308194 -0.23953085 -0.74277121
v 0.09545018 -0.23924528 -0.74188572
v 0.09785148 -0.23905492 -0.74129540
v 0.10024884 -0.23886456 -0.74070507
v 0.10260132 -0.23857901 -0.73981959
v 0.10498980 -0.23838863 -0.73922926
v 0.10741720 -0.23829345 -0.73893410
v 0.10984272 -0.23819825 -0.73863894
v 0.11226621 -0.23810308 -0.73834378
v 0.11473357 -0.23810308 -0.73834378
v 0.11715411 -0.23800789 -0.73804861
v 0.11966836 -0.23810308 -0.73834378
v 0.12218457 -0.23819825 -0.73863894
v 0.12475257 -0.23838863 -0.73922926
v 0.12732452 -0.23857901 -0.73981959
v 0.12995221 -0.23886456 -0.74070507
v 0.13253303 -0.23905492 -0.74129540
v 0.13517155 -0.23934048 -0.74218088
v 0.13781600 -0.23962604 -0.74306637
v 0.14046636 -0.23991159 -0.74395186
v 0.14317933 -0.24029234 -0.74513251
v 0.14584255 -0.24057788 -0.74601799
v 0.14862898 -0.24105380 -0.74749380
v 0.15142535 -0.24152973 -0.74896961
v 0.15447424 -0.24238639 -0.75162607
v 0.15760246 -0.24333823 -0.75457770
v 0.16081308 -0.24438526 -0.75782448
v 0.16423625 -0.24571785 -0.76195675
v 0.16775168 -0.24714564 -0.76638418
v 0.06410012 -0.25509226 -0.78291327
v 0.06598700 -0.25230330 -0.77435356
v 0.06810423 -0.25057220 -0.76904064
v 0.07029448 -0.24922583 -0.76490837
v 0.07254140 -0.24816795 -0.76166159
v 0.07476661 -0.24711005 -0.75841480
v 0.07703035 -0.24624452 -0.75575835
v 0.07927630 -0.24537899 -0.75310189
v 0.08153653 -0.24460961 -0.75074059
v 0.08384707 -0.24403259 -0.74896961
v 0.08611178 -0.24335937 -0.74690348
v 0.08843270 -0.24287853 -0.74542767
v 0.09074373 -0.24239767 -0.74395186
v 0.09308194 -0.24201299 -0.74277121
v 0.09545018 -0.24172448 -0.74188572
v 0.09781252 -0.24143596 -0.74100024
v 0.10016894 -0.24114744 -0.74011475
v 0.10256039 -0.24095511 -0.73952442
v 0.10494788 -0.24076277 -0.73893410
v 0.10733139 -0.24057041 -0.73834378
v 0.10975493 -0.24047425 -0.73804861
v 0.11217646 -0.24037808 -0.73775345
v 0.11459596 -0.24028192 -0.73745829
v 0.11706040 -0.24028192 -0.73745829
v 0.11952484 -0.24028192 -0.73745829
v 0.12208693 -0.24047425 -0.73804861
v 0.12460314 -0.24057041 -0.73834378
v 0.12722293 -0.24085893 -0.73922926
v 0.12974507 -0.24095511 -0.73952442
v 0.13232194 -0.24114744 -0.74011475
v 0.13490276 -0.24133979 -0.74070507
v 0.13754228 -0.24162830 -0.74159056
v 0.14024344 -0.24201299 -0.74277121
v 0.14295246 -0.24239767 -0.74395186
v 0.14561175 -0.24268618 -0.74483734
v 0.14839424 -0.24316704 -0.74631315
v 0.15118665 -0.24364789 -0.74778897
v 0.15411027 -0.24432109 -0.74985510
v 0.15723257 -0.24528281 -0.75280672
v 0.16037463 -0.24624452 -0.75575835
v 0.16379091 -0.24759091 -0.75989062
v 0.16729943 -0.24903348 -0.76431805
v 0.06482510 -0.26062331 -0.79176813
v 0.06606246 -0.25518250 -0.77523905
v 0.06818265 -0.25343367 -0.76992613
v 0.07037585 -0.25207347 -0.76579386
v 0.07256950 -0.25081041 -0.76195675
v 0.07479572 -0.24974169 -0.75870997
v 0.07703035 -0.24877010 -0.75575835
v 0.07927630 -0.24789570 -0.75310189
v 0.08153653 -0.24711843 -0.75074059
v 0.08381402 -0.24643834 -0.74867445
v 0.08611178 -0.24585538 -0.74690348
v 0.08843270 -0.24536960 -0.74542767
v 0.09074373 -0.24488382 -0.74395186
v 0.09308194 -0.24449518 -0.74277121
v 0.09541220 -0.24410655 -0.74159056
v 0.09777355 -0.24381508 -0.74070507
v 0.10012899 -0.24352361 -0.73981959
v 0.10247852 -0.24323213 -0.73893410
v 0.10486404 -0.24303782 -0.73834378
v 0.10728848 -0.24294066 -0.73804861
v 0.10966714 -0.24274634 -0.73745829
v 0.11204182 -0.24255203 -0.73686796
v 0.11450423 -0.24255203 -0.73686796
v 0.11696669 -0.24255203 -0.73686796
v 0.11942916 -0.24255203 -0.73686796
v 0.12194044 -0.24264918 -0.73716313
v 0.12445371 -0.24274634 -0.73745829
v 0.12701973 -0.24294066 -0.73804861
v 0.12953793 -0.24303782 -0.73834378
v 0.13216363 -0.24332929 -0.73922926
v 0.13474150 -0.24352361 -0.73981959
v 0.13732331 -0.24371792 -0.74040991
v 0.13996479 -0.24400939 -0.74129540
v 0.14266887 -0.24439801 -0.74247605
v 0.14538093 -0.24478665 -0.74365669
v 0.14810079 -0.24517529 -0.74483734
v 0.15088825 -0.24566106 -0.74631315
v 0.15380695 -0.24634118 -0.74837929
v 0.15686268 -0.24721558 -0.75103575
v 0.15999883 -0.24818717 -0.75398737
v 0.16334558 -0.24945022 -0.75782448
v 0.16678257 -0.25081041 -0.76195675
v 0.06626368 -0.25855833 -0.77760035
v 0.06823493 -0.25620288 -0.77051646
v 0.07040298 -0.25473073 -0.76608902
v 0.07262573 -0.25355300 -0.76254708
v 0.07485390 -0.25247341 -0.75930029
v 0.07709052 -0.25149196 -0.75634867
v 0.07930737 -0.25051054 -0.75339705
v 0.08153653 -0.24962725 -0.75074059
v 0.08381402 -0.24894024 -0.74867445
v 0.08611178 -0.24835138 -0.74690348
v 0.08843270 -0.24786066 -0.74542767
v 0.09070773 -0.24727179 -0.74365669
v 0.09304494 -0.24687922 -0.74247605
v 0.09537423 -0.24648665 -0.74129540
v 0.09773459 -0.24619223 -0.74040991
v 0.10004909 -0.24579963 -0.73922926
v 0.10243758 -0.24560337 -0.73863894
v 0.10482211 -0.24540706 -0.73804861
v 0.10720267 -0.24521077 -0.73745829
v 0.10957936 -0.24501449 -0.73686796
v 0.11199694 -0.24491635 -0.73657280
v 0.11441250 -0.24481820 -0.73627764
v 0.11682614 -0.24472006 -0.73598248
v 0.11928564 -0.24472006 -0.73598248
v 0.12184279 -0.24491635 -0.73657280
v 0.12435409 -0.24501449 -0.73686796
v 0.12686734 -0.24511264 -0.73716313
v 0.12943435 -0.24530892 -0.73775345
v 0.13200532 -0.24550521 -0.73834378
v 0.13458022 -0.24570149 -0.73893410
v 0.13715908 -0.24589778 -0.73952442
v 0.13979760 -0.24619223 -0.74040991
v 0.14244200 -0.24648665 -0.74129540
v 0.14515013 -0.24687922 -0.74247605
v 0.14786603 -0.24727179 -0.74365669
v 0.15064956 -0.24776252 -0.74513251
v 0.15356432 -0.24844952 -0.74719864
v 0.15655443 -0.24923468 -0.74955994
v 0.15968566 -0.25021613 -0.75251156
v 0.16296385 -0.25139385 -0.75605351
v 0.16626571 -0.25257155 -0.75959545
v 0.17011599 -0.25453442 -0.76549870
v 0.06684218 -0.26343691 -0.78438908
v 0.06833948 -0.25917432 -0.77169710
v 0.07048436 -0.25758824 -0.76697451
v 0.07268196 -0.25629953 -0.76313740
v 0.07491210 -0.25520912 -0.75989062
v 0.07712059 -0.25411868 -0.75664383
v 0.07933843 -0.25312737 -0.75369221
v 0.08156859 -0.25223520 -0.75103575
v 0.08384707 -0.25154129 -0.74896961
v 0.08614581 -0.25094652 -0.74719864
v 0.08843270 -0.25035173 -0.74542767
v 0.09070773 -0.24975695 -0.74365669
v 0.09304494 -0.24936043 -0.74247605
v 0.09537423 -0.24896391 -0.74129540
v 0.09769563 -0.24856737 -0.74011475
v 0.10004909 -0.24827000 -0.73922926
v 0.10239664 -0.24797261 -0.73834378
v 0.10473828 -0.24767521 -0.73745829
v 0.10715976 -0.24757609 -0.73716313
v 0.10953547 -0.24737783 -0.73657280
v 0.11190718 -0.24717957 -0.73598248
v 0.11432078 -0.24708043 -0.73568732
v 0.11673243 -0.24698129 -0.73539215
v 0.11923780 -0.24708043 -0.73568732
v 0.12169632 -0.24708043 -0.73568732
v 0.12425446 -0.24727869 -0.73627764
v 0.12676574 -0.24737783 -0.73657280
v 0.12933078 -0.24757609 -0.73716313
v 0.13184701 -0.24767521 -0.73745829
v 0.13441895 -0.24787347 -0.73804861
v 0.13699485 -0.24807175 -0.73863894
v 0.13968614 -0.24846826 -0.73981959
v 0.14227186 -0.24866651 -0.74040991
v 0.14491931 -0.24896391 -0.74129540
v 0.14763127 -0.24936043 -0.74247605
v 0.15041086 -0.24985608 -0.74395186
v 0.15332167 -0.25055000 -0.74601799
v 0.15630785 -0.25134301 -0.74837929
v 0.15930985 -0.25213608 -0.75074059
v 0.16258213 -0.25332561 -0.75428253
v 0.16581346 -0.25441608 -0.75752932
v 0.16946006 -0.25610128 -0.76254708
v 0.06852246 -0.26245397 -0.77376324
v 0.07056573 -0.26045164 -0.76786000
v 0.07276629 -0.25915015 -0.76402289
v 0.07494120 -0.25784862 -0.76018578
v 0.07718077 -0.25684744 -0.75723416
v 0.07940058 -0.25584629 -0.75428253
v 0.08163270 -0.25494525 -0.75162607
v 0.08388011 -0.25414431 -0.74926478
v 0.08614581 -0.25344351 -0.74719864
v 0.08843270 -0.25284278 -0.74542767
v 0.09067173 -0.25214198 -0.74336153
v 0.09300795 -0.25174150 -0.74218088
v 0.09533624 -0.25134104 -0.74100024
v 0.09765667 -0.25094059 -0.73981959
v 0.10000914 -0.25064024 -0.73893410
v 0.10235572 -0.25033990 -0.73804861
v 0.10473828 -0.25013965 -0.73745829
v 0.10711686 -0.24993943 -0.73686796
v 0.10944768 -0.24963906 -0.73598248
v 0.11186230 -0.24953894 -0.73568732
v 0.11427491 -0.24943884 -0.73539215
v 0.11668558 -0.24933872 -0.73509699
v 0.11914212 -0.24933872 -0.73509699
v 0.12164750 -0.24943884 -0.73539215
v 0.12415484 -0.24953894 -0.73568732
v 0.12666415 -0.24963906 -0.73598248
v 0.12917542 -0.24973918 -0.73627764
v 0.13174146 -0.24993943 -0.73686796
v 0.13431144 -0.25013965 -0.73745829
v 0.13688536 -0.25033990 -0.73804861
v 0.13951896 -0.25064024 -0.73893410
v 0.14215842 -0.25094059 -0.73981959
v 0.14474620 -0.25114080 -0.74040991
v 0.14745522 -0.25154129 -0.74159056
v 0.15017216 -0.25194174 -0.74277121
v 0.15301836 -0.25254244 -0.74454218
v 0.15599960 -0.25334337 -0.74690348
v 0.15899667 -0.25414431 -0.74926478
v 0.16213678 -0.25514546 -0.75221640
v 0.16542582 -0.25634688 -0.75575835
v 0.16893530 -0.25784862 -0.76018578
v 0.06873156 -0.26584858 -0.77612454
v 0.07067423 -0.26342207 -0.76904064
v 0.07285062 -0.26200664 -0.76490837
v 0.07499940 -0.26059121 -0.76077610
v 0.07721085 -0.25947908 -0.75752932
v 0.07943165 -0.25846806 -0.75457770
v 0.08163270 -0.25745702 -0.75162607
v 0.08388011 -0.25664821 -0.74926478
v 0.08617984 -0.25604156 -0.74749380
v 0.08843270 -0.25533387 -0.74542767
v 0.09067173 -0.25462615 -0.74336153
v 0.09300795 -0.25422174 -0.74218088
v 0.09529827 -0.25371620 -0.74070507
v 0.09761771 -0.25331181 -0.73952442
v 0.09996921 -0.25300848 -0.73863894
v 0.10231478 -0.25270519 -0.73775345
v 0.10469636 -0.25250298 -0.73716313
v 0.10703104 -0.25219968 -0.73627764
v 0.10940379 -0.25199747 -0.73568732
v 0.11177254 -0.25179526 -0.73509699
v 0.11422904 -0.25179526 -0.73509699
v 0.11663873 -0.25169417 -0.73480183
v 0.11909428 -0.25169417 -0.73480183
v 0.12159867 -0.25179526 -0.73509699
v 0.12405521 -0.25179526 -0.73509699
v 0.12656255 -0.25189635 -0.73539215
v 0.12907186 -0.25199747 -0.73568732
v 0.13158315 -0.25209856 -0.73598248
v 0.13415016 -0.25230077 -0.73657280
v 0.13672112 -0.25250298 -0.73716313
v 0.13935177 -0.25280628 -0.73804861
v 0.14193156 -0.25300848 -0.73863894
v 0.14457309 -0.25331181 -0.73952442
v 0.14722045 -0.25361511 -0.74040991
v 0.14993346 -0.25401953 -0.74159056
v 0.15277572 -0.25462615 -0.74336153
v 0.15575300 -0.25543496 -0.74572283
v 0.15868349 -0.25614271 -0.74778897
v 0.16175504 -0.25705260 -0.75044543
v 0.16503817 -0.25826585 -0.75398737
v 0.16841055 -0.25958019 -0.75782448
v 0.17227465 -0.26160222 -0.76372772
v 0.06938504 -0.27099445 -0.78350359
v 0.07080986 -0.26650253 -0.77051646
v 0.07293496 -0.26486909 -0.76579386
v 0.07508669 -0.26343983 -0.76166159
v 0.07727102 -0.26221475 -0.75811964
v 0.07946272 -0.26109177 -0.75487286
v 0.08169682 -0.26017296 -0.75221640
v 0.08391315 -0.25925419 -0.74955994
v 0.08617984 -0.25853956 -0.74749380
v 0.08843270 -0.25782493 -0.74542767
v 0.09067173 -0.25711030 -0.74336153
v 0.09297097 -0.25659984 -0.74188572
v 0.09526029 -0.25608939 -0.74040991
v 0.09761771 -0.25578314 -0.73952442
v 0.09992926 -0.25537479 -0.73834378
v 0.10227384 -0.25506851 -0.73745829
v 0.10465444 -0.25486434 -0.73686796
v 0.10698814 -0.25455806 -0.73598248
v 0.10935989 -0.25435388 -0.73539215
v 0.11172765 -0.25414971 -0.73480183
v 0.11413731 -0.25404763 -0.73450667
v 0.11659188 -0.25404763 -0.73450667
v 0.11899861 -0.25394553 -0.73421150
v 0.12150101 -0.25404763 -0.73450667
v 0.12400540 -0.25414971 -0.73480183
v 0.12646095 -0.25414971 -0.73480183
v 0.12896830 -0.25425181 -0.73509699
v 0.13147761 -0.25435388 -0.73539215
v 0.13404265 -0.25455806 -0.73598248
v 0.13655689 -0.25466016 -0.73627764
v 0.13918458 -0.25496641 -0.73716313
v 0.14176141 -0.25517061 -0.73775345
v 0.14434227 -0.25537479 -0.73834378
v 0.14704439 -0.25578314 -0.73952442
v 0.14969476 -0.25608939 -0.74040991
v 0.15253307 -0.25670195 -0.74218088
v 0.15544477 -0.25741658 -0.74424702
v 0.15830770 -0.25802910 -0.74601799
v 0.16137332 -0.25894791 -0.74867445
v 0.16458592 -0.26007089 -0.75192124
v 0.16795141 -0.26139805 -0.75575835
v 0.17154227 -0.26303148 -0.76048094
v 0.07105399 -0.27000511 -0.77317291
v 0.07304740 -0.26784050 -0.76697451
v 0.07517398 -0.26629439 -0.76254708
v 0.07730111 -0.26485133 -0.75841480
v 0.07949379 -0.26371747 -0.75516802
v 0.08172887 -0.26278982 -0.75251156
v 0.08394620 -0.26186213 -0.74985510
v 0.08621387 -0.26114058 -0.74778897
v 0.08846772 -0.26041907 -0.74572283
v 0.09070773 -0.25969753 -0.74365669
v 0.09297097 -0.25907910 -0.74188572
v 0.09526029 -0.25856370 -0.74040991
v 0.09757874 -0.25815138 -0.73922926
v 0.09988931 -0.25773910 -0.73804861
v 0.10223291 -0.25742987 -0.73716313
v 0.10461251 -0.25722373 -0.73657280
v 0.10698814 -0.25701755 -0.73598248
v 0.10931600 -0.25670832 -0.73509699
v 0.11168278 -0.25650218 -0.73450667
v 0.11409144 -0.25639912 -0.73421150
v 0.11654502 -0.25639912 -0.73421150
v 0.11895077 -0.25629604 -0.73391634
v 0.12145219 -0.25639912 -0.73421150
v 0.12390577 -0.25639912 -0.73421150
v 0.12641016 -0.25650218 -0.73450667
v 0.12886474 -0.25650218 -0.73450667
v 0.13137206 -0.25660527 -0.73480183
v 0.13388138 -0.25670832 -0.73509699
v 0.13644741 -0.25691450 -0.73568732
v 0.13896166 -0.25701755 -0.73598248
v 0.14159127 -0.25732681 -0.73686796
v 0.14416917 -0.25753295 -0.73745829
v 0.14680964 -0.25784218 -0.73834378
v 0.14951572 -0.25825447 -0.73952442
v 0.15229042 -0.25876987 -0.74100024
v 0.15513653 -0.25938830 -0.74277121
v 0.15799452 -0.26000676 -0.74454218
v 0.16105522 -0.26093444 -0.74719864
v 0.16413368 -0.26186213 -0.74985510
v 0.16742665 -0.26309904 -0.75339705
v 0.17080988 -0.26443902 -0.75723416
v 0.17557010 -0.26784050 -0.76697451
v 0.07129811 -0.27352539 -0.77582937
v 0.07313174 -0.27071574 -0.76786000
v 0.07523219 -0.26905075 -0.76313740
v 0.07739136 -0.26769793 -0.75930029
v 0.07955593 -0.26644918 -0.75575835
v 0.08176093 -0.26540855 -0.75280672
v 0.08397924 -0.26447201 -0.75015026
v 0.08621387 -0.26363951 -0.74778897
v 0.08843270 -0.26280701 -0.74542767
v 0.09067173 -0.26207858 -0.74336153
v 0.09297097 -0.26155826 -0.74188572
v 0.09526029 -0.26103798 -0.74040991
v 0.09753978 -0.26051766 -0.73893410
v 0.09984936 -0.26010141 -0.73775345
v 0.10219198 -0.25978923 -0.73686796
v 0.10452867 -0.25947702 -0.73598248
v 0.10690232 -0.25926891 -0.73539215
v 0.10927211 -0.25906080 -0.73480183
v 0.11163791 -0.25885266 -0.73421150
v 0.11404558 -0.25874859 -0.73391634
v 0.11645132 -0.25864452 -0.73362118
v 0.11890293 -0.25864452 -0.73362118
v 0.12135454 -0.25864452 -0.73362118
v 0.12380615 -0.25864452 -0.73362118
v 0.12625776 -0.25864452 -0.73362118
v 0.12876116 -0.25874859 -0.73391634
v 0.13121375 -0.25874859 -0.73391634
v 0.13372010 -0.25885266 -0.73421150
v 0.13622844 -0.25895670 -0.73450667
v 0.13879447 -0.25916484 -0.73509699
v 0.14136440 -0.25937298 -0.73568732
v 0.14393836 -0.25958109 -0.73627764
v 0.14657487 -0.25989327 -0.73716313
v 0.14921735 -0.26020545 -0.73804861
v 0.15198712 -0.26072577 -0.73952442
v 0.15482828 -0.26135015 -0.74129540
v 0.15768136 -0.26197451 -0.74306637
v 0.16067350 -0.26280701 -0.74542767
v 0.16368142 -0.26363951 -0.74778897
v 0.16690190 -0.26478419 -0.75103575
v 0.17027724 -0.26613700 -0.75487286
v 0.17415121 -0.26821825 -0.76077610
v 0.07181349 -0.27811402 -0.78143746
v 0.07321607 -0.27359694 -0.76874548
v 0.07529037 -0.27181113 -0.76372772
v 0.07742144 -0.27034044 -0.75959545
v 0.07958700 -0.26907986 -0.75605351
v 0.08179299 -0.26802939 -0.75310189
v 0.08397924 -0.26697889 -0.75015026
v 0.08621387 -0.26613852 -0.74778897
v 0.08846772 -0.26540318 -0.74572283
v 0.09067173 -0.26456279 -0.74336153
v 0.09297097 -0.26403755 -0.74188572
v 0.09522232 -0.26340726 -0.74011475
v 0.09753978 -0.26298705 -0.73893410
v 0.09980941 -0.26246181 -0.73745829
v 0.10215104 -0.26214668 -0.73657280
v 0.10448676 -0.26183152 -0.73568732
v 0.10685941 -0.26162142 -0.73509699
v 0.10918432 -0.26130629 -0.73421150
v 0.11154814 -0.26109618 -0.73362118
v 0.11395384 -0.26099113 -0.73332602
v 0.11640447 -0.26099113 -0.73332602
v 0.11880726 -0.26088610 -0.73303086
v 0.12125689 -0.26088610 -0.73303086
v 0.12370653 -0.26088610 -0.73303086
v 0.12610537 -0.26078105 -0.73273569
v 0.12860580 -0.26088610 -0.73303086
v 0.13110821 -0.26099113 -0.73332602
v 0.13355884 -0.26099113 -0.73332602
v 0.13606420 -0.26109618 -0.73362118
v 0.13862728 -0.26130629 -0.73421150
v 0.14119424 -0.26151636 -0.73480183
v 0.14370756 -0.26162142 -0.73509699
v 0.14634012 -0.26193658 -0.73598248
v 0.14897865 -0.26225173 -0.73686796
v 0.15174447 -0.26277697 -0.73834378
v 0.15458170 -0.26340726 -0.74011475
v 0.15736818 -0.26393250 -0.74159056
v 0.16035539 -0.26477289 -0.74395186
v 0.16335839 -0.26561326 -0.74631315
v 0.16650835 -0.26666376 -0.74926478
v 0.16981119 -0.26792434 -0.75280672
v 0.17347555 -0.26971015 -0.75782448
v 0.07335663 -0.27669612 -0.77022129
v 0.07537767 -0.27468145 -0.76461321
v 0.07748161 -0.27309093 -0.76018578
v 0.07964914 -0.27181852 -0.75664383
v 0.08182505 -0.27065212 -0.75339705
v 0.08404533 -0.26969782 -0.75074059
v 0.08624791 -0.26874352 -0.74808413
v 0.08846772 -0.26789522 -0.74572283
v 0.09070773 -0.26715297 -0.74365669
v 0.09297097 -0.26651677 -0.74188572
v 0.09522232 -0.26588055 -0.74011475
v 0.09750082 -0.26535037 -0.73863894
v 0.09980941 -0.26492625 -0.73745829
v 0.10215104 -0.26460814 -0.73657280
v 0.10448676 -0.26429003 -0.73568732
v 0.10681651 -0.26397192 -0.73480183
v 0.10914042 -0.26365384 -0.73391634
v 0.11150326 -0.26344177 -0.73332602
v 0.11390797 -0.26333573 -0.73303086
v 0.11631076 -0.26322970 -0.73273569
v 0.11866374 -0.26301762 -0.73214537
v 0.12111042 -0.26301762 -0.73214537
v 0.12355710 -0.26301762 -0.73214537
v 0.12600377 -0.26301762 -0.73214537
v 0.12845045 -0.26301762 -0.73214537
v 0.13089713 -0.26301762 -0.73214537
v 0.13339756 -0.26312366 -0.73244053
v 0.13584523 -0.26312366 -0.73244053
v 0.13840435 -0.26333573 -0.73303086
v 0.14091067 -0.26344177 -0.73332602
v 0.14347674 -0.26365384 -0.73391634
v 0.14610536 -0.26397192 -0.73480183
v 0.14879961 -0.26439607 -0.73598248
v 0.15150182 -0.26482022 -0.73716313
v 0.15433510 -0.26545644 -0.73893410
v 0.15711765 -0.26598659 -0.74040991
v 0.16003729 -0.26672885 -0.74247605
v 0.16303533 -0.26757711 -0.74483734
v 0.16611478 -0.26853144 -0.74749380
v 0.16941172 -0.26980385 -0.75103575
v 0.17279989 -0.27118230 -0.75487286
v 0.17662501 -0.27319697 -0.76048094
v 0.07355341 -0.28001913 -0.77228743
v 0.07552316 -0.27777168 -0.76608902
v 0.07757185 -0.27595234 -0.76107126
v 0.07971129 -0.27456105 -0.75723416
v 0.08188915 -0.27338383 -0.75398737
v 0.08407837 -0.27231362 -0.75103575
v 0.08628193 -0.27135041 -0.74837929
v 0.08850273 -0.27049425 -0.74601799
v 0.09074373 -0.26974511 -0.74395186
v 0.09297097 -0.26899597 -0.74188572
v 0.09526029 -0.26846084 -0.74040991
v 0.09753978 -0.26792574 -0.73893410
v 0.09980941 -0.26739064 -0.73745829
v 0.10215104 -0.26706958 -0.73657280
v 0.10448676 -0.26674852 -0.73568732
v 0.10681651 -0.26642746 -0.73480183
v 0.10914042 -0.26610637 -0.73391634
v 0.11150326 -0.26589233 -0.73332602
v 0.11386210 -0.26567829 -0.73273569
v 0.11621705 -0.26546425 -0.73214537
v 0.11866374 -0.26546425 -0.73214537
v 0.12106159 -0.26535723 -0.73185021
v 0.12345747 -0.26525024 -0.73155504
v 0.12590218 -0.26525024 -0.73155504
v 0.12834688 -0.26525024 -0.73155504
v 0.13079159 -0.26525024 -0.73155504
v 0.13323630 -0.26525024 -0.73155504
v 0.13573575 -0.26535723 -0.73185021
v 0.13823716 -0.26546425 -0.73214537
v 0.14074053 -0.26557127 -0.73244053
v 0.14330363 -0.26578534 -0.73303086
v 0.14592929 -0.26610637 -0.73391634
v 0.14856091 -0.26642746 -0.73480183
v 0.15125917 -0.26685554 -0.73598248
v 0.15408850 -0.26749766 -0.73775345
v 0.15692975 -0.26813978 -0.73952442
v 0.15978281 -0.26878193 -0.74129540
v 0.16277690 -0.26963806 -0.74365669
v 0.16578682 -0.27049425 -0.74601799
v 0.16894564 -0.27156445 -0.74896961
v 0.17239448 -0.27306277 -0.75310189
v 0.17593949 -0.27466810 -0.75752932
v 0.07383452 -0.28368002 -0.77523905
v 0.07561045 -0.28065583 -0.76697451
v 0.07772228 -0.27903572 -0.76254708
v 0.07983556 -0.27752361 -0.75841480
v 0.08198532 -0.27622753 -0.75487286
v 0.08417750 -0.27514744 -0.75192124
v 0.08634999 -0.27406737 -0.74896961
v 0.08857276 -0.27320328 -0.74660832
v 0.09081574 -0.27244726 -0.74454218
v 0.09304494 -0.27169120 -0.74247605
v 0.09529827 -0.27104315 -0.74070507
v 0.09757874 -0.27050310 -0.73922926
v 0.09984936 -0.26996309 -0.73775345
v 0.10215104 -0.26953104 -0.73657280
v 0.10448676 -0.26920703 -0.73568732
v 0.10681651 -0.26888299 -0.73480183
v 0.10914042 -0.26855898 -0.73391634
v 0.11145838 -0.26823497 -0.73303086
v 0.11381624 -0.26801896 -0.73244053
v 0.11621705 -0.26791093 -0.73214537
v 0.11861590 -0.26780292 -0.73185021
v 0.12101276 -0.26769492 -0.73155504
v 0.12335785 -0.26747891 -0.73096472
v 0.12580058 -0.26747891 -0.73096472
v 0.12824331 -0.26747891 -0.73096472
v 0.13068604 -0.26747891 -0.73096472
v 0.13312878 -0.26747891 -0.73096472
v 0.13557152 -0.26747891 -0.73096472
v 0.13806997 -0.26758692 -0.73125988
v 0.14062709 -0.26780292 -0.73185021
v 0.14313053 -0.26791093 -0.73214537
v 0.14575322 -0.26823497 -0.73303086
v 0.14838190 -0.26855898 -0.73391634
v 0.15113784 -0.26909903 -0.73539215
v 0.15396520 -0.26974708 -0.73716313
v 0.15667921 -0.27017909 -0.73834378
v 0.15959194 -0.27093515 -0.74040991
v 0.16251849 -0.27169120 -0.74247605
v 0.16545884 -0.27244726 -0.74454218
v 0.16854617 -0.27341932 -0.74719864
v 0.17185396 -0.27471542 -0.75074059
v 0.17532250 -0.27622753 -0.75487286
v 0.07425620 -0.28790563 -0.77966648
v 0.07578504 -0.28387287 -0.76874548
v 0.07784262 -0.28201994 -0.76372772
v 0.07995985 -0.28049403 -0.75959545
v 0.08208150 -0.27907711 -0.75575835
v 0.08424359 -0.27787820 -0.75251156
v 0.08641805 -0.27678823 -0.74955994
v 0.08864280 -0.27591631 -0.74719864
v 0.09088775 -0.27515334 -0.74513251
v 0.09308194 -0.27428141 -0.74277121
v 0.09537423 -0.27373642 -0.74129540
v 0.09761771 -0.27308246 -0.73952442
v 0.09988931 -0.27253750 -0.73804861
v 0.10223291 -0.27221051 -0.73716313
v 0.10452867 -0.27177453 -0.73598248
v 0.10685941 -0.27144757 -0.73509699
v 0.10914042 -0.27101159 -0.73391634
v 0.11150326 -0.27079359 -0.73332602
v 0.11386210 -0.27057561 -0.73273569
v 0.11617021 -0.27024862 -0.73185021
v 0.11856806 -0.27013963 -0.73155504
v 0.12096395 -0.27003062 -0.73125988
v 0.12335785 -0.26992163 -0.73096472
v 0.12580058 -0.26992163 -0.73096472
v 0.12819153 -0.26981264 -0.73066956
v 0.13063328 -0.26981264 -0.73066956
v 0.13302127 -0.26970366 -0.73037440
v 0.13551676 -0.26981264 -0.73066956
v 0.13795853 -0.26981264 -0.73066956
v 0.14051366 -0.27003062 -0.73125988
v 0.14301512 -0.27013963 -0.73155504
v 0.14557716 -0.27035761 -0.73214537
v 0.14820287 -0.27068460 -0.73303086
v 0.15095586 -0.27122957 -0.73450667
v 0.15371864 -0.27177453 -0.73598248
v 0.15655392 -0.27242848 -0.73775345
v 0.15927383 -0.27286449 -0.73893410
v 0.16219544 -0.27362743 -0.74100024
v 0.16513087 -0.27439040 -0.74306637
v 0.16821326 -0.27537131 -0.74572283
v 0.17144856 -0.27657026 -0.74896961
v 0.17477410 -0.27787820 -0.75251156
v 0.17867957 -0.28005809 -0.75841480
v 0.07601783 -0.28732169 -0.77110678
v 0.07799304 -0.28512207 -0.76520354
v 0.08005306 -0.28336239 -0.76048094
v 0.08217767 -0.28193265 -0.75664383
v 0.08434272 -0.28072286 -0.75339705
v 0.08652014 -0.27962306 -0.75044543
v 0.08871283 -0.27863324 -0.74778897
v 0.09095974 -0.27786338 -0.74572283
v 0.09319290 -0.27709353 -0.74365669
v 0.09545018 -0.27643365 -0.74188572
v 0.09769563 -0.27577376 -0.74011475
v 0.10000914 -0.27533385 -0.73893410
v 0.10227384 -0.27478394 -0.73745829
v 0.10457060 -0.27434403 -0.73627764
v 0.10685941 -0.27390409 -0.73509699
v 0.10918432 -0.27357417 -0.73421150
v 0.11145838 -0.27313423 -0.73303086
v 0.11381624 -0.27291429 -0.73244053
v 0.11617021 -0.27269432 -0.73185021
v 0.11856806 -0.27258432 -0.73155504
v 0.12091511 -0.27236438 -0.73096472
v 0.12335785 -0.27236438 -0.73096472
v 0.12569898 -0.27214441 -0.73037440
v 0.12813975 -0.27214441 -0.73037440
v 0.13052773 -0.27203444 -0.73007923
v 0.13291375 -0.27192444 -0.72978407
v 0.13535254 -0.27192444 -0.72978407
v 0.13784707 -0.27203444 -0.73007923
v 0.14034352 -0.27214441 -0.73037440
v 0.14284201 -0.27225441 -0.73066956
v 0.14540109 -0.27247435 -0.73125988
v 0.14802384 -0.27280429 -0.73214537
v 0.15071321 -0.27324420 -0.73332602
v 0.15353368 -0.27390409 -0.73509699
v 0.15630339 -0.27445400 -0.73657280
v 0.15908296 -0.27500391 -0.73804861
v 0.16193701 -0.27566379 -0.73981959
v 0.16486850 -0.27643365 -0.74188572
v 0.16788037 -0.27731347 -0.74424702
v 0.17104316 -0.27841330 -0.74719864
v 0.17443132 -0.27984303 -0.75103575
v 0.17826234 -0.28193265 -0.75664383
f 1 3 4
f 1 4 2
f 3 6 7
f 3 7 4
f 4 7 8
f 4 8 5
f 7 10 11
f 7 11 8
f 8 11 12
f 8 12 9
f 10 14 15
f 10 15 11
f 11 15 16
f 11 16 12
f 12 16 17
f 12 17 13
f 15 19 20
f 15 20 16
f 16 20 21
f 16 21 17
f 17 21 22
f 17 22 18
f 19 23 24
f 19 24 20
f 20 24 25
f 20 25 21
f 21 25 26
f 21 26 22
f 24 28 29
f 24 29 25
f 25 29 30
f 25 30 26
f 26 30 31
f 26 31 27
f 28 33 34
f 28 34 29
f 29 34 35
f 29 35 30
f 30 35 36
f 30 36 31
f 31 36 37
f 31 37 32
f 34 39 40
f 34 40 35
f 35 40 41
f 35 41 36
f 36 41 42
f 36 42 37
f 37 42 43
f 37 43 38
f 39 44 45
f 39 45 40
f 40 45 46
f 40 46 41
f 41 46 47
f 41 47 42
f 42 47 48
f 42 48 43
f 45 50 51
f 45 51 46
f 46 51 52
f 46 52 47
f 47 52 53
f 47 53 48
f 48 53 54
f 48 54 49
f 50 56 57
f 50 57 51
f 51 57 58
f 51 58 52
f 52 58 59
f 52 59 53
f 53 59 60
f 53 60 54
f 54 60 61
f 54 61 55
f 57 62 63
f 57 63 58
f 58 63 64
f 58 64 59
f 59 64 65
f 59 65 60
f 60 65 66
f 60 66 61
f 62 68 69
f 62 69 63
f 63 69 70
f 63 70 64
f 64 70 71
f 64 71 65
f 65 71 72
f 65 72 66
f 66 72 73
f 66 73 67
f 69 75 76
f 69 76 70
f 70 76 77
f 70 77 71
f 71 77 78
f 71 78 72
f 72 78 79
f 72 79 73
f 73 79 80
f 73 80 74
f 75 81 82
f 75 82 76
f 76 82 83
f 76 83 77
f 77 83 84
f 77 84 78
f 78 84 85
f 78 85 79
f 79 85 86
f 79 86 80
f 82 88 89
f 82 89 83
f 83 89 90
f 83 90 84
f 84 90 91
f 84 91 85
f 85 91 92
f 85 92 86
f 86 92 93
f 86 93 87
f 88 95 96
f 88 96 89
f 89 96 97
f 89 97 90
f 90 97 98
f 90 98 91
f 91 98 99
f 91 99 92
f 92 99 100
f 92 100 93
f 93 100 101
f 93 101 94
f 96 103 104
f 96 104 97
f 97 104 105
f 97 105 98
f 98 105 106
f 98 106 99
f 99 106 107
f 99 107 100
f 100 107 108
f 100 108 101
f 101 108 109
f 101 109 102
f 103 110 111
f 103 111 104
f 104 111 112
f 104 112 105
f 105 112 113
f 105 113 106
f 106 113 114
f 106 114 107
f 107 114 115
f 107 115 108
f 108 115 116
f 108 116 109
f 110 118 119
f 110 119 111
f 111 119 120
f 111 120 112
f 112 120 121
f 112 121 113
f 113 121 122
f 113 122 114
f 114 122 123
f 114 123 115
f 115 123 124
f 115 124 116
f 116 124 125
f 116 125 117
f 119 126 127
f 119 127 120
f 120 127 128
f 120 128 121
f 121 128 129
f 121 129 122
f 122 129 130
f 122 130 123
f 123 130 131
f 123 131 124
f 124 131 132
f 124 132 125
f 127 134 135
f 127 135 128
f 128 135 136
f 128 136 129
f 129 136 137
f 129 137 130
f 130 137 138
f 130 138 131
f 131 138 139
f 131 139 132
f 132 139 140
f 132 140 133
f 134 142 143
f 134 143 135
f 135 143 144
f 135 144 136
f 136 144 145
f 136 145 137
f 137 145 146
f 137 146 138
f 138 146 147
f 138 147 139
f 139 147 148
f 139 148 140
f 140 148 149
f 140 149 141
f 143 150 151
f 143 151 144
f 144 151 152
f 144 152 145
f 145 152 153
f 145 153 146
f 146 153 154
f 146 154 147
f 147 154 155
f 147 155 148
f 148 155 156
f 148 156 149
f 150 158 159
f 150 159 151
f 151 159 160
f 151 160 152
f 152 160 161
f 152 161 153
f 153 161 162
f 153 162 154
f 154 162 163
f 154 163 155
f 155 163 164
f 155 164 156
f 156 164 165
f 156 165 157
f 159 166 167
f 159 167 160
f 160 167 168
f 160 168 161
f 161 168 169
f 161 169 162
f 162 169 170
f 162 170 163
f 163 170 171
f 163 171 164
f 164 171 172
f 164 172 165
f 166 174 175
f 166 175 167
f 167 175 176
f 167 176 168
f 168 176 177
f 168 177 169
f 169 177 178
f 169 178 170
f 170 178 179
f 170 179 171
f 171 179 180
f 171 180 172
f 172 180 181
f 172 181 173
f 175 183 184
f 175 184 176
f 176 184 185
f 176 185 177
f 177 185 186
f 177 186 178
f 178 186 187
f 178 187 179
f 179 187 188
f 179 188 180
f 180 188 189
f 180 189 181
f 181 189 190
f 181 190 182
f 183 192 193
f 183 193 184
f 184 193 194
f 184 194 185
f 185 194 195
f 185 195 186
f 186 195 196
f 186 196 187
f 187 196 197
f 187 197 188
f 188 197 198
f 188 198 189
f 189 198 199
f 189 199 190
f 190 199 200
f 190 200 191
f 193 201 202
f 193 202 194
f 194 202 203
f 194 203 195
f 195 203 204
f 195 204 196
f 196 204 205
f 196 205 197
f 197 205 206
f 197 206 198
f 198 206 207
f 198 207 199
f 199 207 208
f 199 208 200
f 201 210 211
f 201 211 202
f 202 211 212
f 202 212 203
f 203 212 213
f 203 213 204
f 204 213 214
f 204 214 205
f 205 214 215
f 205 215 206
f 206 215 216
f 206 216 207
f 207 216 217
f 207 217 208
f 208 217 218
f 208 218 209
f 211 219 220
f 211 220 212
f 212 220 221
f 212 221 213
f 213 221 222
f 213 222 214
f 214 222 223
f 214 223 215
f 215 223 224
f 215 224 216
f 216 224 225
f 216 225 217
f 217 225 226
f 217 226 218
f 219 228 229
f 219 229 220
f 220 229 230
f 220 230 221
f 221 230 231
f 221 231 222
f 222 231 232
f 222 232 223
f 223 232 233
f 223 233 224
f 224 233 234
f 224 234 225
f 225 234 235
f 225 235 226
f 226 235 236
f 226 236 227
f 229 238 239
f 229 239 230
f 230 239 240
f 230 240 231
f 231 240 241
f 231 241 232
f 232 241 242
f 232 242 233
f 233 242 243
f 233 243 234
f 234 243 244
f 234 244 235
f 235 244 245
f 235 245 236
f 236 245 246
f 236 246 237
f 238 247 248
f 238 248 239
f 239 248 249
f 239 249 240
f 240 249 250
f 240 250 241
f 241 250 251
f 241 251 242
f 242 251 252
f 242 252 243
f 243 252 253
f 243 253 244
f 244 253 254
f 244 254 245
f 245 254 255
f 245 255 246
f 248 257 258
f 248 258 249
f 249 258 259
f 249 259 250
f 250 259 260
f 250 260 251
f 251 260 261
f 251 261 252
f 252 261 262
f 252 262 253
f 253 262 263
f 253 263 254
f 254 263 264
f 254 264 255
f 255 264 265
f 255 265 256
f 257 267 268
f 257 268 258
f 258 268 269
f 258 269 259
f 259 269 270
f 259 270 260
f 260 270 271
f 260 271 261
f 261 271 272
f 261 272 262
f 262 272 273
f 262 273 263
f 263 273 274
f 263 274 264
f 264 274 275
f 264 275 265
f 265 275 276
f 265 276 266
f 268 277 278
f 268 278 269
f 269 278 279
f 269 279 270
f 270 279 280
f 270 280 271
f 271 280 281
f 271 281 272
f 272 281 282
f 272 282 273
f 273 282 283
f 273 283 274
f 274 283 284
f 274 284 275
f 275 284 285
f 275 285 276
f 277 287 288
f 277 288 278
f 278 288 289
f 278 289 279
f 279 289 290
f 279 290 280
f 280 290 291
f 280 291 281
f 281 291 292
f 281 292 282
f 282 292 293
f 282 293 283
f 283 293 294
f 283 294 284
f 284 294 295
f 284 295 285
f 285 295 296
f 285 296 286
f 288 298 299
f 288 299 289
f 289 299 300
f 289 300 290
f 290 300 301
f 290 301 291
f 291 301 302
f 291 302 292
f 292 302 303
f 292 303 293
f 293 303 304
f 293 304 294
f 294 304 305
f 294 305 295
f 295 305 306
f 295 306 296
f 296 306 307
f 296 307 297
f 298 308 309
f 298 309 299
f 299 309 310
f 299 310 300
f 300 310 311
f 300 311 301
f 301 311 312
f 301 312 302
f 302 312 313
f 302 313 303
f 303 313 314
f 303 314 304
f 304 314 315
f 304 315 305
f 305 315 316
f 305 316 306
f 306 316 317
f 306 317 307
f 309 319 320
f 309 320 310
f 310 320 321
f 310 321 311
f 311 321 322
f 311 322 312
f 312 322 323
f 312 323 313
f 313 323 324
f 313 324 314
f 314 324 325
f 314 325 315
f 315 325 326
f 315 326 316
f 316 326 327
f 316 327 317
f 317 327 328
f 317 328 318
f 320 329 330
f 320 330 321
f 321 330 331
f 321 331 322
f 322 331 332
f 322 332 323
f 323 332 333
f 323 333 324
f 324 333 334
f 324 334 325
f 325 334 335
f 325 335 326
f 326 335 336
f 326 336 327
f 327 336 337
f 327 337 328
f 329 343 344
f 329 344 330
f 330 344 345
f 330 345 331
f 331 345 346
f 331 346 332
f 332 346 347
f 332 347 333
f 333 347 348
f 333 348 334
f 334 348 349
f 334 349 335
f 335 349 350
f 335 350 336
f 336 350 351
f 336 351 337
f 337 351 352
f 337 352 338
f 339 353 354
f 339 354 340
f 340 354 355
f 340 355 341
f 341 355 356
f 341 356 342
f 344 365 366
f 344 366 345
f 345 366 367
f 345 367 346
f 346 367 368
f 346 368 347
f 347 368 369
f 347 369 348
f 348 369 370
f 348 370 349
f 349 370 371
f 349 371 350
f 350 371 372
f 350 372 351
f 351 372 373
f 351 373 352
f 353 375 376
f 353 376 354
f 354 376 377
f 354 377 355
f 355 377 378
f 355 378 356
f 356 378 379
f 356 379 357
f 357 379 380
f 357 380 358
f 358 380 381
f 358 381 359
f 359 381 382
f 359 382 360
f 360 382 383
f 360 383 361
f 361 383 384
f 361 384 362
f 362 384 385
f 362 385 363
f 363 385 386
f 363 386 364
f 365 394 395
f 365 395 366
f 366 395 396
f 366 396 367
f 367 396 397
f 367 397 368
f 368 397 398
f 368 398 369
f 369 398 399
f 369 399 370
f 370 399 400
f 370 400 371
f 371 400 401
f 371 401 372
f 372 401 402
f 372 402 373
f 373 402 403
f 373 403 374
f 379 404 405
f 379 405 380
f 380 405 406
f 380 406 381
f 381 406 407
f 381 407 382
f 382 407 408
f 382 408 383
f 383 408 409
f 383 409 384
f 384 409 410
f 384 410 385
f 385 410 411
f 385 411 386
f 386 411 412
f 386 412 387
f 387 412 413
f 387 413 388
f 388 413 414
f 388 414 389
f 389 414 415
f 389 415 390
f 390 415 416
f 390 416 391
f 391 416 417
f 391 417 392
f 392 417 418
f 392 418 393
f 395 426 427
f 395 427 396
f 396 427 428
f 396 428 397
f 397 428 429
f 397 429 398
f 398 429 430
f 398 430 399
f 399 430 431
f 399 431 400
f 400 431 432
f 400 432 401
f 401 432 433
f 401 433 402
f 402 433 434
f 402 434 403
f 406 447 448
f 406 448 407
f 407 448 449
f 407 449 408
f 408 449 450
f 408 450 409
f 409 450 451
f 409 451 410
f 410 451 452
f 410 452 411
f 411 452 453
f 411 453 412
f 412 453 454
f 412 454 413
f 413 454 455
f 413 455 414
f 414 455 456
f 414 456 415
f 415 456 457
f 415 457 416
f 416 457 458
f 416 458 417
f 417 458 459
f 417 459 418
f 418 459 460
f 418 460 419
f 419 460 461
f 419 461 420
f 420 461 462
f 420 462 421
f 421 462 463
f 421 463 422
f 422 463 464
f 422 464 423
f 423 464 465
f 423 465 424
f 424 465 466
f 424 466 425
f 426 473 474
f 426 474 427
f 427 474 475
f 427 475 428
f 428 475 476
f 428 476 429
f 429 476 477
f 429 477 430
f 430 477 478
f 430 478 431
f 431 478 479
f 431 479 432
f 432 479 480
f 432 480 433
f 433 480 481
f 433 481 434
f 434 481 482
f 434 482 435
f 436 487 488
f 436 488 437
f 437 488 489
f 437 489 438
f 438 489 490
f 438 490 439
f 439 490 491
f 439 491 440
f 440 491 492
f 440 492 441
f 441 492 493
f 441 493 442
f 442 493 494
f 442 494 443
f 443 494 495
f 443 495 444
f 444 495 496
f 444 496 445
f 445 496 497
f 445 497 446
f 450 501 502
f 450 502 451
f 451 502 503
f 451 503 452
f 452 503 504
f 452 504 453
f 453 504 505
f 453 505 454
f 454 505 506
f 454 506 455
f 455 506 507
f 455 507 456
f 456 507 508
f 456 508 457
f 457 508 509
f 457 509 458
f 458 509 510
f 458 510 459
f 459 510 511
f 459 511 460
f 460 511 512
f 460 512 461
f 461 512 513
f 461 513 462
f 462 513 514
f 462 514 463
f 463 514 515
f 463 515 464
f 464 515 516
f 464 516 465
f 465 516 517
f 465 517 466
f 466 517 518
f 466 518 467
f 467 518 519
f 467 519 468
f 468 519 520
f 468 520 469
f 469 520 521
f 469 521 470
f 470 521 522
f 470 522 471
f 471 522 523
f 471 523 472
f 474 530 531
f 474 531 475
f 475 531 532
f 475 532 476
f 476 532 533
f 476 533 477
f 477 533 534
f 477 534 478
f 478 534 535
f 478 535 479
f 479 535 536
f 479 536 480
f 480 536 537
f 480 537 481
f 481 537 538
f 481 538 482
f 482 538 539
f 482 539 483
f 484 542 543
f 484 543 485
f 485 543 544
f 485 544 486
f 486 544 545
f 486 545 487
f 487 545 546
f 487 546 488
f 488 546 547
f 488 547 489
f 489 547 548
f 489 548 490
f 490 548 549
f 490 549 491
f 491 549 550
f 491 550 492
f 492 550 551
f 492 551 493
f 493 551 552
f 493 552 494
f 494 552 553
f 494 553 495
f 495 553 554
f 495 554 496
f 496 554 555
f 496 555 497
f 497 555 556
f 497 556 498
f 498 556 557
f 498 557 499
f 499 557 558
f 499 558 500
f 503 560 561
f 503 561 504
f 504 561 562
f 504 562 505
f 505 562 563
f 505 563 506
f 506 563 564
f 506 564 507
f 507 564 565
f 507 565 508
f 508 565 566
f 508 566 509
f 509 566 567
f 509 567 510
f 510 567 568
f 510 568 511
f 511 568 569
f 511 569 512
f 512 569 570
f 512 570 513
f 513 570 571
f 513 571 514
f 514 571 572
f 514 572 515
f 515 572 573
f 515 573 516
f 516 573 574
f 516 574 517
f 517 574 575
f 517 575 518
f 518 575 576
f 518 576 519
f 519 576 577
f 519 577 520
f 520 577 578
f 520 578 521
f 521 578 579
f 521 579 522
f 522 579 580
f 522 580 523
f 523 580 581
f 523 581 524
f 524 581 582
f 524 582 525
f 525 582 583
f 525 583 526
f 526 583 584
f 526 584 527
f 527 584 585
f 527 585 528
f 528 585 586
f 528 586 529
f 530 592 593
f 530 593 531
f 531 593 594
f 531 594 532
f 532 594 595
f 532 595 533
f 533 595 596
f 533 596 534
f 534 596 597
f 534 597 535
f 535 597 598
f 535 598 536
f 536 598 599
f 536 599 537
f 537 599 600
f 537 600 538
f 538 600 601
f 538 601 539
f 540 605 606
f 540 606 541
f 541 606 607
f 541 607 542
f 542 607 608
f 542 608 543
f 543 608 609
f 543 609 544
f 544 609 610
f 544 610 545
f 545 610 611
f 545 611 546
f 546 611 612
f 546 612 547
f 547 612 613
f 547 613 548
f 548 613 614
f 548 614 549
f 549 614 615
f 549 615 550
f 550 615 616
f 550 616 551
f 551 616 617
f 551 617 552
f 552 617 618
f 552 618 553
f 553 618 619
f 553 619 554
f 554 619 620
f 554 620 555
f 555 620 621
f 555 621 556
f 556 621 622
f 556 622 557
f 557 622 623
f 557 623 558
f 558 623 624
f 558 624 559
f 564 627 628
f 564 628 565
f 565 628 629
f 565 629 566
f 566 629 630
f 566 630 567
f 567 630 631
f 567 631 568
f 568 631 632
f 568 632 569
f 569 632 633
f 569 633 570
f 570 633 634
f 570 634 571
f 571 634 635
f 571 635 572
f 572 635 636
f 572 636 573
f 573 636 637
f 573 637 574
f 574 637 638
f 574 638 575
f 575 638 639
f 575 639 576
f 576 639 640
f 576 640 577
f 577 640 641
f 577 641 578
f 578 641 642
f 578 642 579
f 579 642 643
f 579 643 580
f 580 643 644
f 580 644 581
f 581 644 645
f 581 645 582
f 582 645 646
f 582 646 583
f 583 646 647
f 583 647 584
f 584 647 648
f 584 648 585
f 585 648 649
f 585 649 586
f 586 649 650
f 586 650 587
f 587 650 651
f 587 651 588
f 588 651 652
f 588 652 589
f 589 652 653
f 589 653 590
f 590 653 654
f 590 654 591
f 592 662 663
f 592 663 593
f 593 663 664
f 593 664 594
f 594 664 665
f 594 665 595
f 595 665 666
f 595 666 596
f 596 666 667
f 596 667 597
f 597 667 668
f 597 668 598
f 598 668 669
f 598 669 599
f 599 669 670
f 599 670 600
f 600 670 671
f 600 671 601
f 601 671 672
f 601 672 602
f 603 675 676
f 603 676 604
f 604 676 677
f 604 677 605
f 605 677 678
f 605 678 606
f 606 678 679
f 606 679 607
f 607 679 680
f 607 680 608
f 608 680 681
f 608 681 609
f 609 681 682
f 609 682 610
f 610 682 683
f 610 683 611
f 611 683 684
f 611 684 612
f 612 684 685
f 612 685 613
f 613 685 686
f 613 686 614
f 614 686 687
f 614 687 615
f 615 687 688
f 615 688 616
f 616 688 689
f 616 689 617
f 617 689 690
f 617 690 618
f 618 690 691
f 618 691 619
f 619 691 692
f 619 692 620
f 620 692 693
f 620 693 621
f 621 693 694
f 621 694 622
f 622 694 695
f 622 695 623
f 623 695 696
f 623 696 624
f 624 696 697
f 624 697 625
f 625 697 698
f 625 698 626
f 631 701 702
f 631 702 632
f 632 702 703
f 632 703 633
f 633 703 704
f 633 704 634
f 634 704 705
f 634 705 635
f 635 705 706
f 635 706 636
f 636 706 707
f 636 707 637
f 637 707 708
f 637 708 638
f 638 708 709
f 638 709 639
f 639 709 710
f 639 710 640
f 640 710 711
f 640 711 641
f 641 711 712
f 641 712 642
f 642 712 713
f 642 713 643
f 643 713 714
f 643 714 644
f 644 714 715
f 644 715 645
f 645 715 716
f 645 716 646
f 646 716 717
f 646 717 647
f 647 717 718
f 647 718 648
f 648 718 719
f 648 719 649
f 649 719 720
f 649 720 650
f 650 720 721
f 650 721 651
f 651 721 722
f 651 722 652
f 652 722 723
f 652 723 653
f 653 723 724
f 653 724 654
f 654 724 725
f 654 725 655
f 655 725 726
f 655 726 656
f 656 726 727
f 656 727 657
f 657 727 728
f 657 728 658
f 658 728 729
f 658 729 659
f 659 729 730
f 659 730 660
f 660 730 731
f 660 731 661
f 663 737 738
f 663 738 664
f 664 738 739
f 664 739 665
f 665 739 740
f 665 740 666
f 666 740 741
f 666 741 667
f 667 741 742
f 667 742 668
f 668 742 743
f 668 743 669
f 669 743 744
f 669 744 670
f 670 744 745
f 670 745 671
f 671 745 746
f 671 746 672
f 672 746 747
f 672 747 673
f 674 749 750
f 674 750 675
f 675 750 751
f 675 751 676
f 676 751 752
f 676 752 677
f 677 752 753
f 677 753 678
f 678 753 754
f 678 754 679
f 679 754 755
f 679 755 680
f 680 755 756
f 680 756 681
f 681 756 757
f 681 757 682
f 682 757 758
f 682 758 683
f 683 758 759
f 683 759 684
f 684 759 760
f 684 760 685
f 685 760 761
f 685 761 686
f 686 761 762
f 686 762 687
f 687 762 763
f 687 763 688
f 688 763 764
f 688 764 689
f 689 764 765
f 689 765 690
f 690 765 766
f 690 766 691
f 691 766 767
f 691 767 692
f 692 767 768
f 692 768 693
f 693 768 769
f 693 769 694
f 694 769 770
f 694 770 695
f 695 770 771
f 695 771 696
f 696 771 772
f 696 772 697
f 697 772 773
f 697 773 698
f 698 773 774
f 698 774 699
f 699 774 775
f 699 775 700
f 705 777 778
f 705 778 706
f 706 778 779
f 706 779 707
f 707 779 780
f 707 780 708
f 708 780 781
f 708 781 709
f 709 781 782
f 709 782 710
f 710 782 783
f 710 783 711
f 711 783 784
f 711 784 712
f 712 784 785
f 712 785 713
f 713 785 786
f 713 786 714
f 714 786 787
f 714 787 715
f 715 787 788
f 715 788 716
f 716 788 789
f 716 789 717
f 717 789 790
f 717 790 718
f 718 790 791
f 718 791 719
f 719 791 792
f 719 792 720
f 720 792 793
f 720 793 721
f 721 793 794
f 721 794 722
f 722 794 795
f 722 795 723
f 723 795 796
f 723 796 724
f 724 796 797
f 724 797 725
f 725 797 798
f 725 798 726
f 726 798 799
f 726 799 727
f 727 799 800
f 727 800 728
f 728 800 801
f 728 801 729
f 729 801 802
f 729 802 730
f 730 802 803
f 730 803 731
f 731 803 804
f 731 804 732
f 732 804 805
f 732 805 733
f 733 805 806
f 733 806 734
f 734 806 807
f 734 807 735
f 735 807 808
f 735 808 736
f 737 816 817
f 737 817 738
f 738 817 818
f 738 818 739
f 739 818 819
f 739 819 740
f 740 819 820
f 740 820 741
f 741 820 821
f 741 821 742
f 742 821 822
f 742 822 743
f 743 822 823
f 743 823 744
f 744 823 824
f 744 824 745
f 745 824 825
f 745 825 746
f 746 825 826
f 746 826 747
f 748 830 831
f 748 831 749
f 749 831 832
f 749 832 750
f 750 832 833
f 750 833 751
f 751 833 834
f 751 834 752
f 752 834 835
f 752 835 753
f 753 835 836
f 753 836 754
f 754 836 837
f 754 837 755
f 755 837 838
f 755 838 756
f 756 838 839
f 756 839 757
f 757 839 840
f 757 840 758
f 758 840 841
f 758 841 759
f 759 841 842
f 759 842 760
f 760 842 843
f 760 843 761
f 761 843 844
f 761 844 762
f 762 844 845
f 762 845 763
f 763 845 846
f 763 846 764
f 764 846 847
f 764 847 765
f 765 847 848
f 765 848 766
f 766 848 849
f 766 849 767
f 767 849 850
f 767 850 768
f 768 850 851
f 768 851 769
f 769 851 852
f 769 852 770
f 770 852 853
f 770 853 771
f 771 853 854
f 771 854 772
f 772 854 855
f 772 855 773
f 773 855 856
f 773 856 774
f 774 856 857
f 774 857 775
f 775 857 858
f 775 858 776
f 780 860 861
f 780 861 781
f 781 861 862
f 781 862 782
f 782 862 863
f 782 863 783
f 783 863 864
f 783 864 784
f 784 864 865
f 784 865 785
f 785 865 866
f 785 866 786
f 786 866 867
f 786 867 787
f 787 867 868
f 787 868 788
f 788 868 869
f 788 869 789
f 789 869 870
f 789 870 790
f 790 870 871
f 790 871 791
f 791 871 872
f 791 872 792
f 792 872 873
f 792 873 793
f 793 873 874
f 793 874 794
f 794 874 875
f 794 875 795
f 795 875 876
f 795 876 796
f 796 876 877
f 796 877 797
f 797 877 878
f 797 878 798
f 798 878 879
f 798 879 799
f 799 879 880
f 799 880 800
f 800 880 881
f 800 881 801
f 801 881 882
f 801 882 802
f 802 882 883
f 802 883 803
f 803 883 884
f 803 884 804
f 804 884 885
f 804 885 805
f 805 885 886
f 805 886 806
f 806 886 887
f 806 887 807
f 807 887 888
f 807 888 808
f 808 888 889
f 808 889 809
f 809 889 890
f 809 890 810
f 810 890 891
f 810 891 811
f 811 891 892
f 811 892 812
f 812 892 893
f 812 893 813
f 813 893 894
f 813 894 814
f 814 894 895
f 814 895 815
f 815 895 896
f 815 896 816
f 816 896 897
f 816 897 817
f 817 897 898
f 817 898 818
f 818 898 899
f 818 899 819
f 819 899 900
f 819 900 820
f 820 900 901
f 820 901 821
f 821 901 902
f 821 902 822
f 822 902 903
f 822 903 823
f 823 903 904
f 823 904 824
f 824 904 905
f 824 905 825
f 825 905 906
f 825 906 826
f 826 906 907
f 826 907 827
f 828 917 918
f 828 918 829
f 829 918 919
f 829 919 830
f 830 919 920
f 830 920 831
f 831 920 921
f 831 921 832
f 832 921 922
f 832 922 833
f 833 922 923
f 833 923 834
f 834 923 924
f 834 924 835
f 835 924 925
f 835 925 836
f 836 925 926
f 836 926 837
f 837 926 927
f 837 927 838
f 846 928 929
f 846 929 847
f 847 929 930
f 847 930 848
f 848 930 931
f 848 931 849
f 849 931 932
f 849 932 850
f 850 932 933
f 850 933 851
f 851 933 934
f 851 934 852
f 852 934 935
f 852 935 853
f 853 935 936
f 853 936 854
f 854 936 937
f 854 937 855
f 855 937 938
f 855 938 856
f 856 938 939
f 856 939 857
f 857 939 940
f 857 940 858
f 858 940 941
f 858 941 859
f 864 943 944
f 864 944 865
f 865 944 945
f 865 945 866
f 866 945 946
f 866 946 867
f 867 946 947
f 867 947 868
f 868 947 948
f 868 948 869
f 869 948 949
f 869 949 870
f 870 949 950
f 870 950 871
f 871 950 951
f 871 951 872
f 872 951 952
f 872 952 873
f 873 952 953
f 873 953 874
f 874 953 954
f 874 954 875
f 875 954 955
f 875 955 876
f 876 955 956
f 876 956 877
f 877 956 957
f 877 957 878
f 878 957 958
f 878 958 879
f 879 958 959
f 879 959 880
f 880 959 960
f 880 960 881
f 881 960 961
f 881 961 882
f 882 961 962
f 882 962 883
f 883 962 963
f 883 963 884
f 884 963 964
f 884 964 885
f 885 964 965
f 885 965 886
f 886 965 966
f 886 966 887
f 887 966 967
f 887 967 888
f 888 967 968
f 888 968 889
f 889 968 969
f 889 969 890
f 890 969 970
f 890 970 891
f 891 970 971
f 891 971 892
f 892 971 972
f 892 972 893
f 893 972 973
f 893 973 894
f 894 973 974
f 894 974 895
f 895 974 975
f 895 975 896
f 896 975 976
f 896 976 897
f 897 976 977
f 897 977 898
f 898 977 978
f 898 978 899
f 899 978 979
f 899 979 900
f 900 979 980
f 900 980 901
f 901 980 981
f 901 981 902
f 902 981 982
f 902 982 903
f 903 982 983
f 903 983 904
f 904 983 984
f 904 984 905
f 905 984 985
f 905 985 906
f 906 985 986
f 906 986 907
f 907 986 987
f 907 987 908
f 908 987 988
f 908 988 909
f 909 988 989
f 909 989 910
f 910 989 990
f 910 990 911
f 911 990 991
f 911 991 912
f 912 991 992
f 912 992 913
f 914 1002 1003
f 914 1003 915
f 915 1003 1004
f 915 1004 916
f 916 1004 1005
f 916 1005 917
f 917 1005 1006
f 917 1006 918
f 918 1006 1007
f 918 1007 919
f 919 1007 1008
f 919 1008 920
f 920 1008 1009
f 920 1009 921
f 921 1009 1010
f 921 1010 922
f 922 1010 1011
f 922 1011 923
f 923 1011 1012
f 923 1012 924
f 924 1012 1013
f 924 1013 925
f 925 1013 1014
f 925 1014 926
f 932 1015 1016
f 932 1016 933
f 933 1016 1017
f 933 1017 934
f 934 1017 1018
f 934 1018 935
f 935 1018 1019
f 935 1019 936
f 936 1019 1020
f 936 1020 937
f 937 1020 1021
f 937 1021 938
f 938 1021 1022
f 938 1022 939
f 939 1022 1023
f 939 1023 940
f 940 1023 1024
f 940 1024 941
f 941 1024 1025
f 941 1025 942
f 947 1028 1029
f 947 1029 948
f 948 1029 1030
f 948 1030 949
f 949 1030 1031
f 949 1031 950
f 950 1031 1032
f 950 1032 951
f 951 1032 1033
f 951 1033 952
f 952 1033 1034
f 952 1034 953
f 953 1034 1035
f 953 1035 954
f 954 1035 1036
f 954 1036 955
f 955 1036 1037
f 955 1037 956
f 956 1037 1038
f 956 1038 957
f 957 1038 1039
f 957 1039 958
f 958 1039 1040
f 958 1040 959
f 959 1040 1041
f 959 1041 960
f 960 1041 1042
f 960 1042 961
f 961 1042 1043
f 961 1043 962
f 962 1043 1044
f 962 1044 963
f 963 1044 1045
f 963 1045 964
f 964 1045 1046
f 964 1046 965
f 965 1046 1047
f 965 1047 966
f 966 1047 1048
f 966 1048 967
f 967 1048 1049
f 967 1049 968
f 968 1049 1050
f 968 1050 969
f 969 1050 1051
f 969 1051 970
f 970 1051 1052
f 970 1052 971
f 971 1052 1053
f 971 1053 972
f 972 1053 1054
f 972 1054 973
f 973 1054 1055
f 973 1055 974
f 974 1055 1056
f 974 1056 975
f 975 1056 1057
f 975 1057 976
f 976 1057 1058
f 976 1058 977
f 977 1058 1059
f 977 1059 978
f 978 1059 1060
f 978 1060 979
f 979 1060 1061
f 979 1061 980
f 980 1061 1062
f 980 1062 981
f 981 1062 1063
f 981 1063 982
f 982 1063 1064
f 982 1064 983
f 983 1064 1065
f 983 1065 984
f 984 1065 1066
f 984 1066 985
f 985 1066 1067
f 985 1067 986
f 986 1067 1068
f 986 1068 987
f 987 1068 1069
f 987 1069 988
f 988 1069 1070
f 988 1070 989
f 989 1070 1071
f 989 1071 990
f 990 1071 1072
f 990 1072 991
f 991 1072 1073
f 991 1073 992
f 992 1073 1074
f 992 1074 993
f 993 1074 1075
f 993 1075 994
f 994 1075 1076
f 994 1076 995
f 995 1076 1077
f 995 1077 996
f 996 1077 1078
f 996 1078 997
f 997 1078 1079
f 997 1079 998
f 998 1079 1080
f 998 1080 999
f 999 1080 1081
f 999 1081 1000
f 1000 1081 1082
f 1000 1082 1001
f 1001 1082 1083
f 1001 1083 1002
f 1002 1083 1084
f 1002 1084 1003
f 1003 1084 1085
f 1003 1085 1004
f 1004 1085 1086
f 1004 1086 1005
f 1005 1086 1087
f 1005 1087 1006
f 1006 1087 1088
f 1006 1088 1007
f 1007 1088 1089
f 1007 1089 1008
f 1008 1089 1090
f 1008 1090 1009
f 1009 1090 1091
f 1009 1091 1010
f 1010 1091 1092
f 1010 1092 1011
f 1011 1092 1093
f 1011 1093 1012
f 1012 1093 1094
f 1012 1094 1013
f 1013 1094 1095
f 1013 1095 1014
f 1017 1096 1097
f 1017 1097 1018
f 1018 1097 1098
f 1018 1098 1019
f 1019 1098 1099
f 1019 1099 1020
f 1020 1099 1100
f 1020 1100 1021
f 1021 1100 1101
f 1021 1101 1022
f 1022 1101 1102
f 1022 1102 1023
f 1023 1102 1103
f 1023 1103 1024
f 1024 1103 1104
f 1024 1104 1025
f 1025 1104 1105
f 1025 1105 1026
f 1026 1105 1106
f 1026 1106 1027
f 1032 1108 1109
f 1032 1109 1033
f 1033 1109 1110
f 1033 1110 1034
f 1034 1110 1111
f 1034 1111 1035
f 1035 1111 1112
f 1035 1112 1036
f 1036 1112 1113
f 1036 1113 1037
f 1037 1113 1114
f 1037 1114 1038
f 1038 1114 1115
f 1038 1115 1039
f 1039 1115 1116
f 1039 1116 1040
f 1040 1116 1117
f 1040 1117 1041
f 1041 1117 1118
f 1041 1118 1042
f 1042 1118 1119
f 1042 1119 1043
f 1043 1119 1120
f 1043 1120 1044
f 1044 1120 1121
f 1044 1121 1045
f 1045 1121 1122
f 1045 1122 1046
f 1046 1122 1123
f 1046 1123 1047
f 1047 1123 1124
f 1047 1124 1048
f 1048 1124 1125
f 1048 1125 1049
f 1049 1125 1126
f 1049 1126 1050
f 1050 1126 1127
f 1050 1127 1051
f 1051 1127 1128
f 1051 1128 1052
f 1052 1128 1129
f 1052 1129 1053
f 1053 1129 1130
f 1053 1130 1054
f 1054 1130 1131
f 1054 1131 1055
f 1055 1131 1132
f 1055 1132 1056
f 1056 1132 1133
f 1056 1133 1057
f 1057 1133 1134
f 1057 1134 1058
f 1058 1134 1135
f 1058 1135 1059
f 1059 1135 1136
f 1059 1136 1060
f 1060 1136 1137
f 1060 1137 1061
f 1061 1137 1138
f 1061 1138 1062
f 1062 1138 1139
f 1062 1139 1063
f 1063 1139 1140
f 1063 1140 1064
f 1064 1140 1141
f 1064 1141 1065
f 1065 1141 1142
f 1065 1142 1066
f 1066 1142 1143
f 1066 1143 1067
f 1067 1143 1144
f 1067 1144 1068
f 1068 1144 1145
f 1068 1145 1069
f 1069 1145 1146
f 1069 1146 1070
f 1070 1146 1147
f 1070 1147 1071
f 1071 1147 1148
f 1071 1148 1072
f 1072 1148 1149
f 1072 1149 1073
f 1073 1149 1150
f 1073 1150 1074
f 1074 1150 1151
f 1074 1151 1075
f 1075 1151 1152
f 1075 1152 1076
f 1076 1152 1153
f 1076 1153 1077
f 1077 1153 1154
f 1077 1154 1078
f 1078 1154 1155
f 1078 1155 1079
f 1079 1155 1156
f 1079 1156 1080
f 1080 1156 1157
f 1080 1157 1081
f 1081 1157 1158
f 1081 1158 1082
f 1082 1158 1159
f 1082 1159 1083
f 1083 1159 1160
f 1083 1160 1084
f 1084 1160 1161
f 1084 1161 1085
f 1085 1161 1162
f 1085 1162 1086
f 1086 1162 1163
f 1086 1163 1087
f 1087 1163 1164
f 1087 1164 1088
f 1088 1164 1165
f 1088 1165 1089
f 1089 1165 1166
f 1089 1166 1090
f 1090 1166 1167
f 1090 1167 1091
f 1091 1167 1168
f 1091 1168 1092
f 1092 1168 1169
f 1092 1169 1093
f 1093 1169 1170
f 1093 1170 1094
f 1098 1171 1172
f 1098 1172 1099
f 1099 1172 1173
f 1099 1173 1100
f 1100 1173 1174
f 1100 1174 1101
f 1101 1174 1175
f 1101 1175 1102
f 1102 1175 1176
f 1102 1176 1103
f 1103 1176 1177
f 1103 1177 1104
f 1104 1177 1178
f 1104 1178 1105
f 1105 1178 1179
f 1105 1179 1106
f 1106 1179 1180
f 1106 1180 1107
f 1111 1182 1183
f 1111 1183 1112
f 1112 1183 1184
f 1112 1184 1113
f 1113 1184 1185
f 1113 1185 1114
f 1114 1185 1186
f 1114 1186 1115
f 1115 1186 1187
f 1115 1187 1116
f 1116 1187 1188
f 1116 1188 1117
f 1117 1188 1189
f 1117 1189 1118
f 1118 1189 1190
f 1118 1190 1119
f 1119 1190 1191
f 1119 1191 1120
f 1120 1191 1192
f 1120 1192 1121
f 1121 1192 1193
f 1121 1193 1122
f 1122 1193 1194
f 1122 1194 1123
f 1123 1194 1195
f 1123 1195 1124
f 1124 1195 1196
f 1124 1196 1125
f 1125 1196 1197
f 1125 1197 1126
f 1126 1197 1198
f 1126 1198 1127
f 1127 1198 1199
f 1127 1199 1128
f 1128 1199 1200
f 1128 1200 1129
f 1129 1200 1201
f 1129 1201 1130
f 1130 1201 1202
f 1130 1202 1131
f 1131 1202 1203
f 1131 1203 1132
f 1132 1203 1204
f 1132 1204 1133
f 1133 1204 1205
f 1133 1205 1134
f 1134 1205 1206
f 1134 1206 1135
f 1135 1206 1207
f 1135 1207 1136
f 1136 1207 1208
f 1136 1208 1137
f 1137 1208 1209
f 1137 1209 1138
f 1138 1209 1210
f 1138 1210 1139
f 1139 1210 1211
f 1139 1211 1140
f 1140 1211 1212
f 1140 1212 1141
f 1141 1212 1213
f 1141 1213 1142
f 1142 1213 1214
f 1142 1214 1143
f 1143 1214 1215
f 1143 1215 1144
f 1144 1215 1216
f 1144 1216 1145
f 1145 1216 1217
f 1145 1217 1146
f 1146 1217 1218
f 1146 1218 1147
f 1147 1218 1219
f 1147 1219 1148
f 1148 1219 1220
f 1148 1220 1149
f 1149 1220 1221
f 1149 1221 1150
f 1150 1221 1222
f 1150 1222 1151
f 1151 1222 1223
f 1151 1223 1152
f 1152 1223 1224
f 1152 1224 1153
f 1153 1224 1225
f 1153 1225 1154
f 1154 1225 1226
f 1154 1226 1155
f 1155 1226 1227
f 1155 1227 1156
f 1156 1227 1228
f 1156 1228 1157
f 1157 1228 1229
f 1157 1229 1158
f 1158 1229 1230
f 1158 1230 1159
f 1159 1230 1231
f 1159 1231 1160
f 1160 1231 1232
f 1160 1232 1161
f 1161 1232 1233
f 1161 1233 1162
f 1162 1233 1234
f 1162 1234 1163
f 1163 1234 1235
f 1163 1235 1164
f 1164 1235 1236
f 1164 1236 1165
f 1165 1236 1237
f 1165 1237 1166
f 1166 1237 1238
f 1166 1238 1167
f 1167 1238 1239
f 1167 1239 1168
f 1168 1239 1240
f 1168 1240 1169
f 1169 1240 1241
f 1169 1241 1170
f 1172 1242 1243
f 1172 1243 1173
f 1173 1243 1244
f 1173 1244 1174
f 1174 1244 1245
f 1174 1245 1175
f 1175 1245 1246
f 1175 1246 1176
f 1176 1246 1247
f 1176 1247 1177
f 1177 1247 1248
f 1177 1248 1178
f 1178 1248 1249
f 1178 1249 1179
f 1179 1249 1250
f 1179 1250 1180
f 1180 1250 1251
f 1180 1251 1181
f 1186 1253 1254
f 1186 1254 1187
f 1187 1254 1255
f 1187 1255 1188
f 1188 1255 1256
f 1188 1256 1189
f 1189 1256 1257
f 1189 1257 1190
f 1190 1257 1258
f 1190 1258 1191
f 1191 1258 1259
f 1191 1259 1192
f 1192 1259 1260
f 1192 1260 1193
f 1193 1260 1261
f 1193 1261 1194
f 1194 1261 1262
f 1194 1262 1195
f 1195 1262 1263
f 1195 1263 1196
f 1196 1263 1264
f 1196 1264 1197
f 1197 1264 1265
f 1197 1265 1198
f 1198 1265 1266
f 1198 1266 1199
f 1199 1266 1267
f 1199 1267 1200
f 1200 1267 1268
f 1200 1268 1201
f 1201 1268 1269
f 1201 1269 1202
f 1202 1269 1270
f 1202 1270 1203
f 1203 1270 1271
f 1203 1271 1204
f 1204 1271 1272
f 1204 1272 1205
f 1205 1272 1273
f 1205 1273 1206
f 1206 1273 1274
f 1206 1274 1207
f 1207 1274 1275
f 1207 1275 1208
f 1208 1275 1276
f 1208 1276 1209
f 1209 1276 1277
f 1209 1277 1210
f 1210 1277 1278
f 1210 1278 1211
f 1211 1278 1279
f 1211 1279 1212
f 1212 1279 1280
f 1212 1280 1213
f 1213 1280 1281
f 1213 1281 1214
f 1214 1281 1282
f 1214 1282 1215
f 1215 1282 1283
f 1215 1283 1216
f 1216 1283 1284
f 1216 1284 1217
f 1217 1284 1285
f 1217 1285 1218
f 1218 1285 1286
f 1218 1286 1219
f 1219 1286 1287
f 1219 1287 1220
f 1220 1287 1288
f 1220 1288 1221
f 1221 1288 1289
f 1221 1289 1222
f 1222 1289 1290
f 1222 1290 1223
f 1223 1290 1291
f 1223 1291 1224
f 1224 1291 1292
f 1224 1292 1225
f 1225 1292 1293
f 1225 1293 1226
f 1226 1293 1294
f 1226 1294 1227
f 1227 1294 1295
f 1227 1295 1228
f 1228 1295 1296
f 1228 1296 1229
f 1229 1296 1297
f 1229 1297 1230
f 1230 1297 1298
f 1230 1298 1231
f 1231 1298 1299
f 1231 1299 1232
f 1232 1299 1300
f 1232 1300 1233
f 1233 1300 1301
f 1233 1301 1234
f 1234 1301 1302
f 1234 1302 1235
f 1235 1302 1303
f 1235 1303 1236
f 1236 1303 1304
f 1236 1304 1237
f 1237 1304 1305
f 1237 1305 1238
f 1238 1305 1306
f 1238 1306 1239
f 1239 1306 1307
f 1239 1307 1240
f 1240 1307 1308
f 1240 1308 1241
f 1243 1309 1310
f 1243 1310 1244
f 1244 1310 1311
f 1244 1311 1245
f 1245 1311 1312
f 1245 1312 1246
f 1246 1312 1313
f 1246 1313 1247
f 1247 1313 1314
f 1247 1314 1248
f 1248 1314 1315
f 1248 1315 1249
f 1249 1315 1316
f 1249 1316 1250
f 1250 1316 1317
f 1250 1317 1251
f 1251 1317 1318
f 1251 1318 1252
f 1257 1320 1321
f 1257 1321 1258
f 1258 1321 1322
f 1258 1322 1259
f 1259 1322 1323
f 1259 1323 1260
f 1260 1323 1324
f 1260 1324 1261
f 1261 1324 1325
f 1261 1325 1262
f 1262 1325 1326
f 1262 1326 1263
f 1263 1326 1327
f 1263 1327 1264
f 1264 1327 1328
f 1264 1328 1265
f 1265 1328 1329
f 1265 1329 1266
f 1266 1329 1330
f 1266 1330 1267
f 1267 1330 1331
f 1267 1331 1268
f 1268 1331 1332
f 1268 1332 1269
f 1269 1332 1333
f 1269 1333 1270
f 1270 1333 1334
f 1270 1334 1271
f 1271 1334 1335
f 1271 1335 1272
f 1272 1335 1336
f 1272 1336 1273
f 1273 1336 1337
f 1273 1337 1274
f 1274 1337 1338
f 1274 1338 1275
f 1275 1338 1339
f 1275 1339 1276
f 1276 1339 1340
f 1276 1340 1277
f 1277 1340 1341
f 1277 1341 1278
f 1278 1341 1342
f 1278 1342 1279
f 1279 1342 1343
f 1279 1343 1280
f 1280 1343 1344
f 1280 1344 1281
f 1281 1344 1345
f 1281 1345 1282
f 1282 1345 1346
f 1282 1346 1283
f 1283 1346 1347
f 1283 1347 1284
f 1284 1347 1348
f 1284 1348 1285
f 1285 1348 1349
f 1285 1349 1286
f 1286 1349 1350
f 1286 1350 1287
f 1287 1350 1351
f 1287 1351 1288
f 1288 1351 1352
f 1288 1352 1289
f 1289 1352 1353
f 1289 1353 1290
f 1290 1353 1354
f 1290 1354 1291
f 1291 1354 1355
f 1291 1355 1292
f 1292 1355 1356
f 1292 1356 1293
f 1293 1356 1357
f 1293 1357 1294
f 1294 1357 1358
f 1294 1358 1295
f 1295 1358 1359
f 1295 1359 1296
f 1296 1359 1360
f 1296 1360 1297
f 1297 1360 1361
f 1297 1361 1298
f 1298 1361 1362
f 1298 1362 1299
f 1299 1362 1363
f 1299 1363 1300
f 1300 1363 1364
f 1300 1364 1301
f 1301 1364 1365
f 1301 1365 1302
f 1302 1365 1366
f 1302 1366 1303
f 1303 1366 1367
f 1303 1367 1304
f 1304 1367 1368
f 1304 1368 1305
f 1305 1368 1369
f 1305 1369 1306
f 1306 1369 1370
f 1306 1370 1307
f 1307 1370 1371
f 1307 1371 1308
f 1311 1373 1374
f 1311 1374 1312
f 1312 1374 1375
f 1312 1375 1313
f 1313 1375 1376
f 1313 1376 1314
f 1314 1376 1377
f 1314 1377 1315
f 1315 1377 1378
f 1315 1378 1316
f 1316 1378 1379
f 1316 1379 1317
f 1317 1379 1380
f 1317 1380 1318
f 1318 1380 1381
f 1318 1381 1319
f 1324 1383 1384
f 1324 1384 1325
f 1325 1384 1385
f 1325 1385 1326
f 1326 1385 1386
f 1326 1386 1327
f 1327 1386 1387
f 1327 1387 1328
f 1328 1387 1388
f 1328 1388 1329
f 1329 1388 1389
f 1329 1389 1330
f 1330 1389 1390
f 1330 1390 1331
f 1331 1390 1391
f 1331 1391 1332
f 1332 1391 1392
f 1332 1392 1333
f 1333 1392 1393
f 1333 1393 1334
f 1334 1393 1394
f 1334 1394 1335
f 1335 1394 1395
f 1335 1395 1336
f 1336 1395 1396
f 1336 1396 1337
f 1337 1396 1397
f 1337 1397 1338
f 1338 1397 1398
f 1338 1398 1339
f 1339 1398 1399
f 1339 1399 1340
f 1340 1399 1400
f 1340 1400 1341
f 1341 1400 1401
f 1341 1401 1342
f 1342 1401 1402
f 1342 1402 1343
f 1343 1402 1403
f 1343 1403 1344
f 1344 1403 1404
f 1344 1404 1345
f 1345 1404 1405
f 1345 1405 1346
f 1346 1405 1406
f 1346 1406 1347
f 1347 1406 1407
f 1347 1407 1348
f 1348 1407 1408
f 1348 1408 1349
f 1349 1408 1409
f 1349 1409 1350
f 1350 1409 1410
f 1350 1410 1351
f 1351 1410 1411
f 1351 1411 1352
f 1352 1411 1412
f 1352 1412 1353
f 1353 1412 1413
f 1353 1413 1354
f 1354 1413 1414
f 1354 1414 1355
f 1355 1414 1415
f 1355 1415 1356
f 1356 1415 1416
f 1356 1416 1357
f 1357 1416 1417
f 1357 1417 1358
f 1358 1417 1418
f 1358 1418 1359
f 1359 1418 1419
f 1359 1419 1360
f 1360 1419 1420
f 1360 1420 1361
f 1361 1420 1421
f 1361 1421 1362
f 1362 1421 1422
f 1362 1422 1363
f 1363 1422 1423
f 1363 1423 1364
f 1364 1423 1424
f 1364 1424 1365
f 1365 1424 1425
f 1365 1425 1366
f 1366 1425 1426
f 1366 1426 1367
f 1367 1426 1427
f 1367 1427 1368
f 1368 1427 1428
f 1368 1428 1369
f 1369 1428 1429
f 1369 1429 1370
f 1370 1429 1430
f 1370 1430 1371
f 1371 1430 1431
f 1371 1431 1372
f 1374 1433 1434
f 1374 1434 1375
f 1375 1434 1435
f 1375 1435 1376
f 1376 1435 1436
f 1376 1436 1377
f 1377 1436 1437
f 1377 1437 1378
f 1378 1437 1438
f 1378 1438 1379
f 1379 1438 1439
f 1379 1439 1380
f 1380 1439 1440
f 1380 1440 1381
f 1381 1440 1441
f 1381 1441 1382
f 1386 1442 1443
f 1386 1443 1387
f 1387 1443 1444
f 1387 1444 1388
f 1388 1444 1445
f 1388 1445 1389
f 1389 1445 1446
f 1389 1446 1390
f 1390 1446 1447
f 1390 1447 1391
f 1391 1447 1448
f 1391 1448 1392
f 1392 1448 1449
f 1392 1449 1393
f 1393 1449 1450
f 1393 1450 1394
f 1394 1450 1451
f 1394 1451 1395
f 1395 1451 1452
f 1395 1452 1396
f 1396 1452 1453
f 1396 1453 1397
f 1397 1453 1454
f 1397 1454 1398
f 1398 1454 1455
f 1398 1455 1399
f 1399 1455 1456
f 1399 1456 1400
f 1400 1456 1457
f 1400 1457 1401
f 1401 1457 1458
f 1401 1458 1402
f 1402 1458 1459
f 1402 1459 1403
f 1403 1459 1460
f 1403 1460 1404
f 1404 1460 1461
f 1404 1461 1405
f 1405 1461 1462
f 1405 1462 1406
f 1406 1462 1463
f 1406 1463 1407
f 1407 1463 1464
f 1407 1464 1408
f 1408 1464 1465
f 1408 1465 1409
f 1409 1465 1466
f 1409 1466 1410
f 1410 1466 1467
f 1410 1467 1411
f 1411 1467 1468
f 1411 1468 1412
f 1412 1468 1469
f 1412 1469 1413
f 1413 1469 1470
f 1413 1470 1414
f 1414 1470 1471
f 1414 1471 1415
f 1415 1471 1472
f 1415 1472 1416
f 1416 1472 1473
f 1416 1473 1417
f 1417 1473 1474
f 1417 1474 1418
f 1418 1474 1475
f 1418 1475 1419
f 1419 1475 1476
f 1419 1476 1420
f 1420 1476 1477
f 1420 1477 1421
f 1421 1477 1478
f 1421 1478 1422
f 1422 1478 1479
f 1422 1479 1423
f 1423 1479 1480
f 1423 1480 1424
f 1424 1480 1481
f 1424 1481 1425
f 1425 1481 1482
f 1425 1482 1426
f 1426 1482 1483
f 1426 1483 1427
f 1427 1483 1484
f 1427 1484 1428
f 1428 1484 1485
f 1428 1485 1429
f 1429 1485 1486
f 1429 1486 1430
f 1430 1486 1487
f 1430 1487 1431
f 1431 1487 1488
f 1431 1488 1432
f 1434 1490 1491
f 1434 1491 1435
f 1435 1491 1492
f 1435 1492 1436
f 1436 1492 1493
f 1436 1493 1437
f 1437 1493 1494
f 1437 1494 1438
f 1438 1494 1495
f 1438 1495 1439
f 1439 1495 1496
f 1439 1496 1440
f 1440 1496 1497
f 1440 1497 1441
f 1446 1499 1500
f 1446 1500 1447
f 1447 1500 1501
f 1447 1501 1448
f 1448 1501 1502
f 1448 1502 1449
f 1449 1502 1503
f 1449 1503 1450
f 1450 1503 1504
f 1450 1504 1451
f 1451 1504 1505
f 1451 1505 1452
f 1452 1505 1506
f 1452 1506 1453
f 1453 1506 1507
f 1453 1507 1454
f 1454 1507 1508
f 1454 1508 1455
f 1455 1508 1509
f 1455 1509 1456
f 1456 1509 1510
f 1456 1510 1457
f 1457 1510 1511
f 1457 1511 1458
f 1458 1511 1512
f 1458 1512 1459
f 1459 1512 1513
f 1459 1513 1460
f 1460 1513 1514
f 1460 1514 1461
f 1461 1514 1515
f 1461 1515 1462
f 1462 1515 1516
f 1462 1516 1463
f 1463 1516 1517
f 1463 1517 1464
f 1464 1517 1518
f 1464 1518 1465
f 1465 1518 1519
f 1465 1519 1466
f 1466 1519 1520
f 1466 1520 1467
f 1467 1520 1521
f 1467 1521 1468
f 1468 1521 1522
f 1468 1522 1469
f 1469 1522 1523
f 1469 1523 1470
f 1470 1523 1524
f 1470 1524 1471
f 1471 1524 1525
f 1471 1525 1472
f 1472 1525 1526
f 1472 1526 1473
f 1473 1526 1527
f 1473 1527 1474
f 1474 1527 1528
f 1474 1528 1475
f 1475 1528 1529
f 1475 1529 1476
f 1476 1529 1530
f 1476 1530 1477
f 1477 1530 1531
f 1477 1531 1478
f 1478 1531 1532
f 1478 1532 1479
f 1479 1532 1533
f 1479 1533 1480
f 1480 1533 1534
f 1480 1534 1481
f 1481 1534 1535
f 1481 1535 1482
f 1482 1535 1536
f 1482 1536 1483
f 1483 1536 1537
f 1483 1537 1484
f 1484 1537 1538
f 1484 1538 1485
f 1485 1538 1539
f 1485 1539 1486
f 1486 1539 1540
f 1486 1540 1487
f 1487 1540 1541
f 1487 1541 1488
f 1488 1541 1542
f 1488 1542 1489
f 1490 1544 1545
f 1490 1545 1491
f 1491 1545 1546
f 1491 1546 1492
f 1492 1546 1547
f 1492 1547 1493
f 1493 1547 1548
f 1493 1548 1494
f 1494 1548 1549
f 1494 1549 1495
f 1495 1549 1550
f 1495 1550 1496
f 1496 1550 1551
f 1496 1551 1497
f 1497 1551 1552
f 1497 1552 1498
f 1502 1554 1555
f 1502 1555 1503
f 1503 1555 1556
f 1503 1556 1504
f 1504 1556 1557
f 1504 1557 1505
f 1505 1557 1558
f 1505 1558 1506
f 1506 1558 1559
f 1506 1559 1507
f 1507 1559 1560
f 1507 1560 1508
f 1508 1560 1561
f 1508 1561 1509
f 1509 1561 1562
f 1509 1562 1510
f 1510 1562 1563
f 1510 1563 1511
f 1511 1563 1564
f 1511 1564 1512
f 1512 1564 1565
f 1512 1565 1513
f 1513 1565 1566
f 1513 1566 1514
f 1514 1566 1567
f 1514 1567 1515
f 1515 1567 1568
f 1515 1568 1516
f 1516 1568 1569
f 1516 1569 1517
f 1517 1569 1570
f 1517 1570 1518
f 1518 1570 1571
f 1518 1571 1519
f 1519 1571 1572
f 1519 1572 1520
f 1520 1572 1573
f 1520 1573 1521
f 1521 1573 1574
f 1521 1574 1522
f 1522 1574 1575
f 1522 1575 1523
f 1523 1575 1576
f 1523 1576 1524
f 1524 1576 1577
f 1524 1577 1525
f 1525 1577 1578
f 1525 1578 1526
f 1526 1578 1579
f 1526 1579 1527
f 1527 1579 1580
f 1527 1580 1528
f 1528 1580 1581
f 1528 1581 1529
f 1529 1581 1582
f 1529 1582 1530
f 1530 1582 1583
f 1530 1583 1531
f 1531 1583 1584
f 1531 1584 1532
f 1532 1584 1585
f 1532 1585 1533
f 1533 1585 1586
f 1533 1586 1534
f 1534 1586 1587
f 1534 1587 1535
f 1535 1587 1588
f 1535 1588 1536
f 1536 1588 1589
f 1536 1589 1537
f 1537 1589 1590
f 1537 1590 1538
f 1538 1590 1591
f 1538 1591 1539
f 1539 1591 1592
f 1539 1592 1540
f 1540 1592 1593
f 1540 1593 1541
f 1541 1593 1594
f 1541 1594 1542
f 1542 1594 1595
f 1542 1595 1543
f 1545 1599 1600
f 1545 1600 1546
f 1546 1600 1601
f 1546 1601 1547
f 1547 1601 1602
f 1547 1602 1548
f 1548 1602 1603
f 1548 1603 1549
f 1549 1603 1604
f 1549 1604 1550
f 1550 1604 1605
f 1550 1605 1551
f 1551 1605 1606
f 1551 1606 1552
f 1552 1606 1607
f 1552 1607 1553
f 1557 1609 1610
f 1557 1610 1558
f 1558 1610 1611
f 1558 1611 1559
f 1559 1611 1612
f 1559 1612 1560
f 1560 1612 1613
f 1560 1613 1561
f 1561 1613 1614
f 1561 1614 1562
f 1562 1614 1615
f 1562 1615 1563
f 1563 1615 1616
f 1563 1616 1564
f 1564 1616 1617
f 1564 1617 1565
f 1565 1617 1618
f 1565 1618 1566
f 1566 1618 1619
f 1566 1619 1567
f 1567 1619 1620
f 1567 1620 1568
f 1568 1620 1621
f 1568 1621 1569
f 1569 1621 1622
f 1569 1622 1570
f 1570 1622 1623
f 1570 1623 1571
f 1571 1623 1624
f 1571 1624 1572
f 1572 1624 1625
f 1572 1625 1573
f 1573 1625 1626
f 1573 1626 1574
f 1574 1626 1627
f 1574 1627 1575
f 1575 1627 1628
f 1575 1628 1576
f 1576 1628 1629
f 1576 1629 1577
f 1577 1629 1630
f 1577 1630 1578
f 1578 1630 1631
f 1578 1631 1579
f 1579 1631 1632
f 1579 1632 1580
f 1580 1632 1633
f 1580 1633 1581
f 1581 1633 1634
f 1581 1634 1582
f 1582 1634 1635
f 1582 1635 1583
f 1583 1635 1636
f 1583 1636 1584
f 1584 1636 1637
f 1584 1637 1585
f 1585 1637 1638
f 1585 1638 1586
f 1586 1638 1639
f 1586 1639 1587
f 1587 1639 1640
f 1587 1640 1588
f 1588 1640 1641
f 1588 1641 1589
f 1589 1641 1642
f 1589 1642 1590
f 1590 1642 1643
f 1590 1643 1591
f 1591 1643 1644
f 1591 1644 1592
f 1592 1644 1645
f 1592 1645 1593
f 1593 1645 1646
f 1593 1646 1594
f 1594 1646 1647
f 1594 1647 1595
f 1595 1647 1648
f 1595 1648 1596
f 1596 1648 1649
f 1596 1649 1597
f 1597 1649 1650
f 1597 1650 1598
f 1600 1658 1659
f 1600 1659 1601
f 1601 1659 1660
f 1601 1660 1602
f 1602 1660 1661
f 1602 1661 1603
f 1603 1661 1662
f 1603 1662 1604
f 1604 1662 1663
f 1604 1663 1605
f 1605 1663 1664
f 1605 1664 1606
f 1606 1664 1665
f 1606 1665 1607
f 1607 1665 1666
f 1607 1666 1608
f 1609 1667 1668
f 1609 1668 1610
f 1610 1668 1669
f 1610 1669 1611
f 1611 1669 1670
f 1611 1670 1612
f 1612 1670 1671
f 1612 1671 1613
f 1613 1671 1672
f 1613 1672 1614
f 1614 1672 1673
f 1614 1673 1615
f 1615 1673 1674
f 1615 1674 1616
f 1616 1674 1675
f 1616 1675 1617
f 1617 1675 1676
f 1617 1676 1618
f 1618 1676 1677
f 1618 1677 1619
f 1619 1677 1678
f 1619 1678 1620
f 1620 1678 1679
f 1620 1679 1621
f 1621 1679 1680
f 1621 1680 1622
f 1622 1680 1681
f 1622 1681 1623
f 1623 1681 1682
f 1623 1682 1624
f 1624 1682 1683
f 1624 1683 1625
f 1625 1683 1684
f 1625 1684 1626
f 1626 1684 1685
f 1626 1685 1627
f 1627 1685 1686
f 1627 1686 1628
f 1628 1686 1687
f 1628 1687 1629
f 1629 1687 1688
f 1629 1688 1630
f 1630 1688 1689
f 1630 1689 1631
f 1631 1689 1690
f 1631 1690 1632
f 1632 1690 1691
f 1632 1691 1633
f 1633 1691 1692
f 1633 1692 1634
f 1634 1692 1693
f 1634 1693 1635
f 1635 1693 1694
f 1635 1694 1636
f 1636 1694 1695
f 1636 1695 1637
f 1637 1695 1696
f 1637 1696 1638
f 1638 1696 1697
f 1638 1697 1639
f 1639 1697 1698
f 1639 1698 1640
f 1640 1698 1699
f 1640 1699 1641
f 1641 1699 1700
f 1641 1700 1642
f 1642 1700 1701
f 1642 1701 1643
f 1643 1701 1702
f 1643 1702 1644
f 1644 1702 1703
f 1644 1703 1645
f 1645 1703 1704
f 1645 1704 1646
f 1646 1704 1705
f 1646 1705 1647
f 1647 1705 1706
f 1647 1706 1648
f 1648 1706 1707
f 1648 1707 1649
f 1649 1707 1708
f 1649 1708 1650
f 1650 1708 1709
f 1650 1709 1651
f 1651 1709 1710
f 1651 1710 1652
f 1652 1710 1711
f 1652 1711 1653
f 1653 1711 1712
f 1653 1712 1654
f 1654 1712 1713
f 1654 1713 1655
f 1655 1713 1714
f 1655 1714 1656
f 1656 1714 1715
f 1656 1715 1657
f 1660 1718 1719
f 1660 1719 1661
f 1661 1719 1720
f 1661 1720 1662
f 1662 1720 1721
f 1662 1721 1663
f 1663 1721 1722
f 1663 1722 1664
f 1664 1722 1723
f 1664 1723 1665
f 1665 1723 1724
f 1665 1724 1666
f 1668 1726 1727
f 1668 1727 1669
f 1669 1727 1728
f 1669 1728 1670
f 1670 1728 1729
f 1670 1729 1671
f 1671 1729 1730
f 1671 1730 1672
f 1672 1730 1731
f 1672 1731 1673
f 1673 1731 1732
f 1673 1732 1674
f 1674 1732 1733
f 1674 1733 1675
f 1675 1733 1734
f 1675 1734 1676
f 1676 1734 1735
f 1676 1735 1677
f 1677 1735 1736
f 1677 1736 1678
f 1678 1736 1737
f 1678 1737 1679
f 1679 1737 1738
f 1679 1738 1680
f 1680 1738 1739
f 1680 1739 1681
f 1681 1739 1740
f 1681 1740 1682
f 1682 1740 1741
f 1682 1741 1683
f 1683 1741 1742
f 1683 1742 1684
f 1684 1742 1743
f 1684 1743 1685
f 1685 1743 1744
f 1685 1744 1686
f 1686 1744 1745
f 1686 1745 1687
f 1687 1745 1746
f 1687 1746 1688
f 1688 1746 1747
f 1688 1747 1689
f 1692 1748 1749
f 1692 1749 1693
f 1693 1749 1750
f 1693 1750 1694
f 1694 1750 1751
f 1694 1751 1695
f 1695 1751 1752
f 1695 1752 1696
f 1696 1752 1753
f 1696 1753 1697
f 1697 1753 1754
f 1697 1754 1698
f 1698 1754 1755
f 1698 1755 1699
f 1699 1755 1756
f 1699 1756 1700
f 1700 1756 1757
f 1700 1757 1701
f 1701 1757 1758
f 1701 1758 1702
f 1702 1758 1759
f 1702 1759 1703
f 1703 1759 1760
f 1703 1760 1704
f 1704 1760 1761
f 1704 1761 1705
f 1705 1761 1762
f 1705 1762 1706
f 1706 1762 1763
f 1706 1763 1707
f 1707 1763 1764
f 1707 1764 1708
f 1708 1764 1765
f 1708 1765 1709
f 1709 1765 1766
f 1709 1766 1710
f 1710 1766 1767
f 1710 1767 1711
f 1711 1767 1768
f 1711 1768 1712
f 1712 1768 1769
f 1712 1769 1713
f 1713 1769 1770
f 1713 1770 1714
f 1714 1770 1771
f 1714 1771 1715
f 1715 1771 1772
f 1715 1772 1716
f 1716 1772 1773
f 1716 1773 1717
f 1718 1776 1777
f 1718 1777 1719
f 1719 1777 1778
f 1719 1778 1720
f 1720 1778 1779
f 1720 1779 1721
f 1721 1779 1780
f 1721 1780 1722
f 1722 1780 1781
f 1722 1781 1723
f 1723 1781 1782
f 1723 1782 1724
f 1724 1782 1783
f 1724 1783 1725
f 1727 1784 1785
f 1727 1785 1728
f 1728 1785 1786
f 1728 1786 1729
f 1729 1786 1787
f 1729 1787 1730
f 1730 1787 1788
f 1730 1788 1731
f 1731 1788 1789
f 1731 1789 1732
f 1732 1789 1790
f 1732 1790 1733
f 1733 1790 1791
f 1733 1791 1734
f 1734 1791 1792
f 1734 1792 1735
f 1735 1792 1793
f 1735 1793 1736
f 1736 1793 1794
f 1736 1794 1737
f 1737 1794 1795
f 1737 1795 1738
f 1738 1795 1796
f 1738 1796 1739
f 1739 1796 1797
f 1739 1797 1740
f 1740 1797 1798
f 1740 1798 1741
f 1754 1799 1800
f 1754 1800 1755
f 1755 1800 1801
f 1755 1801 1756
f 1756 1801 1802
f 1756 1802 1757
f 1757 1802 1803
f 1757 1803 1758
f 1758 1803 1804
f 1758 1804 1759
f 1759 1804 1805
f 1759 1805 1760
f 1760 1805 1806
f 1760 1806 1761
f 1761 1806 1807
f 1761 1807 1762
f 1762 1807 1808
f 1762 1808 1763
f 1763 1808 1809
f 1763 1809 1764
f 1764 1809 1810
f 1764 1810 1765
f 1765 1810 1811
f 1765 1811 1766
f 1766 1811 1812
f 1766 1812 1767
f 1767 1812 1813
f 1767 1813 1768
f 1768 1813 1814
f 1768 1814 1769
f 1769 1814 1815
f 1769 1815 1770
f 1770 1815 1816
f 1770 1816 1771
f 1771 1816 1817
f 1771 1817 1772
f 1772 1817 1818
f 1772 1818 1773
f 1773 1818 1819
f 1773 1819 1774
f 1774 1819 1820
f 1774 1820 1775
f 1777 1824 1825
f 1777 1825 1778
f 1778 1825 1826
f 1778 1826 1779
f 1779 1826 1827
f 1779 1827 1780
f 1780 1827 1828
f 1780 1828 1781
f 1781 1828 1829
f 1781 1829 1782
f 1782 1829 1830
f 1782 1830 1783
f 1784 1831 1832
f 1784 1832 1785
f 1785 1832 1833
f 1785 1833 1786
f 1786 1833 1834
f 1786 1834 1787
f 1787 1834 1835
f 1787 1835 1788
f 1788 1835 1836
f 1788 1836 1789
f 1789 1836 1837
f 1789 1837 1790
f 1790 1837 1838
f 1790 1838 1791
f 1791 1838 1839
f 1791 1839 1792
f 1792 1839 1840
f 1792 1840 1793
f 1793 1840 1841
f 1793 1841 1794
f 1794 1841 1842
f 1794 1842 1795
f 1795 1842 1843
f 1795 1843 1796
f 1796 1843 1844
f 1796 1844 1797
f 1801 1845 1846
f 1801 1846 1802
f 1802 1846 1847
f 1802 1847 1803
f 1803 1847 1848
f 1803 1848 1804
f 1804 1848 1849
f 1804 1849 1805
f 1805 1849 1850
f 1805 1850 1806
f 1806 1850 1851
f 1806 1851 1807
f 1807 1851 1852
f 1807 1852 1808
f 1808 1852 1853
f 1808 1853 1809
f 1809 1853 1854
f 1809 1854 1810
f 1810 1854 1855
f 1810 1855 1811
f 1811 1855 1856
f 1811 1856 1812
f 1812 1856 1857
f 1812 1857 1813
f 1813 1857 1858
f 1813 1858 1814
f 1814 1858 1859
f 1814 1859 1815
f 1815 1859 1860
f 1815 1860 1816
f 1816 1860 1861
f 1816 1861 1817
f 1817 1861 1862
f 1817 1862 1818
f 1818 1862 1863
f 1818 1863 1819
f 1819 1863 1864
f 1819 1864 1820
f 1820 1864 1865
f 1820 1865 1821
f 1821 1865 1866
f 1821 1866 1822
f 1822 1866 1867
f 1822 1867 1823
f 1825 1870 1871
f 1825 1871 1826
f 1826 1871 1872
f 1826 1872 1827
f 1827 1872 1873
f 1827 1873 1828
f 1828 1873 1874
f 1828 1874 1829
f 1829 1874 1875
f 1829 1875 1830
f 1832 1876 1877
f 1832 1877 1833
f 1833 1877 1878
f 1833 1878 1834
f 1834 1878 1879
f 1834 1879 1835
f 1835 1879 1880
f 1835 1880 1836
f 1836 1880 1881
f 1836 1881 1837
f 1837 1881 1882
f 1837 1882 1838
f 1838 1882 1883
f 1838 1883 1839
f 1839 1883 1884
f 1839 1884 1840
f 1840 1884 1885
f 1840 1885 1841
f 1841 1885 1886
f 1841 1886 1842
f 1842 1886 1887
f 1842 1887 1843
f 1843 1887 1888
f 1843 1888 1844
f 1848 1889 1890
f 1848 1890 1849
f 1849 1890 1891
f 1849 1891 1850
f 1850 1891 1892
f 1850 1892 1851
f 1851 1892 1893
f 1851 1893 1852
f 1852 1893 1894
f 1852 1894 1853
f 1853 1894 1895
f 1853 1895 1854
f 1854 1895 1896
f 1854 1896 1855
f 1855 1896 1897
f 1855 1897 1856
f 1856 1897 1898
f 1856 1898 1857
f 1857 1898 1899
f 1857 1899 1858
f 1858 1899 1900
f 1858 1900 1859
f 1859 1900 1901
f 1859 1901 1860
f 1860 1901 1902
f 1860 1902 1861
f 1861 1902 1903
f 1861 1903 1862
f 1862 1903 1904
f 1862 1904 1863
f 1863 1904 1905
f 1863 1905 1864
f 1864 1905 1906
f 1864 1906 1865
f 1865 1906 1907
f 1865 1907 1866
f 1866 1907 1908
f 1866 1908 1867
f 1867 1908 1909
f 1867 1909 1868
f 1868 1909 1910
f 1868 1910 1869
f 1870 1914 1915
f 1870 1915 1871
f 1871 1915 1916
f 1871 1916 1872
f 1872 1916 1917
f 1872 1917 1873
f 1873 1917 1918
f 1873 1918 1874
f 1874 1918 1919
f 1874 1919 1875
f 1876 1920 1921
f 1876 1921 1877
f 1877 1921 1922
f 1877 1922 1878
f 1878 1922 1923
f 1878 1923 1879
f 1879 1923 1924
f 1879 1924 1880
f 1880 1924 1925
f 1880 1925 1881
f 1881 1925 1926
f 1881 1926 1882
f 1882 1926 1927
f 1882 1927 1883
f 1883 1927 1928
f 1883 1928 1884
f 1884 1928 1929
f 1884 1929 1885
f 1885 1929 1930
f 1885 1930 1886
f 1886 1930 1931
f 1886 1931 1887
f 1887 1931 1932
f 1887 1932 1888
f 1891 1933 1934
f 1891 1934 1892
f 1892 1934 1935
f 1892 1935 1893
f 1893 1935 1936
f 1893 1936 1894
f 1894 1936 1937
f 1894 1937 1895
f 1895 1937 1938
f 1895 1938 1896
f 1896 1938 1939
f 1896 1939 1897
f 1897 1939 1940
f 1897 1940 1898
f 1898 1940 1941
f 1898 1941 1899
f 1899 1941 1942
f 1899 1942 1900
f 1900 1942 1943
f 1900 1943 1901
f 1901 1943 1944
f 1901 1944 1902
f 1902 1944 1945
f 1902 1945 1903
f 1903 1945 1946
f 1903 1946 1904
f 1904 1946 1947
f 1904 1947 1905
f 1905 1947 1948
f 1905 1948 1906
f 1906 1948 1949
f 1906 1949 1907
f 1907 1949 1950
f 1907 1950 1908
f 1908 1950 1951
f 1908 1951 1909
f 1909 1951 1952
f 1909 1952 1910
f 1910 1952 1953
f 1910 1953 1911
f 1911 1953 1954
f 1911 1954 1912
f 1913 1958 1959
f 1913 1959 1914
f 1914 1959 1960
f 1914 1960 1915
f 1915 1960 1961
f 1915 1961 1916
f 1916 1961 1962
f 1916 1962 1917
f 1917 1962 1963
f 1917 1963 1918
f 1918 1963 1964
f 1918 1964 1919
f 1921 1965 1966
f 1921 1966 1922
f 1922 1966 1967
f 1922 1967 1923
f 1923 1967 1968
f 1923 1968 1924
f 1924 1968 1969
f 1924 1969 1925
f 1925 1969 1970
f 1925 1970 1926
f 1926 1970 1971
f 1926 1971 1927
f 1927 1971 1972
f 1927 1972 1928
f 1928 1972 1973
f 1928 1973 1929
f 1929 1973 1974
f 1929 1974 1930
f 1930 1974 1975
f 1930 1975 1931
f 1931 1975 1976
f 1931 1976 1932
f 1936 1977 1978
f 1936 1978 1937
f 1937 1978 1979
f 1937 1979 1938
f 1938 1979 1980
f 1938 1980 1939
f 1939 1980 1981
f 1939 1981 1940
f 1940 1981 1982
f 1940 1982 1941
f 1941 1982 1983
f 1941 1983 1942
f 1942 1983 1984
f 1942 1984 1943
f 1943 1984 1985
f 1943 1985 1944
f 1944 1985 1986
f 1944 1986 1945
f 1945 1986 1987
f 1945 1987 1946
f 1946 1987 1988
f 1946 1988 1947
f 1947 1988 1989
f 1947 1989 1948
f 1948 1989 1990
f 1948 1990 1949
f 1949 1990 1991
f 1949 1991 1950
f 1950 1991 1992
f 1950 1992 1951
f 1951 1992 1993
f 1951 1993 1952
f 1952 1993 1994
f 1952 1994 1953
f 1953 1994 1995
f 1953 1995 1954
f 1954 1995 1996
f 1954 1996 1955
f 1955 1996 1997
f 1955 1997 1956
f 1956 1997 1998
f 1956 1998 1957
f 1957 1998 1999
f 1957 1999 1958
f 1958 1999 2000
f 1958 2000 1959
f 1959 2000 2001
f 1959 2001 1960
f 1960 2001 2002
f 1960 2002 1961
f 1961 2002 2003
f 1961 2003 1962
f 1962 2003 2004
f 1962 2004 1963
f 1963 2004 2005
f 1963 2005 1964
f 1965 2006 2007
f 1965 2007 1966
f 1966 2007 2008
f 1966 2008 1967
f 1967 2008 2009
f 1967 2009 1968
f 1968 2009 2010
f 1968 2010 1969
f 1969 2010 2011
f 1969 2011 1970
f 1970 2011 2012
f 1970 2012 1971
f 1971 2012 2013
f 1971 2013 1972
f 1972 2013 2014
f 1972 2014 1973
f 1973 2014 2015
f 1973 2015 1974
f 1974 2015 2016
f 1974 2016 1975
f 1975 2016 2017
f 1975 2017 1976
f 1980 2018 2019
f 1980 2019 1981
f 1981 2019 2020
f 1981 2020 1982
f 1982 2020 2021
f 1982 2021 1983
f 1983 2021 2022
f 1983 2022 1984
f 1984 2022 2023
f 1984 2023 1985
f 1985 2023 2024
f 1985 2024 1986
f 1986 2024 2025
f 1986 2025 1987
f 1987 2025 2026
f 1987 2026 1988
f 1988 2026 2027
f 1988 2027 1989
f 1989 2027 2028
f 1989 2028 1990
f 1990 2028 2029
f 1990 2029 1991
f 1991 2029 2030
f 1991 2030 1992
f 1992 2030 2031
f 1992 2031 1993
f 1993 2031 2032
f 1993 2032 1994
f 1994 2032 2033
f 1994 2033 1995
f 1995 2033 2034
f 1995 2034 1996
f 1996 2034 2035
f 1996 2035 1997
f 1997 2035 2036
f 1997 2036 1998
f 1998 2036 2037
f 1998 2037 1999
f 1999 2037 2038
f 1999 2038 2000
f 2000 2038 2039
f 2000 2039 2001
f 2001 2039 2040
f 2001 2040 2002
f 2002 2040 2041
f 2002 2041 2003
f 2003 2041 2042
f 2003 2042 2004
f 2004 2042 2043
f 2004 2043 2005
f 2007 2044 2045
f 2007 2045 2008
f 2008 2045 2046
f 2008 2046 2009
f 2009 2046 2047
f 2009 2047 2010
f 2010 2047 2048
f 2010 2048 2011
f 2011 2048 2049
f 2011 2049 2012
f 2012 2049 2050
f 2012 2050 2013
f 2013 2050 2051
f 2013 2051 2014
f 2014 2051 2052
f 2014 2052 2015
f 2015 2052 2053
f 2015 2053 2016
f 2016 2053 2054
f 2016 2054 2017
f 2021 2055 2056
f 2021 2056 2022
f 2022 2056 2057
f 2022 2057 2023
f 2023 2057 2058
f 2023 2058 2024
f 2024 2058 2059
f 2024 2059 2025
f 2025 2059 2060
f 2025 2060 2026
f 2026 2060 2061
f 2026 2061 2027
f 2027 2061 2062
f 2027 2062 2028
f 2028 2062 2063
f 2028 2063 2029
f 2029 2063 2064
f 2029 2064 2030
f 2030 2064 2065
f 2030 2065 2031
f 2031 2065 2066
f 2031 2066 2032
f 2032 2066 2067
f 2032 2067 2033
f 2033 2067 2068
f 2033 2068 2034
f 2034 2068 2069
f 2034 2069 2035
f 2035 2069 2070
f 2035 2070 2036
f 2036 2070 2071
f 2036 2071 2037
f 2037 2071 2072
f 2037 2072 2038
f 2038 2072 2073
f 2038 2073 2039
f 2039 2073 2074
f 2039 2074 2040
f 2040 2074 2075
f 2040 2075 2041
f 2041 2075 2076
f 2041 2076 2042
f 2044 2077 2078
f 2044 2078 2045
f 2045 2078 2079
f 2045 2079 2046
f 2046 2079 2080
f 2046 2080 2047
f 2047 2080 2081
f 2047 2081 2048
f 2048 2081 2082
f 2048 2082 2049
f 2049 2082 2083
f 2049 2083 2050
f 2050 2083 2084
f 2050 2084 2051
f 2051 2084 2085
f 2051 2085 2052
f 2052 2085 2086
f 2052 2086 2053
f 2053 2086 2087
f 2053 2087 2054
f 2058 2088 2089
f 2058 2089 2059
f 2059 2089 2090
f 2059 2090 2060
f 2060 2090 2091
f 2060 2091 2061
f 2061 2091 2092
f 2061 2092 2062
f 2062 2092 2093
f 2062 2093 2063
f 2063 2093 2094
f 2063 2094 2064
f 2064 2094 2095
f 2064 2095 2065
f 2065 2095 2096
f 2065 2096 2066
f 2066 2096 2097
f 2066 2097 2067
f 2067 2097 2098
f 2067 2098 2068
f 2068 2098 2099
f 2068 2099 2069
f 2069 2099 2100
f 2069 2100 2070
f 2070 2100 2101
f 2070 2101 2071
f 2071 2101 2102
f 2071 2102 2072
f 2072 2102 2103
f 2072 2103 2073
f 2073 2103 2104
f 2073 2104 2074
f 2074 2104 2105
f 2074 2105 2075
f 2075 2105 2106
f 2075 2106 2076
f 2077 2107 2108
f 2077 2108 2078
f 2078 2108 2109
f 2078 2109 2079
f 2079 2109 2110
f 2079 2110 2080
f 2080 2110 2111
f 2080 2111 2081
f 2081 2111 2112
f 2081 2112 2082
f 2082 2112 2113
f 2082 2113 2083
f 2083 2113 2114
f 2083 2114 2084
f 2084 2114 2115
f 2084 2115 2085
f 2085 2115 2116
f 2085 2116 2086
f 2086 2116 2117
f 2086 2117 2087
f 2091 2119 2120
f 2091 2120 2092
f 2092 2120 2121
f 2092 2121 2093
f 2093 2121 2122
f 2093 2122 2094
f 2094 2122 2123
f 2094 2123 2095
f 2095 2123 2124
f 2095 2124 2096
f 2096 2124 2125
f 2096 2125 2097
f 2097 2125 2126
f 2097 2126 2098
f 2098 2126 2127
f 2098 2127 2099
f 2099 2127 2128
f 2099 2128 2100
f 2100 2128 2129
f 2100 2129 2101
f 2101 2129 2130
f 2101 2130 2102
f 2102 2130 2131
f 2102 2131 2103
f 2103 2131 2132
f 2103 2132 2104
f 2104 2132 2133
f 2104 2133 2105
f 2108 2134 2135
f 2108 2135 2109
f 2109 2135 2136
f 2109 2136 2110
f 2110 2136 2137
f 2110 2137 2111
f 2111 2137 2138
f 2111 2138 2112
f 2112 2138 2139
f 2112 2139 2113
f 2113 2139 2140
f 2113 2140 2114
f 2114 2140 2141
f 2114 2141 2115
f 2115 2141 2142
f 2115 2142 2116
f 2116 2142 2143
f 2116 2143 2117
f 2117 2143 2144
f 2117 2144 2118
f 2122 2145 2146
f 2122 2146 2123
f 2123 2146 2147
f 2123 2147 2124
f 2124 2147 2148
f 2124 2148 2125
f 2125 2148 2149
f 2125 2149 2126
f 2126 2149 2150
f 2126 2150 2127
f 2127 2150 2151
f 2127 2151 2128
f 2128 2151 2152
f 2128 2152 2129
f 2129 2152 2153
f 2129 2153 2130
f 2130 2153 2154
f 2130 2154 2131
f 2134 2155 2156
f 2134 2156 2135
f 2135 2156 2157
f 2135 2157 2136
f 2136 2157 2158
f 2136 2158 2137
f 2137 2158 2159
f 2137 2159 2138
f 2138 2159 2160
f 2138 2160 2139
f 2139 2160 2161
f 2139 2161 2140
f 2140 2161 2162
f 2140 2162 2141
f 2141 2162 2163
f 2141 2163 2142
f 2142 2163 2164
f 2142 2164 2143
f 2143 2164 2165
f 2143 2165 2144
f 2149 2166 2167
f 2149 2167 2150
f 2150 2167 2168
f 2150 2168 2151
f 2156 2169 2170
f 2156 2170 2157
f 2157 2170 2171
f 2157 2171 2158
f 2158 2171 2172
f 2158 2172 2159
f 2159 2172 2173
f 2159 2173 2160
f 2160 2173 2174
f 2160 2174 2161
f 2161 2174 2175
f 2161 2175 2162
f 2162 2175 2176
f 2162 2176 2163
f 2163 2176 2177
f 2163 2177 2164
f 2164 2177 2178
f 2164 2178 2165
f 2169 2180 2181
f 2169 2181 2170
f 2170 2181 2182
f 2170 2182 2171
f 2171 2182 2183
f 2171 2183 2172
f 2172 2183 2184
f 2172 2184 2173
f 2173 2184 2185
f 2173 2185 2174
f 2174 2185 2186
f 2174 2186 2175
f 2175 2186 2187
f 2175 2187 2176
f 2176 2187 2188
f 2176 2188 2177
f 2177 2188 2189
f 2177 2189 2178
f 2178 2189 2190
f 2178 2190 2179
f 2180 2191 2192
f 2180 2192 2181
f 2181 2192 2193
f 2181 2193 2182
f 2182 2193 2194
f 2182 2194 2183
f 2183 2194 2195
f 2183 2195 2184
f 2184 2195 2196
f 2184 2196 2185
f 2185 2196 2197
f 2185 2197 2186
f 2186 2197 2198
f 2186 2198 2187
f 2187 2198 2199
f 2187 2199 2188
f 2188 2199 2200
f 2188 2200 2189
f 2189 2200 2201
f 2189 2201 2190
f 2191 2202 2203
f 2191 2203 2192
f 2192 2203 2204
f 2192 2204 2193
f 2193 2204 2205
f 2193 2205 2194
f 2194 2205 2206
f 2194 2206 2195
f 2195 2206 2207
f 2195 2207 2196
f 2196 2207 2208
f 2196 2208 2197
f 2197 2208 2209
f 2197 2209 2198
f 2198 2209 2210
f 2198 2210 2199
f 2199 2210 2211
f 2199 2211 2200
f 2200 2211 2212
f 2200 2212 2201
f 2203 2214 2215
f 2203 2215 2204
f 2204 2215 2216
f 2204 2216 2205
f 2205 2216 2217
f 2205 2217 2206
f 2206 2217 2218
f 2206 2218 2207
f 2207 2218 2219
f 2207 2219 2208
f 2208 2219 2220
f 2208 2220 2209
f 2209 2220 2221
f 2209 2221 2210
f 2210 2221 2222
f 2210 2222 2211
f 2211 2222 2223
f 2211 2223 2212
f 2212 2223 2224
f 2212 2224 2213
f 2214 2225 2226
f 2214 2226 2215
f 2215 2226 2227
f 2215 2227 2216
f 2216 2227 2228
f 2216 2228 2217
f 2217 2228 2229
f 2217 2229 2218
f 2218 2229 2230
f 2218 2230 2219
f 2219 2230 2231
f 2219 2231 2220
f 2220 2231 2232
f 2220 2232 2221
f 2221 2232 2233
f 2221 2233 2222
f 2222 2233 2234
f 2222 2234 2223
f 2223 2234 2235
f 2223 2235 2224
f 2225 2237 2238
f 2225 2238 2226
f 2226 2238 2239
f 2226 2239 2227
f 2227 2239 2240
f 2227 2240 2228
f 2228 2240 2241
f 2228 2241 2229
f 2229 2241 2242
f 2229 2242 2230
f 2230 2242 2243
f 2230 2243 2231
f 2231 2243 2244
f 2231 2244 2232
f 2232 2244 2245
f 2232 2245 2233
f 2233 2245 2246
f 2233 2246 2234
f 2234 2246 2247
f 2234 2247 2235
f 2235 2247 2248
f 2235 2248 2236
f 2237 2256 2257
f 2237 2257 2238
f 2238 2257 2258
f 2238 2258 2239
f 2239 2258 2259
f 2239 2259 2240
f 2240 2259 2260
f 2240 2260 2241
f 2241 2260 2261
f 2241 2261 2242
f 2242 2261 2262
f 2242 2262 2243
f 2243 2262 2263
f 2243 2263 2244
f 2244 2263 2264
f 2244 2264 2245
f 2245 2264 2265
f 2245 2265 2246
f 2246 2265 2266
f 2246 2266 2247
f 2247 2266 2267
f 2247 2267 2248
f 2249 2278 2279
f 2249 2279 2250
f 2250 2279 2280
f 2250 2280 2251
f 2251 2280 2281
f 2251 2281 2252
f 2252 2281 2282
f 2252 2282 2253
f 2253 2282 2283
f 2253 2283 2254
f 2254 2283 2284
f 2254 2284 2255
f 2256 2287 2288
f 2256 2288 2257
f 2257 2288 2289
f 2257 2289 2258
f 2258 2289 2290
f 2258 2290 2259
f 2259 2290 2291
f 2259 2291 2260
f 2260 2291 2292
f 2260 2292 2261
f 2261 2292 2293
f 2261 2293 2262
f 2262 2293 2294
f 2262 2294 2263
f 2263 2294 2295
f 2263 2295 2264
f 2264 2295 2296
f 2264 2296 2265
f 2265 2296 2297
f 2265 2297 2266
f 2266 2297 2298
f 2266 2298 2267
f 2267 2298 2299
f 2267 2299 2268
f 2269 2302 2303
f 2269 2303 2270
f 2270 2303 2304
f 2270 2304 2271
f 2271 2304 2305
f 2271 2305 2272
f 2272 2305 2306
f 2272 2306 2273
f 2273 2306 2307
f 2273 2307 2274
f 2274 2307 2308
f 2274 2308 2275
f 2276 2315 2316
f 2276 2316 2277
f 2277 2316 2317
f 2277 2317 2278
f 2278 2317 2318
f 2278 2318 2279
f 2279 2318 2319
f 2279 2319 2280
f 2280 2319 2320
f 2280 2320 2281
f 2281 2320 2321
f 2281 2321 2282
f 2282 2321 2322
f 2282 2322 2283
f 2283 2322 2323
f 2283 2323 2284
f 2284 2323 2324
f 2284 2324 2285
f 2285 2324 2325
f 2285 2325 2286
f 2287 2327 2328
f 2287 2328 2288
f 2288 2328 2329
f 2288 2329 2289
f 2289 2329 2330
f 2289 2330 2290
f 2290 2330 2331
f 2290 2331 2291
f 2291 2331 2332
f 2291 2332 2292
f 2292 2332 2333
f 2292 2333 2293
f 2293 2333 2334
f 2293 2334 2294
f 2294 2334 2335
f 2294 2335 2295
f 2295 2335 2336
f 2295 2336 2296
f 2296 2336 2337
f 2296 2337 2297
f 2297 2337 2338
f 2297 2338 2298
f 2298 2338 2339
f 2298 2339 2299
f 2300 2342 2343
f 2300 2343 2301
f 2301 2343 2344
f 2301 2344 2302
f 2302 2344 2345
f 2302 2345 2303
f 2303 2345 2346
f 2303 2346 2304
f 2304 2346 2347
f 2304 2347 2305
f 2305 2347 2348
f 2305 2348 2306
f 2306 2348 2349
f 2306 2349 2307
f 2307 2349 2350
f 2307 2350 2308
f 2308 2350 2351
f 2308 2351 2309
f 2309 2351 2352
f 2309 2352 2310
f 2310 2352 2353
f 2310 2353 2311
f 2311 2353 2354
f 2311 2354 2312
f 2313 2358 2359
f 2313 2359 2314
f 2314 2359 2360
f 2314 2360 2315
f 2315 2360 2361
f 2315 2361 2316
f 2316 2361 2362
f 2316 2362 2317
f 2317 2362 2363
f 2317 2363 2318
f 2318 2363 2364
f 2318 2364 2319
f 2319 2364 2365
f 2319 2365 2320
f 2320 2365 2366
f 2320 2366 2321
f 2321 2366 2367
f 2321 2367 2322
f 2322 2367 2368
f 2322 2368 2323
f 2323 2368 2369
f 2323 2369 2324
f 2324 2369 2370
f 2324 2370 2325
f 2325 2370 2371
f 2325 2371 2326
f 2327 2376 2377
f 2327 2377 2328
f 2328 2377 2378
f 2328 2378 2329
f 2329 2378 2379
f 2329 2379 2330
f 2330 2379 2380
f 2330 2380 2331
f 2331 2380 2381
f 2331 2381 2332
f 2332 2381 2382
f 2332 2382 2333
f 2333 2382 2383
f 2333 2383 2334
f 2334 2383 2384
f 2334 2384 2335
f 2335 2384 2385
f 2335 2385 2336
f 2336 2385 2386
f 2336 2386 2337
f 2337 2386 2387
f 2337 2387 2338
f 2338 2387 2388
f 2338 2388 2339
f 2339 2388 2389
f 2339 2389 2340
f 2341 2391 2392
f 2341 2392 2342
f 2342 2392 2393
f 2342 2393 2343
f 2343 2393 2394
f 2343 2394 2344
f 2344 2394 2395
f 2344 2395 2345
f 2345 2395 2396
f 2345 2396 2346
f 2346 2396 2397
f 2346 2397 2347
f 2347 2397 2398
f 2347 2398 2348
f 2348 2398 2399
f 2348 2399 2349
f 2349 2399 2400
f 2349 2400 2350
f 2350 2400 2401
f 2350 2401 2351
f 2351 2401 2402
f 2351 2402 2352
f 2352 2402 2403
f 2352 2403 2353
f 2353 2403 2404
f 2353 2404 2354
f 2354 2404 2405
f 2354 2405 2355
f 2355 2405 2406
f 2355 2406 2356
f 2356 2406 2407
f 2356 2407 2357
f 2357 2407 2408
f 2357 2408 2358
f 2358 2408 2409
f 2358 2409 2359
f 2359 2409 2410
f 2359 2410 2360
f 2360 2410 2411
f 2360 2411 2361
f 2361 2411 2412
f 2361 2412 2362
f 2362 2412 2413
f 2362 2413 2363
f 2363 2413 2414
f 2363 2414 2364
f 2364 2414 2415
f 2364 2415 2365
f 2365 2415 2416
f 2365 2416 2366
f 2366 2416 2417
f 2366 2417 2367
f 2367 2417 2418
f 2367 2418 2368
f 2368 2418 2419
f 2368 2419 2369
f 2369 2419 2420
f 2369 2420 2370
f 2370 2420 2421
f 2370 2421 2371
f 2371 2421 2422
f 2371 2422 2372
f 2373 2426 2427
f 2373 2427 2374
f 2374 2427 2428
f 2374 2428 2375
f 2376 2431 2432
f 2376 2432 2377
f 2377 2432 2433
f 2377 2433 2378
f 2378 2433 2434
f 2378 2434 2379
f 2379 2434 2435
f 2379 2435 2380
f 2380 2435 2436
f 2380 2436 2381
f 2381 2436 2437
f 2381 2437 2382
f 2382 2437 2438
f 2382 2438 2383
f 2383 2438 2439
f 2383 2439 2384
f 2384 2439 2440
f 2384 2440 2385
f 2385 2440 2441
f 2385 2441 2386
f 2386 2441 2442
f 2386 2442 2387
f 2387 2442 2443
f 2387 2443 2388
f 2388 2443 2444
f 2388 2444 2389
f 2389 2444 2445
f 2389 2445 2390
f 2390 2445 2446
f 2390 2446 2391
f 2391 2446 2447
f 2391 2447 2392
f 2392 2447 2448
f 2392 2448 2393
f 2393 2448 2449
f 2393 2449 2394
f 2394 2449 2450
f 2394 2450 2395
f 2395 2450 2451
f 2395 2451 2396
f 2396 2451 2452
f 2396 2452 2397
f 2397 2452 2453
f 2397 2453 2398
f 2398 2453 2454
f 2398 2454 2399
f 2399 2454 2455
f 2399 2455 2400
f 2400 2455 2456
f 2400 2456 2401
f 2401 2456 2457
f 2401 2457 2402
f 2402 2457 2458
f 2402 2458 2403
f 2403 2458 2459
f 2403 2459 2404
f 2404 2459 2460
f 2404 2460 2405
f 2405 2460 2461
f 2405 2461 2406
f 2406 2461 2462
f 2406 2462 2407
f 2407 2462 2463
f 2407 2463 2408
f 2408 2463 2464
f 2408 2464 2409
f 2409 2464 2465
f 2409 2465 2410
f 2410 2465 2466
f 2410 2466 2411
f 2411 2466 2467
f 2411 2467 2412
f 2412 2467 2468
f 2412 2468 2413
f 2413 2468 2469
f 2413 2469 2414
f 2414 2469 2470
f 2414 2470 2415
f 2415 2470 2471
f 2415 2471 2416
f 2416 2471 2472
f 2416 2472 2417
f 2417 2472 2473
f 2417 2473 2418
f 2418 2473 2474
f 2418 2474 2419
f 2419 2474 2475
f 2419 2475 2420
f 2420 2475 2476
f 2420 2476 2421
f 2421 2476 2477
f 2421 2477 2422
f 2422 2477 2478
f 2422 2478 2423
f 2423 2478 2479
f 2423 2479 2424
f 2424 2479 2480
f 2424 2480 2425
f 2425 2480 2481
f 2425 2481 2426
f 2426 2481 2482
f 2426 2482 2427
f 2427 2482 2483
f 2427 2483 2428
f 2428 2483 2484
f 2428 2484 2429
f 2429 2484 2485
f 2429 2485 2430
f 2431 2488 2489
f 2431 2489 2432
f 2432 2489 2490
f 2432 2490 2433
f 2433 2490 2491
f 2433 2491 2434
f 2434 2491 2492
f 2434 2492 2435
f 2435 2492 2493
f 2435 2493 2436
f 2436 2493 2494
f 2436 2494 2437
f 2437 2494 2495
f 2437 2495 2438
f 2438 2495 2496
f 2438 2496 2439
f 2439 2496 2497
f 2439 2497 2440
f 2440 2497 2498
f 2440 2498 2441
f 2441 2498 2499
f 2441 2499 2442
f 2442 2499 2500
f 2442 2500 2443
f 2443 2500 2501
f 2443 2501 2444
f 2444 2501 2502
f 2444 2502 2445
f 2445 2502 2503
f 2445 2503 2446
f 2446 2503 2504
f 2446 2504 2447
f 2447 2504 2505
f 2447 2505 2448
f 2448 2505 2506
f 2448 2506 2449
f 2449 2506 2507
f 2449 2507 2450
f 2450 2507 2508
f 2450 2508 2451
f 2451 2508 2509
f 2451 2509 2452
f 2452 2509 2510
f 2452 2510 2453
f 2453 2510 2511
f 2453 2511 2454
f 2454 2511 2512
f 2454 2512 2455
f 2455 2512 2513
f 2455 2513 2456
f 2456 2513 2514
f 2456 2514 2457
f 2457 2514 2515
f 2457 2515 2458
f 2458 2515 2516
f 2458 2516 2459
f 2459 2516 2517
f 2459 2517 2460
f 2460 2517 2518
f 2460 2518 2461
f 2461 2518 2519
f 2461 2519 2462
f 2462 2519 2520
f 2462 2520 2463
f 2463 2520 2521
f 2463 2521 2464
f 2464 2521 2522
f 2464 2522 2465
f 2465 2522 2523
f 2465 2523 2466
f 2466 2523 2524
f 2466 2524 2467
f 2467 2524 2525
f 2467 2525 2468
f 2468 2525 2526
f 2468 2526 2469
f 2469 2526 2527
f 2469 2527 2470
f 2470 2527 2528
f 2470 2528 2471
f 2471 2528 2529
f 2471 2529 2472
f 2472 2529 2530
f 2472 2530 2473
f 2473 2530 2531
f 2473 2531 2474
f 2474 2531 2532
f 2474 2532 2475
f 2475 2532 2533
f 2475 2533 2476
f 2476 2533 2534
f 2476 2534 2477
f 2477 2534 2535
f 2477 2535 2478
f 2478 2535 2536
f 2478 2536 2479
f 2479 2536 2537
f 2479 2537 2480
f 2480 2537 2538
f 2480 2538 2481
f 2481 2538 2539
f 2481 2539 2482
f 2482 2539 2540
f 2482 2540 2483
f 2483 2540 2541
f 2483 2541 2484
f 2484 2541 2542
f 2484 2542 2485
f 2485 2542 2543
f 2485 2543 2486
f 2486 2543 2544
f 2486 2544 2487
f 2488 2547 2548
f 2488 2548 2489
f 2489 2548 2549
f 2489 2549 2490
f 2490 2549 2550
f 2490 2550 2491
f 2491 2550 2551
f 2491 2551 2492
f 2492 2551 2552
f 2492 2552 2493
f 2493 2552 2553
f 2493 2553 2494
f 2494 2553 2554
f 2494 2554 2495
f 2495 2554 2555
f 2495 2555 2496
f 2496 2555 2556
f 2496 2556 2497
f 2497 2556 2557
f 2497 2557 2498
f 2498 2557 2558
f 2498 2558 2499
f 2499 2558 2559
f 2499 2559 2500
f 2500 2559 2560
f 2500 2560 2501
f 2501 2560 2561
f 2501 2561 2502
f 2502 2561 2562
f 2502 2562 2503
f 2503 2562 2563
f 2503 2563 2504
f 2504 2563 2564
f 2504 2564 2505
f 2505 2564 2565
f 2505 2565 2506
f 2506 2565 2566
f 2506 2566 2507
f 2507 2566 2567
f 2507 2567 2508
f 2508 2567 2568
f 2508 2568 2509
f 2509 2568 2569
f 2509 2569 2510
f 2510 2569 2570
f 2510 2570 2511
f 2511 2570 2571
f 2511 2571 2512
f 2512 2571 2572
f 2512 2572 2513
f 2513 2572 2573
f 2513 2573 2514
f 2514 2573 2574
f 2514 2574 2515
f 2515 2574 2575
f 2515 2575 2516
f 2516 2575 2576
f 2516 2576 2517
f 2517 2576 2577
f 2517 2577 2518
f 2518 2577 2578
f 2518 2578 2519
f 2519 2578 2579
f 2519 2579 2520
f 2520 2579 2580
f 2520 2580 2521
f 2521 2580 2581
f 2521 2581 2522
f 2522 2581 2582
f 2522 2582 2523
f 2523 2582 2583
f 2523 2583 2524
f 2524 2583 2584
f 2524 2584 2525
f 2525 2584 2585
f 2525 2585 2526
f 2526 2585 2586
f 2526 2586 2527
f 2527 2586 2587
f 2527 2587 2528
f 2528 2587 2588
f 2528 2588 2529
f 2529 2588 2589
f 2529 2589 2530
f 2530 2589 2590
f 2530 2590 2531
f 2531 2590 2591
f 2531 2591 2532
f 2532 2591 2592
f 2532 2592 2533
f 2533 2592 2593
f 2533 2593 2534
f 2534 2593 2594
f 2534 2594 2535
f 2535 2594 2595
f 2535 2595 2536
f 2536 2595 2596
f 2536 2596 2537
f 2537 2596 2597
f 2537 2597 2538
f 2538 2597 2598
f 2538 2598 2539
f 2539 2598 2599
f 2539 2599 2540
f 2540 2599 2600
f 2540 2600 2541
f 2541 2600 2601
f 2541 2601 2542
f 2542 2601 2602
f 2542 2602 2543
f 2543 2602 2603
f 2543 2603 2544
f 2544 2603 2604
f 2544 2604 2545
f 2546 2605 2606
f 2546 2606 2547
f 2547 2606 2607
f 2547 2607 2548
f 2548 2607 2608
f 2548 2608 2549
f 2549 2608 2609
f 2549 2609 2550
f 2550 2609 2610
f 2550 2610 2551
f 2551 2610 2611
f 2551 2611 2552
f 2552 2611 2612
f 2552 2612 2553
f 2553 2612 2613
f 2553 2613 2554
f 2554 2613 2614
f 2554 2614 2555
f 2555 2614 2615
f 2555 2615 2556
f 2556 2615 2616
f 2556 2616 2557
f 2557 2616 2617
f 2557 2617 2558
f 2558 2617 2618
f 2558 2618 2559
f 2559 2618 2619
f 2559 2619 2560
f 2560 2619 2620
f 2560 2620 2561
f 2561 2620 2621
f 2561 2621 2562
f 2562 2621 2622
f 2562 2622 2563
f 2563 2622 2623
f 2563 2623 2564
f 2564 2623 2624
f 2564 2624 2565
f 2565 2624 2625
f 2565 2625 2566
f 2566 2625 2626
f 2566 2626 2567
f 2567 2626 2627
f 2567 2627 2568
f 2568 2627 2628
f 2568 2628 2569
f 2569 2628 2629
f 2569 2629 2570
f 2570 2629 2630
f 2570 2630 2571
f 2571 2630 2631
f 2571 2631 2572
f 2572 2631 2632
f 2572 2632 2573
f 2573 2632 2633
f 2573 2633 2574
f 2574 2633 2634
f 2574 2634 2575
f 2575 2634 2635
f 2575 2635 2576
f 2576 2635 2636
f 2576 2636 2577
f 2577 2636 2637
f 2577 2637 2578
f 2578 2637 2638
f 2578 2638 2579
f 2579 2638 2639
f 2579 2639 2580
f 2580 2639 2640
f 2580 2640 2581
f 2581 2640 2641
f 2581 2641 2582
f 2582 2641 2642
f 2582 2642 2583
f 2583 2642 2643
f 2583 2643 2584
f 2584 2643 2644
f 2584 2644 2585
f 2585 2644 2645
f 2585 2645 2586
f 2586 2645 2646
f 2586 2646 2587
f 2587 2646 2647
f 2587 2647 2588
f 2588 2647 2648
f 2588 2648 2589
f 2589 2648 2649
f 2589 2649 2590
f 2590 2649 2650
f 2590 2650 2591
f 2591 2650 2651
f 2591 2651 2592
f 2592 2651 2652
f 2592 2652 2593
f 2593 2652 2653
f 2593 2653 2594
f 2594 2653 2654
f 2594 2654 2595
f 2595 2654 2655
f 2595 2655 2596
f 2596 2655 2656
f 2596 2656 2597
f 2597 2656 2657
f 2597 2657 2598
f 2598 2657 2658
f 2598 2658 2599
f 2599 2658 2659
f 2599 2659 2600
f 2600 2659 2660
f 2600 2660 2601
f 2601 2660 2661
f 2601 2661 2602
f 2602 2661 2662
f 2602 2662 2603
f 2603 2662 2663
f 2603 2663 2604
f 2605 2665 2666
f 2605 2666 2606
f 2606 2666 2667
f 2606 2667 2607
f 2607 2667 2668
f 2607 2668 2608
f 2608 2668 2669
f 2608 2669 2609
f 2609 2669 2670
f 2609 2670 2610
f 2610 2670 2671
f 2610 2671 2611
f 2611 2671 2672
f 2611 2672 2612
f 2612 2672 2673
f 2612 2673 2613
f 2613 2673 2674
f 2613 2674 2614
f 2614 2674 2675
f 2614 2675 2615
f 2615 2675 2676
f 2615 2676 2616
f 2616 2676 2677
f 2616 2677 2617
f 2617 2677 2678
f 2617 2678 2618
f 2618 2678 2679
f 2618 2679 2619
f 2619 2679 2680
f 2619 2680 2620
f 2620 2680 2681
f 2620 2681 2621
f 2621 2681 2682
f 2621 2682 2622
f 2622 2682 2683
f 2622 2683 2623
f 2623 2683 2684
f 2623 2684 2624
f 2624 2684 2685
f 2624 2685 2625
f 2625 2685 2686
f 2625 2686 2626
f 2626 2686 2687
f 2626 2687 2627
f 2627 2687 2688
f 2627 2688 2628
f 2628 2688 2689
f 2628 2689 2629
f 2629 2689 2690
f 2629 2690 2630
f 2630 2690 2691
f 2630 2691 2631
f 2631 2691 2692
f 2631 2692 2632
f 2632 2692 2693
f 2632 2693 2633
f 2633 2693 2694
f 2633 2694 2634
f 2634 2694 2695
f 2634 2695 2635
f 2635 2695 2696
f 2635 2696 2636
f 2636 2696 2697
f 2636 2697 2637
f 2637 2697 2698
f 2637 2698 2638
f 2638 2698 2699
f 2638 2699 2639
f 2639 2699 2700
f 2639 2700 2640
f 2640 2700 2701
f 2640 2701 2641
f 2641 2701 2702
f 2641 2702 2642
f 2642 2702 2703
f 2642 2703 2643
f 2643 2703 2704
f 2643 2704 2644
f 2644 2704 2705
f 2644 2705 2645
f 2645 2705 2706
f 2645 2706 2646
f 2646 2706 2707
f 2646 2707 2647
f 2647 2707 2708
f 2647 2708 2648
f 2648 2708 2709
f 2648 2709 2649
f 2649 2709 2710
f 2649 2710 2650
f 2650 2710 2711
f 2650 2711 2651
f 2651 2711 2712
f 2651 2712 2652
f 2652 2712 2713
f 2652 2713 2653
f 2653 2713 2714
f 2653 2714 2654
f 2654 2714 2715
f 2654 2715 2655
f 2655 2715 2716
f 2655 2716 2656
f 2656 2716 2717
f 2656 2717 2657
f 2657 2717 2718
f 2657 2718 2658
f 2658 2718 2719
f 2658 2719 2659
f 2659 2719 2720
f 2659 2720 2660
f 2660 2720 2721
f 2660 2721 2661
f 2661 2721 2722
f 2661 2722 2662
f 2662 2722 2723
f 2662 2723 2663
f 2663 2723 2724
f 2663 2724 2664
f 2665 2726 2727
f 2665 2727 2666
f 2666 2727 2728
f 2666 2728 2667
f 2667 2728 2729
f 2667 2729 2668
f 2668 2729 2730
f 2668 2730 2669
f 2669 2730 2731
f 2669 2731 2670
f 2670 2731 2732
f 2670 2732 2671
f 2671 2732 2733
f 2671 2733 2672
f 2672 2733 2734
f 2672 2734 2673
f 2673 2734 2735
f 2673 2735 2674
f 2674 2735 2736
f 2674 2736 2675
f 2675 2736 2737
f 2675 2737 2676
f 2676 2737 2738
f 2676 2738 2677
f 2677 2738 2739
f 2677 2739 2678
f 2678 2739 2740
f 2678 2740 2679
f 2679 2740 2741
f 2679 2741 2680
f 2680 2741 2742
f 2680 2742 2681
f 2681 2742 2743
f 2681 2743 2682
f 2682 2743 2744
f 2682 2744 2683
f 2683 2744 2745
f 2683 2745 2684
f 2684 2745 2746
f 2684 2746 2685
f 2685 2746 2747
f 2685 2747 2686
f 2686 2747 2748
f 2686 2748 2687
f 2687 2748 2749
f 2687 2749 2688
f 2688 2749 2750
f 2688 2750 2689
f 2689 2750 2751
f 2689 2751 2690
f 2690 2751 2752
f 2690 2752 2691
f 2691 2752 2753
f 2691 2753 2692
f 2692 2753 2754
f 2692 2754 2693
f 2693 2754 2755
f 2693 2755 2694
f 2694 2755 2756
f 2694 2756 2695
f 2695 2756 2757
f 2695 2757 2696
f 2696 2757 2758
f 2696 2758 2697
f 2697 2758 2759
f 2697 2759 2698
f 2698 2759 2760
f 2698 2760 2699
f 2699 2760 2761
f 2699 2761 2700
f 2700 2761 2762
f 2700 2762 2701
f 2701 2762 2763
f 2701 2763 2702
f 2702 2763 2764
f 2702 2764 2703
f 2703 2764 2765
f 2703 2765 2704
f 2704 2765 2766
f 2704 2766 2705
f 2705 2766 2767
f 2705 2767 2706
f 2706 2767 2768
f 2706 2768 2707
f 2707 2768 2769
f 2707 2769 2708
f 2708 2769 2770
f 2708 2770 2709
f 2709 2770 2771
f 2709 2771 2710
f 2710 2771 2772
f 2710 2772 2711
f 2711 2772 2773
f 2711 2773 2712
f 2712 2773 2774
f 2712 2774 2713
f 2713 2774 2775
f 2713 2775 2714
f 2714 2775 2776
f 2714 2776 2715
f 2715 2776 2777
f 2715 2777 2716
f 2716 2777 2778
f 2716 2778 2717
f 2717 2778 2779
f 2717 2779 2718
f 2718 2779 2780
f 2718 2780 2719
f 2719 2780 2781
f 2719 2781 2720
f 2720 2781 2782
f 2720 2782 2721
f 2721 2782 2783
f 2721 2783 2722
f 2722 2783 2784
f 2722 2784 2723
f 2723 2784 2785
f 2723 2785 2724
f 2724 2785 2786
f 2724 2786 2725
f 2726 2789 2790
f 2726 2790 2727
f 2727 2790 2791
f 2727 2791 2728
f 2728 2791 2792
f 2728 2792 2729
f 2729 2792 2793
f 2729 2793 2730
f 2730 2793 2794
f 2730 2794 2731
f 2731 2794 2795
f 2731 2795 2732
f 2732 2795 2796
f 2732 2796 2733
f 2733 2796 2797
f 2733 2797 2734
f 2734 2797 2798
f 2734 2798 2735
f 2735 2798 2799
f 2735 2799 2736
f 2736 2799 2800
f 2736 2800 2737
f 2737 2800 2801
f 2737 2801 2738
f 2738 2801 2802
f 2738 2802 2739
f 2739 2802 2803
f 2739 2803 2740
f 2740 2803 2804
f 2740 2804 2741
f 2741 2804 2805
f 2741 2805 2742
f 2742 2805 2806
f 2742 2806 2743
f 2743 2806 2807
f 2743 2807 2744
f 2744 2807 2808
f 2744 2808 2745
f 2745 2808 2809
f 2745 2809 2746
f 2746 2809 2810
f 2746 2810 2747
f 2747 2810 2811
f 2747 2811 2748
f 2748 2811 2812
f 2748 2812 2749
f 2749 2812 2813
f 2749 2813 2750
f 2750 2813 2814
f 2750 2814 2751
f 2751 2814 2815
f 2751 2815 2752
f 2752 2815 2816
f 2752 2816 2753
f 2753 2816 2817
f 2753 2817 2754
f 2754 2817 2818
f 2754 2818 2755
f 2755 2818 2819
f 2755 2819 2756
f 2756 2819 2820
f 2756 2820 2757
f 2757 2820 2821
f 2757 2821 2758
f 2758 2821 2822
f 2758 2822 2759
f 2759 2822 2823
f 2759 2823 2760
f 2760 2823 2824
f 2760 2824 2761
f 2761 2824 2825
f 2761 2825 2762
f 2762 2825 2826
f 2762 2826 2763
f 2763 2826 2827
f 2763 2827 2764
f 2764 2827 2828
f 2764 2828 2765
f 2765 2828 2829
f 2765 2829 2766
f 2766 2829 2830
f 2766 2830 2767
f 2767 2830 2831
f 2767 2831 2768
f 2768 2831 2832
f 2768 2832 2769
f 2769 2832 2833
f 2769 2833 2770
f 2770 2833 2834
f 2770 2834 2771
f 2771 2834 2835
f 2771 2835 2772
f 2772 2835 2836
f 2772 2836 2773
f 2773 2836 2837
f 2773 2837 2774
f 2774 2837 2838
f 2774 2838 2775
f 2775 2838 2839
f 2775 2839 2776
f 2776 2839 2840
f 2776 2840 2777
f 2777 2840 2841
f 2777 2841 2778
f 2778 2841 2842
f 2778 2842 2779
f 2779 2842 2843
f 2779 2843 2780
f 2780 2843 2844
f 2780 2844 2781
f 2781 2844 2845
f 2781 2845 2782
f 2782 2845 2846
f 2782 2846 2783
f 2783 2846 2847
f 2783 2847 2784
f 2784 2847 2848
f 2784 2848 2785
f 2785 2848 2849
f 2785 2849 2786
f 2786 2849 2850
f 2786 2850 2787
f 2788 2851 2852
f 2788 2852 2789
f 2789 2852 2853
f 2789 2853 2790
f 2790 2853 2854
f 2790 2854 2791
f 2791 2854 2855
f 2791 2855 2792
f 2792 2855 2856
f 2792 2856 2793
f 2793 2856 2857
f 2793 2857 2794
f 2794 2857 2858
f 2794 2858 2795
f 2795 2858 2859
f 2795 2859 2796
f 2796 2859 2860
f 2796 2860 2797
f 2797 2860 2861
f 2797 2861 2798
f 2798 2861 2862
f 2798 2862 2799
f 2799 2862 2863
f 2799 2863 2800
f 2800 2863 2864
f 2800 2864 2801
f 2801 2864 2865
f 2801 2865 2802
f 2802 2865 2866
f 2802 2866 2803
f 2803 2866 2867
f 2803 2867 2804
f 2804 2867 2868
f 2804 2868 2805
f 2805 2868 2869
f 2805 2869 2806
f 2806 2869 2870
f 2806 2870 2807
f 2807 2870 2871
f 2807 2871 2808
f 2808 2871 2872
f 2808 2872 2809
f 2809 2872 2873
f 2809 2873 2810
f 2810 2873 2874
f 2810 2874 2811
f 2811 2874 2875
f 2811 2875 2812
f 2812 2875 2876
f 2812 2876 2813
f 2813 2876 2877
f 2813 2877 2814
f 2814 2877 2878
f 2814 2878 2815
f 2815 2878 2879
f 2815 2879 2816
f 2816 2879 2880
f 2816 2880 2817
f 2817 2880 2881
f 2817 2881 2818
f 2818 2881 2882
f 2818 2882 2819
f 2819 2882 2883
f 2819 2883 2820
f 2820 2883 2884
f 2820 2884 2821
f 2821 2884 2885
f 2821 2885 2822
f 2822 2885 2886
f 2822 2886 2823
f 2823 2886 2887
f 2823 2887 2824
f 2824 2887 2888
f 2824 2888 2825
f 2825 2888 2889
f 2825 2889 2826
f 2826 2889 2890
f 2826 2890 2827
f 2827 2890 2891
f 2827 2891 2828
f 2828 2891 2892
f 2828 2892 2829
f 2829 2892 2893
f 2829 2893 2830
f 2830 2893 2894
f 2830 2894 2831
f 2831 2894 2895
f 2831 2895 2832
f 2832 2895 2896
f 2832 2896 2833
f 2833 2896 2897
f 2833 2897 2834
f 2834 2897 2898
f 2834 2898 2835
f 2835 2898 2899
f 2835 2899 2836
f 2836 2899 2900
f 2836 2900 2837
f 2837 2900 2901
f 2837 2901 2838
f 2838 2901 2902
f 2838 2902 2839
f 2839 2902 2903
f 2839 2903 2840
f 2840 2903 2904
f 2840 2904 2841
f 2841 2904 2905
f 2841 2905 2842
f 2842 2905 2906
f 2842 2906 2843
f 2843 2906 2907
f 2843 2907 2844
f 2844 2907 2908
f 2844 2908 2845
f 2845 2908 2909
f 2845 2909 2846
f 2846 2909 2910
f 2846 2910 2847
f 2847 2910 2911
f 2847 2911 2848
f 2848 2911 2912
f 2848 2912 2849
f 2849 2912 2913
f 2849 2913 2850
f 2851 2915 2916
f 2851 2916 2852
f 2852 2916 2917
f 2852 2917 2853
f 2853 2917 2918
f 2853 2918 2854
f 2854 2918 2919
f 2854 2919 2855
f 2855 2919 2920
f 2855 2920 2856
f 2856 2920 2921
f 2856 2921 2857
f 2857 2921 2922
f 2857 2922 2858
f 2858 2922 2923
f 2858 2923 2859
f 2861 2924 2925
f 2861 2925 2862
f 2862 2925 2926
f 2862 2926 2863
f 2863 2926 2927
f 2863 2927 2864
f 2864 2927 2928
f 2864 2928 2865
f 2865 2928 2929
f 2865 2929 2866
f 2866 2929 2930
f 2866 2930 2867
f 2867 2930 2931
f 2867 2931 2868
f 2868 2931 2932
f 2868 2932 2869
f 2869 2932 2933
f 2869 2933 2870
f 2870 2933 2934
f 2870 2934 2871
f 2871 2934 2935
f 2871 2935 2872
f 2872 2935 2936
f 2872 2936 2873
f 2873 2936 2937
f 2873 2937 2874
f 2874 2937 2938
f 2874 2938 2875
f 2875 2938 2939
f 2875 2939 2876
f 2876 2939 2940
f 2876 2940 2877
f 2877 2940 2941
f 2877 2941 2878
f 2878 2941 2942
f 2878 2942 2879
f 2879 2942 2943
f 2879 2943 2880
f 2880 2943 2944
f 2880 2944 2881
f 2881 2944 2945
f 2881 2945 2882
f 2882 2945 2946
f 2882 2946 2883
f 2883 2946 2947
f 2883 2947 2884
f 2884 2947 2948
f 2884 2948 2885
f 2885 2948 2949
f 2885 2949 2886
f 2886 2949 2950
f 2886 2950 2887
f 2887 2950 2951
f 2887 2951 2888
f 2888 2951 2952
f 2888 2952 2889
f 2889 2952 2953
f 2889 2953 2890
f 2890 2953 2954
f 2890 2954 2891
f 2891 2954 2955
f 2891 2955 2892
f 2892 2955 2956
f 2892 2956 2893
f 2893 2956 2957
f 2893 2957 2894
f 2894 2957 2958
f 2894 2958 2895
f 2895 2958 2959
f 2895 2959 2896
f 2896 2959 2960
f 2896 2960 2897
f 2897 2960 2961
f 2897 2961 2898
f 2898 2961 2962
f 2898 2962 2899
f 2899 2962 2963
f 2899 2963 2900
f 2900 2963 2964
f 2900 2964 2901
f 2901 2964 2965
f 2901 2965 2902
f 2902 2965 2966
f 2902 2966 2903
f 2903 2966 2967
f 2903 2967 2904
f 2904 2967 2968
f 2904 2968 2905
f 2905 2968 2969
f 2905 2969 2906
f 2906 2969 2970
f 2906 2970 2907
f 2907 2970 2971
f 2907 2971 2908
f 2908 2971 2972
f 2908 2972 2909
f 2909 2972 2973
f 2909 2973 2910
f 2910 2973 2974
f 2910 2974 2911
f 2911 2974 2975
f 2911 2975 2912
f 2912 2975 2976
f 2912 2976 2913
f 2913 2976 2977
f 2913 2977 2914
f 2915 2983 2984
f 2915 2984 2916
f 2916 2984 2985
f 2916 2985 2917
f 2917 2985 2986
f 2917 2986 2918
f 2918 2986 2987
f 2918 2987 2919
f 2919 2987 2988
f 2919 2988 2920
f 2920 2988 2989
f 2920 2989 2921
f 2924 2990 2991
f 2924 2991 2925
f 2925 2991 2992
f 2925 2992 2926
f 2926 2992 2993
f 2926 2993 2927
f 2927 2993 2994
f 2927 2994 2928
f 2928 2994 2995
f 2928 2995 2929
f 2929 2995 2996
f 2929 2996 2930
f 2930 2996 2997
f 2930 2997 2931
f 2931 2997 2998
f 2931 2998 2932
f 2932 2998 2999
f 2932 2999 2933
f 2933 2999 3000
f 2933 3000 2934
f 2934 3000 3001
f 2934 3001 2935
f 2935 3001 3002
f 2935 3002 2936
f 2936 3002 3003
f 2936 3003 2937
f 2937 3003 3004
f 2937 3004 2938
f 2938 3004 3005
f 2938 3005 2939
f 2939 3005 3006
f 2939 3006 2940
f 2940 3006 3007
f 2940 3007 2941
f 2941 3007 3008
f 2941 3008 2942
f 2942 3008 3009
f 2942 3009 2943
f 2943 3009 3010
f 2943 3010 2944
f 2944 3010 3011
f 2944 3011 2945
f 2945 3011 3012
f 2945 3012 2946
f 2946 3012 3013
f 2946 3013 2947
f 2947 3013 3014
f 2947 3014 2948
f 2948 3014 3015
f 2948 3015 2949
f 2949 3015 3016
f 2949 3016 2950
f 2950 3016 3017
f 2950 3017 2951
f 2951 3017 3018
f 2951 3018 2952
f 2952 3018 3019
f 2952 3019 2953
f 2953 3019 3020
f 2953 3020 2954
f 2954 3020 3021
f 2954 3021 2955
f 2955 3021 3022
f 2955 3022 2956
f 2956 3022 3023
f 2956 3023 2957
f 2957 3023 3024
f 2957 3024 2958
f 2958 3024 3025
f 2958 3025 2959
f 2959 3025 3026
f 2959 3026 2960
f 2960 3026 3027
f 2960 3027 2961
f 2961 3027 3028
f 2961 3028 2962
f 2962 3028 3029
f 2962 3029 2963
f 2963 3029 3030
f 2963 3030 2964
f 2964 3030 3031
f 2964 3031 2965
f 2965 3031 3032
f 2965 3032 2966
f 2966 3032 3033
f 2966 3033 2967
f 2967 3033 3034
f 2967 3034 2968
f 2968 3034 3035
f 2968 3035 2969
f 2969 3035 3036
f 2969 3036 2970
f 2970 3036 3037
f 2970 3037 2971
f 2971 3037 3038
f 2971 3038 2972
f 2972 3038 3039
f 2972 3039 2973
f 2973 3039 3040
f 2973 3040 2974
f 2974 3040 3041
f 2974 3041 2975
f 2975 3041 3042
f 2975 3042 2976
f 2976 3042 3043
f 2976 3043 2977
f 2977 3043 3044
f 2977 3044 2978
f 2978 3044 3045
f 2978 3045 2979
f 2979 3045 3046
f 2979 3046 2980
f 2980 3046 3047
f 2980 3047 2981
f 2982 3050 3051
f 2982 3051 2983
f 2983 3051 3052
f 2983 3052 2984
f 2984 3052 3053
f 2984 3053 2985
f 2985 3053 3054
f 2985 3054 2986
f 2986 3054 3055
f 2986 3055 2987
f 2987 3055 3056
f 2987 3056 2988
f 2990 3057 3058
f 2990 3058 2991
f 2991 3058 3059
f 2991 3059 2992
f 2992 3059 3060
f 2992 3060 2993
f 2993 3060 3061
f 2993 3061 2994
f 2994 3061 3062
f 2994 3062 2995
f 2995 3062 3063
f 2995 3063 2996
f 2996 3063 3064
f 2996 3064 2997
f 2997 3064 3065
f 2997 3065 2998
f 2998 3065 3066
f 2998 3066 2999
f 2999 3066 3067
f 2999 3067 3000
f 3000 3067 3068
f 3000 3068 3001
f 3001 3068 3069
f 3001 3069 3002
f 3002 3069 3070
f 3002 3070 3003
f 3003 3070 3071
f 3003 3071 3004
f 3004 3071 3072
f 3004 3072 3005
f 3005 3072 3073
f 3005 3073 3006
f 3006 3073 3074
f 3006 3074 3007
f 3007 3074 3075
f 3007 3075 3008
f 3008 3075 3076
f 3008 3076 3009
f 3009 3076 3077
f 3009 3077 3010
f 3010 3077 3078
f 3010 3078 3011
f 3011 3078 3079
f 3011 3079 3012
f 3012 3079 3080
f 3012 3080 3013
f 3013 3080 3081
f 3013 3081 3014
f 3014 3081 3082
f 3014 3082 3015
f 3015 3082 3083
f 3015 3083 3016
f 3016 3083 3084
f 3016 3084 3017
f 3017 3084 3085
f 3017 3085 3018
f 3018 3085 3086
f 3018 3086 3019
f 3019 3086 3087
f 3019 3087 3020
f 3020 3087 3088
f 3020 3088 3021
f 3021 3088 3089
f 3021 3089 3022
f 3022 3089 3090
f 3022 3090 3023
f 3023 3090 3091
f 3023 3091 3024
f 3024 3091 3092
f 3024 3092 3025
f 3025 3092 3093
f 3025 3093 3026
f 3026 3093 3094
f 3026 3094 3027
f 3027 3094 3095
f 3027 3095 3028
f 3028 3095 3096
f 3028 3096 3029
f 3029 3096 3097
f 3029 3097 3030
f 3030 3097 3098
f 3030 3098 3031
f 3031 3098 3099
f 3031 3099 3032
f 3032 3099 3100
f 3032 3100 3033
f 3033 3100 3101
f 3033 3101 3034
f 3034 3101 3102
f 3034 3102 3035
f 3035 3102 3103
f 3035 3103 3036
f 3036 3103 3104
f 3036 3104 3037
f 3037 3104 3105
f 3037 3105 3038
f 3038 3105 3106
f 3038 3106 3039
f 3039 3106 3107
f 3039 3107 3040
f 3040 3107 3108
f 3040 3108 3041
f 3041 3108 3109
f 3041 3109 3042
f 3042 3109 3110
f 3042 3110 3043
f 3043 3110 3111
f 3043 3111 3044
f 3044 3111 3112
f 3044 3112 3045
f 3045 3112 3113
f 3045 3113 3046
f 3046 3113 3114
f 3046 3114 3047
f 3047 3114 3115
f 3047 3115 3048
f 3048 3115 3116
f 3048 3116 3049
f 3050 3117 3118
f 3050 3118 3051
f 3051 3118 3119
f 3051 3119 3052
f 3052 3119 3120
f 3052 3120 3053
f 3053 3120 3121
f 3053 3121 3054
f 3054 3121 3122
f 3054 3122 3055
f 3055 3122 3123
f 3055 3123 3056
f 3057 3124 3125
f 3057 3125 3058
f 3058 3125 3126
f 3058 3126 3059
f 3059 3126 3127
f 3059 3127 3060
f 3060 3127 3128
f 3060 3128 3061
f 3061 3128 3129
f 3061 3129 3062
f 3062 3129 3130
f 3062 3130 3063
f 3063 3130 3131
f 3063 3131 3064
f 3064 3131 3132
f 3064 3132 3065
f 3065 3132 3133
f 3065 3133 3066
f 3066 3133 3134
f 3066 3134 3067
f 3067 3134 3135
f 3067 3135 3068
f 3068 3135 3136
f 3068 3136 3069
f 3069 3136 3137
f 3069 3137 3070
f 3070 3137 3138
f 3070 3138 3071
f 3071 3138 3139
f 3071 3139 3072
f 3072 3139 3140
f 3072 3140 3073
f 3073 3140 3141
f 3073 3141 3074
f 3074 3141 3142
f 3074 3142 3075
f 3075 3142 3143
f 3075 3143 3076
f 3076 3143 3144
f 3076 3144 3077
f 3077 3144 3145
f 3077 3145 3078
f 3078 3145 3146
f 3078 3146 3079
f 3079 3146 3147
f 3079 3147 3080
f 3080 3147 3148
f 3080 3148 3081
f 3081 3148 3149
f 3081 3149 3082
f 3082 3149 3150
f 3082 3150 3083
f 3083 3150 3151
f 3083 3151 3084
f 3084 3151 3152
f 3084 3152 3085
f 3085 3152 3153
f 3085 3153 3086
f 3086 3153 3154
f 3086 3154 3087
f 3087 3154 3155
f 3087 3155 3088
f 3088 3155 3156
f 3088 3156 3089
f 3089 3156 3157
f 3089 3157 3090
f 3090 3157 3158
f 3090 3158 3091
f 3091 3158 3159
f 3091 3159 3092
f 3092 3159 3160
f 3092 3160 3093
f 3093 3160 3161
f 3093 3161 3094
f 3094 3161 3162
f 3094 3162 3095
f 3095 3162 3163
f 3095 3163 3096
f 3096 3163 3164
f 3096 3164 3097
f 3097 3164 3165
f 3097 3165 3098
f 3098 3165 3166
f 3098 3166 3099
f 3099 3166 3167
f 3099 3167 3100
f 3100 3167 3168
f 3100 3168 3101
f 3101 3168 3169
f 3101 3169 3102
f 3102 3169 3170
f 3102 3170 3103
f 3103 3170 3171
f 3103 3171 3104
f 3104 3171 3172
f 3104 3172 3105
f 3105 3172 3173
f 3105 3173 3106
f 3106 3173 3174
f 3106 3174 3107
f 3107 3174 3175
f 3107 3175 3108
f 3108 3175 3176
f 3108 3176 3109
f 3109 3176 3177
f 3109 3177 3110
f 3110 3177 3178
f 3110 3178 3111
f 3111 3178 3179
f 3111 3179 3112
f 3112 3179 3180
f 3112 3180 3113
f 3113 3180 3181
f 3113 3181 3114
f 3114 3181 3182
f 3114 3182 3115
f 3115 3182 3183
f 3115 3183 3116
f 3117 3186 3187
f 3117 3187 3118
f 3118 3187 3188
f 3118 3188 3119
f 3119 3188 3189
f 3119 3189 3120
f 3120 3189 3190
f 3120 3190 3121
f 3121 3190 3191
f 3121 3191 3122
f 3124 3192 3193
f 3124 3193 3125
f 3125 3193 3194
f 3125 3194 3126
f 3126 3194 3195
f 3126 3195 3127
f 3127 3195 3196
f 3127 3196 3128
f 3128 3196 3197
f 3128 3197 3129
f 3129 3197 3198
f 3129 3198 3130
f 3130 3198 3199
f 3130 3199 3131
f 3131 3199 3200
f 3131 3200 3132
f 3132 3200 3201
f 3132 3201 3133
f 3133 3201 3202
f 3133 3202 3134
f 3134 3202 3203
f 3134 3203 3135
f 3135 3203 3204
f 3135 3204 3136
f 3136 3204 3205
f 3136 3205 3137
f 3137 3205 3206
f 3137 3206 3138
f 3138 3206 3207
f 3138 3207 3139
f 3139 3207 3208
f 3139 3208 3140
f 3140 3208 3209
f 3140 3209 3141
f 3141 3209 3210
f 3141 3210 3142
f 3142 3210 3211
f 3142 3211 3143
f 3143 3211 3212
f 3143 3212 3144
f 3144 3212 3213
f 3144 3213 3145
f 3145 3213 3214
f 3145 3214 3146
f 3146 3214 3215
f 3146 3215 3147
f 3147 3215 3216
f 3147 3216 3148
f 3148 3216 3217
f 3148 3217 3149
f 3149 3217 3218
f 3149 3218 3150
f 3150 3218 3219
f 3150 3219 3151
f 3151 3219 3220
f 3151 3220 3152
f 3152 3220 3221
f 3152 3221 3153
f 3153 3221 3222
f 3153 3222 3154
f 3154 3222 3223
f 3154 3223 3155
f 3155 3223 3224
f 3155 3224 3156
f 3156 3224 3225
f 3156 3225 3157
f 3157 3225 3226
f 3157 3226 3158
f 3158 3226 3227
f 3158 3227 3159
f 3159 3227 3228
f 3159 3228 3160
f 3160 3228 3229
f 3160 3229 3161
f 3161 3229 3230
f 3161 3230 3162
f 3162 3230 3231
f 3162 3231 3163
f 3163 3231 3232
f 3163 3232 3164
f 3164 3232 3233
f 3164 3233 3165
f 3165 3233 3234
f 3165 3234 3166
f 3166 3234 3235
f 3166 3235 3167
f 3167 3235 3236
f 3167 3236 3168
f 3168 3236 3237
f 3168 3237 3169
f 3169 3237 3238
f 3169 3238 3170
f 3170 3238 3239
f 3170 3239 3171
f 3171 3239 3240
f 3171 3240 3172
f 3172 3240 3241
f 3172 3241 3173
f 3173 3241 3242
f 3173 3242 3174
f 3174 3242 3243
f 3174 3243 3175
f 3175 3243 3244
f 3175 3244 3176
f 3176 3244 3245
f 3176 3245 3177
f 3177 3245 3246
f 3177 3246 3178
f 3178 3246 3247
f 3178 3247 3179
f 3179 3247 3248
f 3179 3248 3180
f 3180 3248 3249
f 3180 3249 3181
f 3181 3249 3250
f 3181 3250 3182
f 3182 3250 3251
f 3182 3251 3183
f 3183 3251 3252
f 3183 3252 3184
f 3185 3254 3255
f 3185 3255 3186
f 3186 3255 3256
f 3186 3256 3187
f 3187 3256 3257
f 3187 3257 3188
f 3188 3257 3258
f 3188 3258 3189
f 3189 3258 3259
f 3189 3259 3190
f 3190 3259 3260
f 3190 3260 3191
f 3192 3261 3262
f 3192 3262 3193
f 3193 3262 3263
f 3193 3263 3194
f 3194 3263 3264
f 3194 3264 3195
f 3195 3264 3265
f 3195 3265 3196
f 3196 3265 3266
f 3196 3266 3197
f 3197 3266 3267
f 3197 3267 3198
f 3198 3267 3268
f 3198 3268 3199
f 3199 3268 3269
f 3199 3269 3200
f 3200 3269 3270
f 3200 3270 3201
f 3201 3270 3271
f 3201 3271 3202
f 3202 3271 3272
f 3202 3272 3203
f 3203 3272 3273
f 3203 3273 3204
f 3204 3273 3274
f 3204 3274 3205
f 3205 3274 3275
f 3205 3275 3206
f 3206 3275 3276
f 3206 3276 3207
f 3207 3276 3277
f 3207 3277 3208
f 3208 3277 3278
f 3208 3278 3209
f 3209 3278 3279
f 3209 3279 3210
f 3210 3279 3280
f 3210 3280 3211
f 3211 3280 3281
f 3211 3281 3212
f 3212 3281 3282
f 3212 3282 3213
f 3213 3282 3283
f 3213 3283 3214
f 3214 3283 3284
f 3214 3284 3215
f 3215 3284 3285
f 3215 3285 3216
f 3216 3285 3286
f 3216 3286 3217
f 3217 3286 3287
f 3217 3287 3218
f 3218 3287 3288
f 3218 3288 3219
f 3219 3288 3289
f 3219 3289 3220
f 3220 3289 3290
f 3220 3290 3221
f 3221 3290 3291
f 3221 3291 3222
f 3222 3291 3292
f 3222 3292 3223
f 3223 3292 3293
f 3223 3293 3224
f 3224 3293 3294
f 3224 3294 3225
f 3225 3294 3295
f 3225 3295 3226
f 3226 3295 3296
f 3226 3296 3227
f 3227 3296 3297
f 3227 3297 3228
f 3228 3297 3298
f 3228 3298 3229
f 3229 3298 3299
f 3229 3299 3230
f 3230 3299 3300
f 3230 3300 3231
f 3231 3300 3301
f 3231 3301 3232
f 3232 3301 3302
f 3232 3302 3233
f 3233 3302 3303
f 3233 3303 3234
f 3234 3303 3304
f 3234 3304 3235
f 3235 3304 3305
f 3235 3305 3236
f 3236 3305 3306
f 3236 3306 3237
f 3237 3306 3307
f 3237 3307 3238
f 3238 3307 3308
f 3238 3308 3239
f 3239 3308 3309
f 3239 3309 3240
f 3240 3309 3310
f 3240 3310 3241
f 3241 3310 3311
f 3241 3311 3242
f 3242 3311 3312
f 3242 3312 3243
f 3243 3312 3313
f 3243 3313 3244
f 3244 3313 3314
f 3244 3314 3245
f 3245 3314 3315
f 3245 3315 3246
f 3246 3315 3316
f 3246 3316 3247
f 3247 3316 3317
f 3247 3317 3248
f 3248 3317 3318
f 3248 3318 3249
f 3249 3318 3319
f 3249 3319 3250
f 3250 3319 3320
f 3250 3320 3251
f 3251 3320 3321
f 3251 3321 3252
f 3252 3321 3322
f 3252 3322 3253
f 3254 3323 3324
f 3254 3324 3255
f 3255 3324 3325
f 3255 3325 3256
f 3256 3325 3326
f 3256 3326 3257
f 3257 3326 3327
f 3257 3327 3258
f 3258 3327 3328
f 3258 3328 3259
f 3261 3329 3330
f 3261 3330 3262
f 3262 3330 3331
f 3262 3331 3263
f 3263 3331 3332
f 3263 3332 3264
f 3264 3332 3333
f 3264 3333 3265
f 3265 3333 3334
f 3265 3334 3266
f 3266 3334 3335
f 3266 3335 3267
f 3267 3335 3336
f 3267 3336 3268
f 3268 3336 3337
f 3268 3337 3269
f 3269 3337 3338
f 3269 3338 3270
f 3270 3338 3339
f 3270 3339 3271
f 3271 3339 3340
f 3271 3340 3272
f 3272 3340 3341
f 3272 3341 3273
f 3273 3341 3342
f 3273 3342 3274
f 3274 3342 3343
f 3274 3343 3275
f 3275 3343 3344
f 3275 3344 3276
f 3276 3344 3345
f 3276 3345 3277
f 3277 3345 3346
f 3277 3346 3278
f 3278 3346 3347
f 3278 3347 3279
f 3279 3347 3348
f 3279 3348 3280
f 3280 3348 3349
f 3280 3349 3281
f 3281 3349 3350
f 3281 3350 3282
f 3282 3350 3351
f 3282 3351 3283
f 3283 3351 3352
f 3283 3352 3284
f 3284 3352 3353
f 3284 3353 3285
f 3285 3353 3354
f 3285 3354 3286
f 3286 3354 3355
f 3286 3355 3287
f 3287 3355 3356
f 3287 3356 3288
f 3288 3356 3357
f 3288 3357 3289
f 3289 3357 3358
f 3289 3358 3290
f 3290 3358 3359
f 3290 3359 3291
f 3291 3359 3360
f 3291 3360 3292
f 3292 3360 3361
f 3292 3361 3293
f 3293 3361 3362
f 3293 3362 3294
f 3294 3362 3363
f 3294 3363 3295
f 3295 3363 3364
f 3295 3364 3296
f 3296 3364 3365
f 3296 3365 3297
f 3297 3365 3366
f 3297 3366 3298
f 3298 3366 3367
f 3298 3367 3299
f 3299 3367 3368
f 3299 3368 3300
f 3300 3368 3369
f 3300 3369 3301
f 3301 3369 3370
f 3301 3370 3302
f 3302 3370 3371
f 3302 3371 3303
f 3303 3371 3372
f 3303 3372 3304
f 3304 3372 3373
f 3304 3373 3305
f 3305 3373 3374
f 3305 3374 3306
f 3306 3374 3375
f 3306 3375 3307
f 3307 3375 3376
f 3307 3376 3308
f 3308 3376 3377
f 3308 3377 3309
f 3309 3377 3378
f 3309 3378 3310
f 3310 3378 3379
f 3310 3379 3311
f 3311 3379 3380
f 3311 3380 3312
f 3312 3380 3381
f 3312 3381 3313
f 3313 3381 3382
f 3313 3382 3314
f 3314 3382 3383
f 3314 3383 3315
f 3315 3383 3384
f 3315 3384 3316
f 3316 3384 3385
f 3316 3385 3317
f 3317 3385 3386
f 3317 3386 3318
f 3318 3386 3387
f 3318 3387 3319
f 3319 3387 3388
f 3319 3388 3320
f 3320 3388 3389
f 3320 3389 3321
f 3321 3389 3390
f 3321 3390 3322
f 3323 3392 3393
f 3323 3393 3324
f 3324 3393 3394
f 3324 3394 3325
f 3325 3394 3395
f 3325 3395 3326
f 3326 3395 3396
f 3326 3396 3327
f 3327 3396 3397
f 3327 3397 3328
f 3330 3398 3399
f 3330 3399 3331
f 3331 3399 3400
f 3331 3400 3332
f 3332 3400 3401
f 3332 3401 3333
f 3333 3401 3402
f 3333 3402 3334
f 3334 3402 3403
f 3334 3403 3335
f 3335 3403 3404
f 3335 3404 3336
f 3336 3404 3405
f 3336 3405 3337
f 3337 3405 3406
f 3337 3406 3338
f 3338 3406 3407
f 3338 3407 3339
f 3339 3407 3408
f 3339 3408 3340
f 3340 3408 3409
f 3340 3409 3341
f 3341 3409 3410
f 3341 3410 3342
f 3342 3410 3411
f 3342 3411 3343
f 3343 3411 3412
f 3343 3412 3344
f 3344 3412 3413
f 3344 3413 3345
f 3345 3413 3414
f 3345 3414 3346
f 3346 3414 3415
f 3346 3415 3347
f 3347 3415 3416
f 3347 3416 3348
f 3348 3416 3417
f 3348 3417 3349
f 3349 3417 3418
f 3349 3418 3350
f 3350 3418 3419
f 3350 3419 3351
f 3351 3419 3420
f 3351 3420 3352
f 3352 3420 3421
f 3352 3421 3353
f 3353 3421 3422
f 3353 3422 3354
f 3354 3422 3423
f 3354 3423 3355
f 3355 3423 3424
f 3355 3424 3356
f 3356 3424 3425
f 3356 3425 3357
f 3357 3425 3426
f 3357 3426 3358
f 3358 3426 3427
f 3358 3427 3359
f 3359 3427 3428
f 3359 3428 3360
f 3360 3428 3429
f 3360 3429 3361
f 3361 3429 3430
f 3361 3430 3362
f 3362 3430 3431
f 3362 3431 3363
f 3363 3431 3432
f 3363 3432 3364
f 3364 3432 3433
f 3364 3433 3365
f 3365 3433 3434
f 3365 3434 3366
f 3366 3434 3435
f 3366 3435 3367
f 3367 3435 3436
f 3367 3436 3368
f 3368 3436 3437
f 3368 3437 3369
f 3369 3437 3438
f 3369 3438 3370
f 3370 3438 3439
f 3370 3439 3371
f 3371 3439 3440
f 3371 3440 3372
f 3372 3440 3441
f 3372 3441 3373
f 3373 3441 3442
f 3373 3442 3374
f 3374 3442 3443
f 3374 3443 3375
f 3375 3443 3444
f 3375 3444 3376
f 3376 3444 3445
f 3376 3445 3377
f 3377 3445 3446
f 3377 3446 3378
f 3378 3446 3447
f 3378 3447 3379
f 3379 3447 3448
f 3379 3448 3380
f 3380 3448 3449
f 3380 3449 3381
f 3381 3449 3450
f 3381 3450 3382
f 3382 3450 3451
f 3382 3451 3383
f 3383 3451 3452
f 3383 3452 3384
f 3384 3452 3453
f 3384 3453 3385
f 3385 3453 3454
f 3385 3454 3386
f 3386 3454 3455
f 3386 3455 3387
f 3387 3455 3456
f 3387 3456 3388
f 3388 3456 3457
f 3388 3457 3389
f 3389 3457 3458
f 3389 3458 3390
f 3391 3460 3461
f 3391 3461 3392
f 3392 3461 3462
f 3392 3462 3393
f 3393 3462 3463
f 3393 3463 3394
f 3394 3463 3464
f 3394 3464 3395
f 3395 3464 3465
f 3395 3465 3396
f 3396 3465 3466
f 3396 3466 3397
f 3399 3467 3468
f 3399 3468 3400
f 3400 3468 3469
f 3400 3469 3401
f 3401 3469 3470
f 3401 3470 3402
f 3402 3470 3471
f 3402 3471 3403
f 3403 3471 3472
f 3403 3472 3404
f 3404 3472 3473
f 3404 3473 3405
f 3405 3473 3474
f 3405 3474 3406
f 3406 3474 3475
f 3406 3475 3407
f 3407 3475 3476
f 3407 3476 3408
f 3408 3476 3477
f 3408 3477 3409
f 3409 3477 3478
f 3409 3478 3410
f 3410 3478 3479
f 3410 3479 3411
f 3411 3479 3480
f 3411 3480 3412
f 3412 3480 3481
f 3412 3481 3413
f 3413 3481 3482
f 3413 3482 3414
f 3414 3482 3483
f 3414 3483 3415
f 3415 3483 3484
f 3415 3484 3416
f 3416 3484 3485
f 3416 3485 3417
f 3417 3485 3486
f 3417 3486 3418
f 3418 3486 3487
f 3418 3487 3419
f 3419 3487 3488
f 3419 3488 3420
f 3420 3488 3489
f 3420 3489 3421
f 3421 3489 3490
f 3421 3490 3422
f 3422 3490 3491
f 3422 3491 3423
f 3423 3491 3492
f 3423 3492 3424
f 3424 3492 3493
f 3424 3493 3425
f 3425 3493 3494
f 3425 3494 3426
f 3426 3494 3495
f 3426 3495 3427
f 3427 3495 3496
f 3427 3496 3428
f 3428 3496 3497
f 3428 3497 3429
f 3429 3497 3498
f 3429 3498 3430
f 3430 3498 3499
f 3430 3499 3431
f 3431 3499 3500
f 3431 3500 3432
f 3432 3500 3501
f 3432 3501 3433
f 3433 3501 3502
f 3433 3502 3434
f 3434 3502 3503
f 3434 3503 3435
f 3435 3503 3504
f 3435 3504 3436
f 3436 3504 3505
f 3436 3505 3437
f 3437 3505 3506
f 3437 3506 3438
f 3438 3506 3507
f 3438 3507 3439
f 3439 3507 3508
f 3439 3508 3440
f 3440 3508 3509
f 3440 3509 3441
f 3441 3509 3510
f 3441 3510 3442
f 3442 3510 3511
f 3442 3511 3443
f 3443 3511 3512
f 3443 3512 3444
f 3444 3512 3513
f 3444 3513 3445
f 3445 3513 3514
f 3445 3514 3446
f 3446 3514 3515
f 3446 3515 3447
f 3447 3515 3516
f 3447 3516 3448
f 3448 3516 3517
f 3448 3517 3449
f 3449 3517 3518
f 3449 3518 3450
f 3450 3518 3519
f 3450 3519 3451
f 3451 3519 3520
f 3451 3520 3452
f 3452 3520 3521
f 3452 3521 3453
f 3453 3521 3522
f 3453 3522 3454
f 3454 3522 3523
f 3454 3523 3455
f 3455 3523 3524
f 3455 3524 3456
f 3456 3524 3525
f 3456 3525 3457
f 3457 3525 3526
f 3457 3526 3458
f 3458 3526 3527
f 3458 3527 3459
f 3460 3528 3529
f 3460 3529 3461
f 3461 3529 3530
f 3461 3530 3462
f 3462 3530 3531
f 3462 3531 3463
f 3463 3531 3532
f 3463 3532 3464
f 3464 3532 3533
f 3464 3533 3465
f 3465 3533 3534
f 3465 3534 3466
f 3467 3535 3536
f 3467 3536 3468
f 3468 3536 3537
f 3468 3537 3469
f 3469 3537 3538
f 3469 3538 3470
f 3470 3538 3539
f 3470 3539 3471
f 3471 3539 3540
f 3471 3540 3472
f 3472 3540 3541
f 3472 3541 3473
f 3473 3541 3542
f 3473 3542 3474
f 3474 3542 3543
f 3474 3543 3475
f 3475 3543 3544
f 3475 3544 3476
f 3476 3544 3545
f 3476 3545 3477
f 3477 3545 3546
f 3477 3546 3478
f 3478 3546 3547
f 3478 3547 3479
f 3479 3547 3548
f 3479 3548 3480
f 3480 3548 3549
f 3480 3549 3481
f 3481 3549 3550
f 3481 3550 3482
f 3482 3550 3551
f 3482 3551 3483
f 3483 3551 3552
f 3483 3552 3484
f 3484 3552 3553
f 3484 3553 3485
f 3485 3553 3554
f 3485 3554 3486
f 3486 3554 3555
f 3486 3555 3487
f 3487 3555 3556
f 3487 3556 3488
f 3488 3556 3557
f 3488 3557 3489
f 3489 3557 3558
f 3489 3558 3490
f 3490 3558 3559
f 3490 3559 3491
f 3491 3559 3560
f 3491 3560 3492
f 3492 3560 3561
f 3492 3561 3493
f 3493 3561 3562
f 3493 3562 3494
f 3494 3562 3563
f 3494 3563 3495
f 3495 3563 3564
f 3495 3564 3496
f 3496 3564 3565
f 3496 3565 3497
f 3497 3565 3566
f 3497 3566 3498
f 3498 3566 3567
f 3498 3567 3499
f 3499 3567 3568
f 3499 3568 3500
f 3500 3568 3569
f 3500 3569 3501
f 3501 3569 3570
f 3501 3570 3502
f 3502 3570 3571
f 3502 3571 3503
f 3503 3571 3572
f 3503 3572 3504
f 3504 3572 3573
f 3504 3573 3505
f 3505 3573 3574
f 3505 3574 3506
f 3506 3574 3575
f 3506 3575 3507
f 3507 3575 3576
f 3507 3576 3508
f 3508 3576 3577
f 3508 3577 3509
f 3509 3577 3578
f 3509 3578 3510
f 3510 3578 3579
f 3510 3579 3511
f 3511 3579 3580
f 3511 3580 3512
f 3512 3580 3581
f 3512 3581 3513
f 3513 3581 3582
f 3513 3582 3514
f 3514 3582 3583
f 3514 3583 3515
f 3515 3583 3584
f 3515 3584 3516
f 3516 3584 3585
f 3516 3585 3517
f 3517 3585 3586
f 3517 3586 3518
f 3518 3586 3587
f 3518 3587 3519
f 3519 3587 3588
f 3519 3588 3520
f 3520 3588 3589
f 3520 3589 3521
f 3521 3589 3590
f 3521 3590 3522
f 3522 3590 3591
f 3522 3591 3523
f 3523 3591 3592
f 3523 3592 3524
f 3524 3592 3593
f 3524 3593 3525
f 3525 3593 3594
f 3525 3594 3526
f 3526 3594 3595
f 3526 3595 3527
f 3528 3596 3597
f 3528 3597 3529
f 3529 3597 3598
f 3529 3598 3530
f 3530 3598 3599
f 3530 3599 3531
f 3531 3599 3600
f 3531 3600 3532
f 3532 3600 3601
f 3532 3601 3533
f 3533 3601 3602
f 3533 3602 3534
f 3535 3603 3604
f 3535 3604 3536
f 3536 3604 3605
f 3536 3605 3537
f 3537 3605 3606
f 3537 3606 3538
f 3538 3606 3607
f 3538 3607 3539
f 3539 3607 3608
f 3539 3608 3540
f 3540 3608 3609
f 3540 3609 3541
f 3541 3609 3610
f 3541 3610 3542
f 3542 3610 3611
f 3542 3611 3543
f 3543 3611 3612
f 3543 3612 3544
f 3544 3612 3613
f 3544 3613 3545
f 3545 3613 3614
f 3545 3614 3546
f 3546 3614 3615
f 3546 3615 3547
f 3547 3615 3616
f 3547 3616 3548
f 3548 3616 3617
f 3548 3617 3549
f 3549 3617 3618
f 3549 3618 3550
f 3550 3618 3619
f 3550 3619 3551
f 3551 3619 3620
f 3551 3620 3552
f 3552 3620 3621
f 3552 3621 3553
f 3553 3621 3622
f 3553 3622 3554
f 3554 3622 3623
f 3554 3623 3555
f 3555 3623 3624
f 3555 3624 3556
f 3556 3624 3625
f 3556 3625 3557
f 3557 3625 3626
f 3557 3626 3558
f 3558 3626 3627
f 3558 3627 3559
f 3559 3627 3628
f 3559 3628 3560
f 3560 3628 3629
f 3560 3629 3561
f 3561 3629 3630
f 3561 3630 3562
f 3562 3630 3631
f 3562 3631 3563
f 3563 3631 3632
f 3563 3632 3564
f 3564 3632 3633
f 3564 3633 3565
f 3565 3633 3634
f 3565 3634 3566
f 3566 3634 3635
f 3566 3635 3567
f 3567 3635 3636
f 3567 3636 3568
f 3568 3636 3637
f 3568 3637 3569
f 3569 3637 3638
f 3569 3638 3570
f 3570 3638 3639
f 3570 3639 3571
f 3571 3639 3640
f 3571 3640 3572
f 3572 3640 3641
f 3572 3641 3573
f 3573 3641 3642
f 3573 3642 3574
f 3574 3642 3643
f 3574 3643 3575
f 3575 3643 3644
f 3575 3644 3576
f 3576 3644 3645
f 3576 3645 3577
f 3577 3645 3646
f 3577 3646 3578
f 3578 3646 3647
f 3578 3647 3579
f 3579 3647 3648
f 3579 3648 3580
f 3580 3648 3649
f 3580 3649 3581
f 3581 3649 3650
f 3581 3650 3582
f 3582 3650 3651
f 3582 3651 3583
f 3583 3651 3652
f 3583 3652 3584
f 3584 3652 3653
f 3584 3653 3585
f 3585 3653 3654
f 3585 3654 3586
f 3586 3654 3655
f 3586 3655 3587
f 3587 3655 3656
f 3587 3656 3588
f 3588 3656 3657
f 3588 3657 3589
f 3589 3657 3658
f 3589 3658 3590
f 3590 3658 3659
f 3590 3659 3591
f 3591 3659 3660
f 3591 3660 3592
f 3592 3660 3661
f 3592 3661 3593
f 3593 3661 3662
f 3593 3662 3594
f 3594 3662 3663
f 3594 3663 3595
f 3596 3665 3666
f 3596 3666 3597
f 3597 3666 3667
f 3597 3667 3598
f 3598 3667 3668
f 3598 3668 3599
f 3599 3668 3669
f 3599 3669 3600
f 3600 3669 3670
f 3600 3670 3601
f 3601 3670 3671
f 3601 3671 3602
f 3603 3672 3673
f 3603 3673 3604
f 3604 3673 3674
f 3604 3674 3605
f 3605 3674 3675
f 3605 3675 3606
f 3606 3675 3676
f 3606 3676 3607
f 3607 3676 3677
f 3607 3677 3608
f 3608 3677 3678
f 3608 3678 3609
f 3609 3678 3679
f 3609 3679 3610
f 3610 3679 3680
f 3610 3680 3611
f 3611 3680 3681
f 3611 3681 3612
f 3612 3681 3682
f 3612 3682 3613
f 3613 3682 3683
f 3613 3683 3614
f 3614 3683 3684
f 3614 3684 3615
f 3615 3684 3685
f 3615 3685 3616
f 3616 3685 3686
f 3616 3686 3617
f 3617 3686 3687
f 3617 3687 3618
f 3618 3687 3688
f 3618 3688 3619
f 3619 3688 3689
f 3619 3689 3620
f 3620 3689 3690
f 3620 3690 3621
f 3621 3690 3691
f 3621 3691 3622
f 3622 3691 3692
f 3622 3692 3623
f 3623 3692 3693
f 3623 3693 3624
f 3624 3693 3694
f 3624 3694 3625
f 3625 3694 3695
f 3625 3695 3626
f 3626 3695 3696
f 3626 3696 3627
f 3627 3696 3697
f 3627 3697 3628
f 3628 3697 3698
f 3628 3698 3629
f 3629 3698 3699
f 3629 3699 3630
f 3630 3699 3700
f 3630 3700 3631
f 3631 3700 3701
f 3631 3701 3632
f 3632 3701 3702
f 3632 3702 3633
f 3633 3702 3703
f 3633 3703 3634
f 3634 3703 3704
f 3634 3704 3635
f 3635 3704 3705
f 3635 3705 3636
f 3636 3705 3706
f 3636 3706 3637
f 3637 3706 3707
f 3637 3707 3638
f 3638 3707 3708
f 3638 3708 3639
f 3639 3708 3709
f 3639 3709 3640
f 3640 3709 3710
f 3640 3710 3641
f 3641 3710 3711
f 3641 3711 3642
f 3642 3711 3712
f 3642 3712 3643
f 3643 3712 3713
f 3643 3713 3644
f 3644 3713 3714
f 3644 3714 3645
f 3645 3714 3715
f 3645 3715 3646
f 3646 3715 3716
f 3646 3716 3647
f 3647 3716 3717
f 3647 3717 3648
f 3648 3717 3718
f 3648 3718 3649
f 3649 3718 3719
f 3649 3719 3650
f 3650 3719 3720
f 3650 3720 3651
f 3651 3720 3721
f 3651 3721 3652
f 3652 3721 3722
f 3652 3722 3653
f 3653 3722 3723
f 3653 3723 3654
f 3654 3723 3724
f 3654 3724 3655
f 3655 3724 3725
f 3655 3725 3656
f 3656 3725 3726
f 3656 3726 3657
f 3657 3726 3727
f 3657 3727 3658
f 3658 3727 3728
f 3658 3728 3659
f 3659 3728 3729
f 3659 3729 3660
f 3660 3729 3730
f 3660 3730 3661
f 3661 3730 3731
f 3661 3731 3662
f 3662 3731 3732
f 3662 3732 3663
f 3663 3732 3733
f 3663 3733 3664
f 3665 3734 3735
f 3665 3735 3666
f 3666 3735 3736
f 3666 3736 3667
f 3667 3736 3737
f 3667 3737 3668
f 3668 3737 3738
f 3668 3738 3669
f 3669 3738 3739
f 3669 3739 3670
f 3670 3739 3740
f 3670 3740 3671
f 3672 3741 3742
f 3672 3742 3673
f 3673 3742 3743
f 3673 3743 3674
f 3674 3743 3744
f 3674 3744 3675
f 3675 3744 3745
f 3675 3745 3676
f 3676 3745 3746
f 3676 3746 3677
f 3677 3746 3747
f 3677 3747 3678
f 3678 3747 3748
f 3678 3748 3679
f 3679 3748 3749
f 3679 3749 3680
f 3680 3749 3750
f 3680 3750 3681
f 3681 3750 3751
f 3681 3751 3682
f 3682 3751 3752
f 3682 3752 3683
f 3683 3752 3753
f 3683 3753 3684
f 3684 3753 3754
f 3684 3754 3685
f 3685 3754 3755
f 3685 3755 3686
f 3686 3755 3756
f 3686 3756 3687
f 3687 3756 3757
f 3687 3757 3688
f 3688 3757 3758
f 3688 3758 3689
f 3689 3758 3759
f 3689 3759 3690
f 3690 3759 3760
f 3690 3760 3691
f 3691 3760 3761
f 3691 3761 3692
f 3692 3761 3762
f 3692 3762 3693
f 3693 3762 3763
f 3693 3763 3694
f 3694 3763 3764
f 3694 3764 3695
f 3695 3764 3765
f 3695 3765 3696
f 3696 3765 3766
f 3696 3766 3697
f 3697 3766 3767
f 3697 3767 3698
f 3698 3767 3768
f 3698 3768 3699
f 3699 3768 3769
f 3699 3769 3700
f 3700 3769 3770
f 3700 3770 3701
f 3701 3770 3771
f 3701 3771 3702
f 3702 3771 3772
f 3702 3772 3703
f 3703 3772 3773
f 3703 3773 3704
f 3704 3773 3774
f 3704 3774 3705
f 3705 3774 3775
f 3705 3775 3706
f 3706 3775 3776
f 3706 3776 3707
f 3707 3776 3777
f 3707 3777 3708
f 3708 3777 3778
f 3708 3778 3709
f 3709 3778 3779
f 3709 3779 3710
f 3710 3779 3780
f 3710 3780 3711
f 3711 3780 3781
f 3711 3781 3712
f 3712 3781 3782
f 3712 3782 3713
f 3713 3782 3783
f 3713 3783 3714
f 3714 3783 3784
f 3714 3784 3715
f 3715 3784 3785
f 3715 3785 3716
f 3716 3785 3786
f 3716 3786 3717
f 3717 3786 3787
f 3717 3787 3718
f 3718 3787 3788
f 3718 3788 3719
f 3719 3788 3789
f 3719 3789 3720
f 3720 3789 3790
f 3720 3790 3721
f 3721 3790 3791
f 3721 3791 3722
f 3722 3791 3792
f 3722 3792 3723
f 3723 3792 3793
f 3723 3793 3724
f 3724 3793 3794
f 3724 3794 3725
f 3725 3794 3795
f 3725 3795 3726
f 3726 3795 3796
f 3726 3796 3727
f 3727 3796 3797
f 3727 3797 3728
f 3728 3797 3798
f 3728 3798 3729
f 3729 3798 3799
f 3729 3799 3730
f 3730 3799 3800
f 3730 3800 3731
f 3731 3800 3801
f 3731 3801 3732
f 3732 3801 3802
f 3732 3802 3733
f 3735 3803 3804
f 3735 3804 3736
f 3736 3804 3805
f 3736 3805 3737
f 3737 3805 3806
f 3737 3806 3738
f 3738 3806 3807
f 3738 3807 3739
f 3739 3807 3808
f 3739 3808 3740
f 3741 3810 3811
f 3741 3811 3742
f 3742 3811 3812
f 3742 3812 3743
f 3743 3812 3813
f 3743 3813 3744
f 3744 3813 3814
f 3744 3814 3745
f 3745 3814 3815
f 3745 3815 3746
f 3746 3815 3816
f 3746 3816 3747
f 3747 3816 3817
f 3747 3817 3748
f 3748 3817 3818
f 3748 3818 3749
f 3749 3818 3819
f 3749 3819 3750
f 3750 3819 3820
f 3750 3820 3751
f 3751 3820 3821
f 3751 3821 3752
f 3752 3821 3822
f 3752 3822 3753
f 3753 3822 3823
f 3753 3823 3754
f 3754 3823 3824
f 3754 3824 3755
f 3755 3824 3825
f 3755 3825 3756
f 3756 3825 3826
f 3756 3826 3757
f 3757 3826 3827
f 3757 3827 3758
f 3758 3827 3828
f 3758 3828 3759
f 3759 3828 3829
f 3759 3829 3760
f 3760 3829 3830
f 3760 3830 3761
f 3761 3830 3831
f 3761 3831 3762
f 3762 3831 3832
f 3762 3832 3763
f 3763 3832 3833
f 3763 3833 3764
f 3764 3833 3834
f 3764 3834 3765
f 3765 3834 3835
f 3765 3835 3766
f 3766 3835 3836
f 3766 3836 3767
f 3767 3836 3837
f 3767 3837 3768
f 3768 3837 3838
f 3768 3838 3769
f 3769 3838 3839
f 3769 3839 3770
f 3770 3839 3840
f 3770 3840 3771
f 3771 3840 3841
f 3771 3841 3772
f 3772 3841 3842
f 3772 3842 3773
f 3773 3842 3843
f 3773 3843 3774
f 3774 3843 3844
f 3774 3844 3775
f 3775 3844 3845
f 3775 3845 3776
f 3776 3845 3846
f 3776 3846 3777
f 3777 3846 3847
f 3777 3847 3778
f 3778 3847 3848
f 3778 3848 3779
f 3779 3848 3849
f 3779 3849 3780
f 3780 3849 3850
f 3780 3850 3781
f 3781 3850 3851
f 3781 3851 3782
f 3782 3851 3852
f 3782 3852 3783
f 3783 3852 3853
f 3783 3853 3784
f 3784 3853 3854
f 3784 3854 3785
f 3785 3854 3855
f 3785 3855 3786
f 3786 3855 3856
f 3786 3856 3787
f 3787 3856 3857
f 3787 3857 3788
f 3788 3857 3858
f 3788 3858 3789
f 3789 3858 3859
f 3789 3859 3790
f 3790 3859 3860
f 3790 3860 3791
f 3791 3860 3861
f 3791 3861 3792
f 3792 3861 3862
f 3792 3862 3793
f 3793 3862 3863
f 3793 3863 3794
f 3794 3863 3864
f 3794 3864 3795
f 3795 3864 3865
f 3795 3865 3796
f 3796 3865 3866
f 3796 3866 3797
f 3797 3866 3867
f 3797 3867 3798
f 3798 3867 3868
f 3798 3868 3799
f 3799 3868 3869
f 3799 3869 3800
f 3800 3869 3870
f 3800 3870 3801
f 3801 3870 3871
f 3801 3871 3802
f 3803 3872 3873
f 3803 3873 3804
f 3804 3873 3874
f 3804 3874 3805
f 3805 3874 3875
f 3805 3875 3806
f 3806 3875 3876
f 3806 3876 3807
f 3807 3876 3877
f 3807 3877 3808
f 3808 3877 3878
f 3808 3878 3809
f 3810 3879 3880
f 3810 3880 3811
f 3811 3880 3881
f 3811 3881 3812
f 3812 3881 3882
f 3812 3882 3813
f 3813 3882 3883
f 3813 3883 3814
f 3814 3883 3884
f 3814 3884 3815
f 3815 3884 3885
f 3815 3885 3816
f 3816 3885 3886
f 3816 3886 3817
f 3817 3886 3887
f 3817 3887 3818
f 3818 3887 3888
f 3818 3888 3819
f 3819 3888 3889
f 3819 3889 3820
f 3820 3889 3890
f 3820 3890 3821
f 3821 3890 3891
f 3821 3891 3822
f 3822 3891 3892
f 3822 3892 3823
f 3823 3892 3893
f 3823 3893 3824
f 3824 3893 3894
f 3824 3894 3825
f 3825 3894 3895
f 3825 3895 3826
f 3826 3895 3896
f 3826 3896 3827
f 3827 3896 3897
f 3827 3897 3828
f 3828 3897 3898
f 3828 3898 3829
f 3829 3898 3899
f 3829 3899 3830
f 3830 3899 3900
f 3830 3900 3831
f 3831 3900 3901
f 3831 3901 3832
f 3832 3901 3902
f 3832 3902 3833
f 3833 3902 3903
f 3833 3903 3834
f 3834 3903 3904
f 3834 3904 3835
f 3835 3904 3905
f 3835 3905 3836
f 3836 3905 3906
f 3836 3906 3837
f 3837 3906 3907
f 3837 3907 3838
f 3838 3907 3908
f 3838 3908 3839
f 3839 3908 3909
f 3839 3909 3840
f 3840 3909 3910
f 3840 3910 3841
f 3841 3910 3911
f 3841 3911 3842
f 3842 3911 3912
f 3842 3912 3843
f 3843 3912 3913
f 3843 3913 3844
f 3844 3913 3914
f 3844 3914 3845
f 3845 3914 3915
f 3845 3915 3846
f 3846 3915 3916
f 3846 3916 3847
f 3847 3916 3917
f 3847 3917 3848
f 3848 3917 3918
f 3848 3918 3849
f 3849 3918 3919
f 3849 3919 3850
f 3850 3919 3920
f 3850 3920 3851
f 3851 3920 3921
f 3851 3921 3852
f 3852 3921 3922
f 3852 3922 3853
f 3853 3922 3923
f 3853 3923 3854
f 3854 3923 3924
f 3854 3924 3855
f 3855 3924 3925
f 3855 3925 3856
f 3856 3925 3926
f 3856 3926 3857
f 3857 3926 3927
f 3857 3927 3858
f 3858 3927 3928
f 3858 3928 3859
f 3859 3928 3929
f 3859 3929 3860
f 3860 3929 3930
f 3860 3930 3861
f 3861 3930 3931
f 3861 3931 3862
f 3862 3931 3932
f 3862 3932 3863
f 3863 3932 3933
f 3863 3933 3864
f 3864 3933 3934
f 3864 3934 3865
f 3865 3934 3935
f 3865 3935 3866
f 3866 3935 3936
f 3866 3936 3867
f 3867 3936 3937
f 3867 3937 3868
f 3868 3937 3938
f 3868 3938 3869
f 3869 3938 3939
f 3869 3939 3870
f 3870 3939 3940
f 3870 3940 3871
f 3872 3941 3942
f 3872 3942 3873
f 3873 3942 3943
f 3873 3943 3874
f 3874 3943 3944
f 3874 3944 3875
f 3875 3944 3945
f 3875 3945 3876
f 3876 3945 3946
f 3876 3946 3877
f 3877 3946 3947
f 3877 3947 3878
f 3879 3949 3950
f 3879 3950 3880
f 3880 3950 3951
f 3880 3951 3881
f 3881 3951 3952
f 3881 3952 3882
f 3882 3952 3953
f 3882 3953 3883
f 3883 3953 3954
f 3883 3954 3884
f 3884 3954 3955
f 3884 3955 3885
f 3885 3955 3956
f 3885 3956 3886
f 3886 3956 3957
f 3886 3957 3887
f 3887 3957 3958
f 3887 3958 3888
f 3888 3958 3959
f 3888 3959 3889
f 3889 3959 3960
f 3889 3960 3890
f 3890 3960 3961
f 3890 3961 3891
f 3891 3961 3962
f 3891 3962 3892
f 3892 3962 3963
f 3892 3963 3893
f 3893 3963 3964
f 3893 3964 3894
f 3894 3964 3965
f 3894 3965 3895
f 3895 3965 3966
f 3895 3966 3896
f 3896 3966 3967
f 3896 3967 3897
f 3897 3967 3968
f 3897 3968 3898
f 3898 3968 3969
f 3898 3969 3899
f 3899 3969 3970
f 3899 3970 3900
f 3900 3970 3971
f 3900 3971 3901
f 3901 3971 3972
f 3901 3972 3902
f 3902 3972 3973
f 3902 3973 3903
f 3903 3973 3974
f 3903 3974 3904
f 3904 3974 3975
f 3904 3975 3905
f 3905 3975 3976
f 3905 3976 3906
f 3906 3976 3977
f 3906 3977 3907
f 3907 3977 3978
f 3907 3978 3908
f 3908 3978 3979
f 3908 3979 3909
f 3909 3979 3980
f 3909 3980 3910
f 3910 3980 3981
f 3910 3981 3911
f 3911 3981 3982
f 3911 3982 3912
f 3912 3982 3983
f 3912 3983 3913
f 3913 3983 3984
f 3913 3984 3914
f 3914 3984 3985
f 3914 3985 3915
f 3915 3985 3986
f 3915 3986 3916
f 3916 3986 3987
f 3916 3987 3917
f 3917 3987 3988
f 3917 3988 3918
f 3918 3988 3989
f 3918 3989 3919
f 3919 3989 3990
f 3919 3990 3920
f 3920 3990 3991
f 3920 3991 3921
f 3921 3991 3992
f 3921 3992 3922
f 3922 3992 3993
f 3922 3993 3923
f 3923 3993 3994
f 3923 3994 3924
f 3924 3994 3995
f 3924 3995 3925
f 3925 3995 3996
f 3925 3996 3926
f 3926 3996 3997
f 3926 3997 3927
f 3927 3997 3998
f 3927 3998 3928
f 3928 3998 3999
f 3928 3999 3929
f 3929 3999 4000
f 3929 4000 3930
f 3930 4000 4001
f 3930 4001 3931
f 3931 4001 4002
f 3931 4002 3932
f 3932 4002 4003
f 3932 4003 3933
f 3933 4003 4004
f 3933 4004 3934
f 3934 4004 4005
f 3934 4005 3935
f 3935 4005 4006
f 3935 4006 3936
f 3936 4006 4007
f 3936 4007 3937
f 3937 4007 4008
f 3937 4008 3938
f 3938 4008 4009
f 3938 4009 3939
f 3939 4009 4010
f 3939 4010 3940
f 3942 4011 4012
f 3942 4012 3943
f 3943 4012 4013
f 3943 4013 3944
f 3944 4013 4014
f 3944 4014 3945
f 3945 4014 4015
f 3945 4015 3946
f 3946 4015 4016
f 3946 4016 3947
f 3947 4016 4017
f 3947 4017 3948
f 3949 4018 4019
f 3949 4019 3950
f 3950 4019 4020
f 3950 4020 3951
f 3951 4020 4021
f 3951 4021 3952
f 3952 4021 4022
f 3952 4022 3953
f 3953 4022 4023
f 3953 4023 3954
f 3954 4023 4024
f 3954 4024 3955
f 3955 4024 4025
f 3955 4025 3956
f 3956 4025 4026
f 3956 4026 3957
f 3957 4026 4027
f 3957 4027 3958
f 3958 4027 4028
f 3958 4028 3959
f 3959 4028 4029
f 3959 4029 3960
f 3960 4029 4030
f 3960 4030 3961
f 3961 4030 4031
f 3961 4031 3962
f 3962 4031 4032
f 3962 4032 3963
f 3963 4032 4033
f 3963 4033 3964
f 3964 4033 4034
f 3964 4034 3965
f 3965 4034 4035
f 3965 4035 3966
f 3966 4035 4036
f 3966 4036 3967
f 3967 4036 4037
f 3967 4037 3968
f 3968 4037 4038
f 3968 4038 3969
f 3969 4038 4039
f 3969 4039 3970
f 3970 4039 4040
f 3970 4040 3971
f 3971 4040 4041
f 3971 4041 3972
f 3972 4041 4042
f 3972 4042 3973
f 3973 4042 4043
f 3973 4043 3974
f 3974 4043 4044
f 3974 4044 3975
f 3975 4044 4045
f 3975 4045 3976
f 3976 4045 4046
f 3976 4046 3977
f 3977 4046 4047
f 3977 4047 3978
f 3978 4047 4048
f 3978 4048 3979
f 3979 4048 4049
f 3979 4049 3980
f 3980 4049 4050
f 3980 4050 3981
f 3981 4050 4051
f 3981 4051 3982
f 3982 4051 4052
f 3982 4052 3983
f 3983 4052 4053
f 3983 4053 3984
f 3984 4053 4054
f 3984 4054 3985
f 3985 4054 4055
f 3985 4055 3986
f 3986 4055 4056
f 3986 4056 3987
f 3987 4056 4057
f 3987 4057 3988
f 3988 4057 4058
f 3988 4058 3989
f 3989 4058 4059
f 3989 4059 3990
f 3990 4059 4060
f 3990 4060 3991
f 3991 4060 4061
f 3991 4061 3992
f 3992 4061 4062
f 3992 4062 3993
f 3993 4062 4063
f 3993 4063 3994
f 3994 4063 4064
f 3994 4064 3995
f 3995 4064 4065
f 3995 4065 3996
f 3996 4065 4066
f 3996 4066 3997
f 3997 4066 4067
f 3997 4067 3998
f 3998 4067 4068
f 3998 4068 3999
f 3999 4068 4069
f 3999 4069 4000
f 4000 4069 4070
f 4000 4070 4001
f 4001 4070 4071
f 4001 4071 4002
f 4002 4071 4072
f 4002 4072 4003
f 4003 4072 4073
f 4003 4073 4004
f 4004 4073 4074
f 4004 4074 4005
f 4005 4074 4075
f 4005 4075 4006
f 4006 4075 4076
f 4006 4076 4007
f 4007 4076 4077
f 4007 4077 4008
f 4008 4077 4078
f 4008 4078 4009
f 4009 4078 4079
f 4009 4079 4010
f 4011 4080 4081
f 4011 4081 4012
f 4012 4081 4082
f 4012 4082 4013
f 4013 4082 4083
f 4013 4083 4014
f 4014 4083 4084
f 4014 4084 4015
f 4015 4084 4085
f 4015 4085 4016
f 4016 4085 4086
f 4016 4086 4017
f 4018 4088 4089
f 4018 4089 4019
f 4019 4089 4090
f 4019 4090 4020
f 4020 4090 4091
f 4020 4091 4021
f 4021 4091 4092
f 4021 4092 4022
f 4022 4092 4093
f 4022 4093 4023
f 4023 4093 4094
f 4023 4094 4024
f 4024 4094 4095
f 4024 4095 4025
f 4025 4095 4096
f 4025 4096 4026
f 4026 4096 4097
f 4026 4097 4027
f 4027 4097 4098
f 4027 4098 4028
f 4028 4098 4099
f 4028 4099 4029
f 4029 4099 4100
f 4029 4100 4030
f 4030 4100 4101
f 4030 4101 4031
f 4031 4101 4102
f 4031 4102 4032
f 4032 4102 4103
f 4032 4103 4033
f 4033 4103 4104
f 4033 4104 4034
f 4034 4104 4105
f 4034 4105 4035
f 4035 4105 4106
f 4035 4106 4036
f 4036 4106 4107
f 4036 4107 4037
f 4037 4107 4108
f 4037 4108 4038
f 4038 4108 4109
f 4038 4109 4039
f 4039 4109 4110
f 4039 4110 4040
f 4040 4110 4111
f 4040 4111 4041
f 4041 4111 4112
f 4041 4112 4042
f 4042 4112 4113
f 4042 4113 4043
f 4043 4113 4114
f 4043 4114 4044
f 4044 4114 4115
f 4044 4115 4045
f 4045 4115 4116
f 4045 4116 4046
f 4046 4116 4117
f 4046 4117 4047
f 4047 4117 4118
f 4047 4118 4048
f 4048 4118 4119
f 4048 4119 4049
f 4049 4119 4120
f 4049 4120 4050
f 4050 4120 4121
f 4050 4121 4051
f 4051 4121 4122
f 4051 4122 4052
f 4052 4122 4123
f 4052 4123 4053
f 4053 4123 4124
f 4053 4124 4054
f 4054 4124 4125
f 4054 4125 4055
f 4055 4125 4126
f 4055 4126 4056
f 4056 4126 4127
f 4056 4127 4057
f 4057 4127 4128
f 4057 4128 4058
f 4058 4128 4129
f 4058 4129 4059
f 4059 4129 4130
f 4059 4130 4060
f 4060 4130 4131
f 4060 4131 4061
f 4061 4131 4132
f 4061 4132 4062
f 4062 4132 4133
f 4062 4133 4063
f 4063 4133 4134
f 4063 4134 4064
f 4064 4134 4135
f 4064 4135 4065
f 4065 4135 4136
f 4065 4136 4066
f 4066 4136 4137
f 4066 4137 4067
f 4067 4137 4138
f 4067 4138 4068
f 4068 4138 4139
f 4068 4139 4069
f 4069 4139 4140
f 4069 4140 4070
f 4070 4140 4141
f 4070 4141 4071
f 4071 4141 4142
f 4071 4142 4072
f 4072 4142 4143
f 4072 4143 4073
f 4073 4143 4144
f 4073 4144 4074
f 4074 4144 4145
f 4074 4145 4075
f 4075 4145 4146
f 4075 4146 4076
f 4076 4146 4147
f 4076 4147 4077
f 4077 4147 4148
f 4077 4148 4078
f 4078 4148 4149
f 4078 4149 4079
f 4081 4150 4151
f 4081 4151 4082
f 4082 4151 4152
f 4082 4152 4083
f 4083 4152 4153
f 4083 4153 4084
f 4084 4153 4154
f 4084 4154 4085
f 4085 4154 4155
f 4085 4155 4086
f 4086 4155 4156
f 4086 4156 4087
f 4088 4159 4160
f 4088 4160 4089
f 4089 4160 4161
f 4089 4161 4090
f 4090 4161 4162
f 4090 4162 4091
f 4091 4162 4163
f 4091 4163 4092
f 4092 4163 4164
f 4092 4164 4093
f 4093 4164 4165
f 4093 4165 4094
f 4094 4165 4166
f 4094 4166 4095
f 4095 4166 4167
f 4095 4167 4096
f 4096 4167 4168
f 4096 4168 4097
f 4097 4168 4169
f 4097 4169 4098
f 4098 4169 4170
f 4098 4170 4099
f 4099 4170 4171
f 4099 4171 4100
f 4100 4171 4172
f 4100 4172 4101
f 4101 4172 4173
f 4101 4173 4102
f 4102 4173 4174
f 4102 4174 4103
f 4103 4174 4175
f 4103 4175 4104
f 4104 4175 4176
f 4104 4176 4105
f 4105 4176 4177
f 4105 4177 4106
f 4106 4177 4178
f 4106 4178 4107
f 4107 4178 4179
f 4107 4179 4108
f 4108 4179 4180
f 4108 4180 4109
f 4109 4180 4181
f 4109 4181 4110
f 4110 4181 4182
f 4110 4182 4111
f 4111 4182 4183
f 4111 4183 4112
f 4112 4183 4184
f 4112 4184 4113
f 4113 4184 4185
f 4113 4185 4114
f 4114 4185 4186
f 4114 4186 4115
f 4115 4186 4187
f 4115 4187 4116
f 4116 4187 4188
f 4116 4188 4117
f 4117 4188 4189
f 4117 4189 4118
f 4118 4189 4190
f 4118 4190 4119
f 4119 4190 4191
f 4119 4191 4120
f 4120 4191 4192
f 4120 4192 4121
f 4121 4192 4193
f 4121 4193 4122
f 4122 4193 4194
f 4122 4194 4123
f 4123 4194 4195
f 4123 4195 4124
f 4124 4195 4196
f 4124 4196 4125
f 4125 4196 4197
f 4125 4197 4126
f 4126 4197 4198
f 4126 4198 4127
f 4127 4198 4199
f 4127 4199 4128
f 4128 4199 4200
f 4128 4200 4129
f 4129 4200 4201
f 4129 4201 4130
f 4130 4201 4202
f 4130 4202 4131
f 4131 4202 4203
f 4131 4203 4132
f 4132 4203 4204
f 4132 4204 4133
f 4133 4204 4205
f 4133 4205 4134
f 4134 4205 4206
f 4134 4206 4135
f 4135 4206 4207
f 4135 4207 4136
f 4136 4207 4208
f 4136 4208 4137
f 4137 4208 4209
f 4137 4209 4138
f 4138 4209 4210
f 4138 4210 4139
f 4139 4210 4211
f 4139 4211 4140
f 4140 4211 4212
f 4140 4212 4141
f 4141 4212 4213
f 4141 4213 4142
f 4142 4213 4214
f 4142 4214 4143
f 4143 4214 4215
f 4143 4215 4144
f 4144 4215 4216
f 4144 4216 4145
f 4145 4216 4217
f 4145 4217 4146
f 4146 4217 4218
f 4146 4218 4147
f 4147 4218 4219
f 4147 4219 4148
f 4148 4219 4220
f 4148 4220 4149
f 4150 4221 4222
f 4150 4222 4151
f 4151 4222 4223
f 4151 4223 4152
f 4152 4223 4224
f 4152 4224 4153
f 4153 4224 4225
f 4153 4225 4154
f 4154 4225 4226
f 4154 4226 4155
f 4155 4226 4227
f 4155 4227 4156
f 4156 4227 4228
f 4156 4228 4157
f 4157 4228 4229
f 4157 4229 4158
f 4159 4231 4232
f 4159 4232 4160
f 4160 4232 4233
f 4160 4233 4161
f 4161 4233 4234
f 4161 4234 4162
f 4162 4234 4235
f 4162 4235 4163
f 4163 4235 4236
f 4163 4236 4164
f 4164 4236 4237
f 4164 4237 4165
f 4165 4237 4238
f 4165 4238 4166
f 4166 4238 4239
f 4166 4239 4167
f 4167 4239 4240
f 4167 4240 4168
f 4168 4240 4241
f 4168 4241 4169
f 4169 4241 4242
f 4169 4242 4170
f 4170 4242 4243
f 4170 4243 4171
f 4171 4243 4244
f 4171 4244 4172
f 4172 4244 4245
f 4172 4245 4173
f 4173 4245 4246
f 4173 4246 4174
f 4174 4246 4247
f 4174 4247 4175
f 4175 4247 4248
f 4175 4248 4176
f 4176 4248 4249
f 4176 4249 4177
f 4177 4249 4250
f 4177 4250 4178
f 4178 4250 4251
f 4178 4251 4179
f 4179 4251 4252
f 4179 4252 4180
f 4180 4252 4253
f 4180 4253 4181
f 4181 4253 4254
f 4181 4254 4182
f 4182 4254 4255
f 4182 4255 4183
f 4183 4255 4256
f 4183 4256 4184
f 4184 4256 4257
f 4184 4257 4185
f 4185 4257 4258
f 4185 4258 4186
f 4186 4258 4259
f 4186 4259 4187
f 4187 4259 4260
f 4187 4260 4188
f 4188 4260 4261
f 4188 4261 4189
f 4189 4261 4262
f 4189 4262 4190
f 4190 4262 4263
f 4190 4263 4191
f 4191 4263 4264
f 4191 4264 4192
f 4192 4264 4265
f 4192 4265 4193
f 4193 4265 4266
f 4193 4266 4194
f 4194 4266 4267
f 4194 4267 4195
f 4195 4267 4268
f 4195 4268 4196
f 4196 4268 4269
f 4196 4269 4197
f 4197 4269 4270
f 4197 4270 4198
f 4198 4270 4271
f 4198 4271 4199
f 4199 4271 4272
f 4199 4272 4200
f 4200 4272 4273
f 4200 4273 4201
f 4201 4273 4274
f 4201 4274 4202
f 4202 4274 4275
f 4202 4275 4203
f 4203 4275 4276
f 4203 4276 4204
f 4204 4276 4277
f 4204 4277 4205
f 4205 4277 4278
f 4205 4278 4206
f 4206 4278 4279
f 4206 4279 4207
f 4207 4279 4280
f 4207 4280 4208
f 4208 4280 4281
f 4208 4281 4209
f 4209 4281 4282
f 4209 4282 4210
f 4210 4282 4283
f 4210 4283 4211
f 4211 4283 4284
f 4211 4284 4212
f 4212 4284 4285
f 4212 4285 4213
f 4213 4285 4286
f 4213 4286 4214
f 4214 4286 4287
f 4214 4287 4215
f 4215 4287 4288
f 4215 4288 4216
f 4216 4288 4289
f 4216 4289 4217
f 4217 4289 4290
f 4217 4290 4218
f 4218 4290 4291
f 4218 4291 4219
f 4219 4291 4292
f 4219 4292 4220
f 4222 4294 4295
f 4222 4295 4223
f 4223 4295 4296
f 4223 4296 4224
f 4224 4296 4297
f 4224 4297 4225
f 4225 4297 4298
f 4225 4298 4226
f 4226 4298 4299
f 4226 4299 4227
f 4227 4299 4300
f 4227 4300 4228
f 4228 4300 4301
f 4228 4301 4229
f 4229 4301 4302
f 4229 4302 4230
f 4231 4305 4306
f 4231 4306 4232
f 4232 4306 4307
f 4232 4307 4233
f 4233 4307 4308
f 4233 4308 4234
f 4234 4308 4309
f 4234 4309 4235
f 4235 4309 4310
f 4235 4310 4236
f 4236 4310 4311
f 4236 4311 4237
f 4237 4311 4312
f 4237 4312 4238
f 4238 4312 4313
f 4238 4313 4239
f 4239 4313 4314
f 4239 4314 4240
f 4240 4314 4315
f 4240 4315 4241
f 4241 4315 4316
f 4241 4316 4242
f 4242 4316 4317
f 4242 4317 4243
f 4243 4317 4318
f 4243 4318 4244
f 4244 4318 4319
f 4244 4319 4245
f 4245 4319 4320
f 4245 4320 4246
f 4246 4320 4321
f 4246 4321 4247
f 4247 4321 4322
f 4247 4322 4248
f 4248 4322 4323
f 4248 4323 4249
f 4249 4323 4324
f 4249 4324 4250
f 4250 4324 4325
f 4250 4325 4251
f 4251 4325 4326
f 4251 4326 4252
f 4252 4326 4327
f 4252 4327 4253
f 4253 4327 4328
f 4253 4328 4254
f 4254 4328 4329
f 4254 4329 4255
f 4255 4329 4330
f 4255 4330 4256
f 4256 4330 4331
f 4256 4331 4257
f 4257 4331 4332
f 4257 4332 4258
f 4258 4332 4333
f 4258 4333 4259
f 4259 4333 4334
f 4259 4334 4260
f 4260 4334 4335
f 4260 4335 4261
f 4261 4335 4336
f 4261 4336 4262
f 4262 4336 4337
f 4262 4337 4263
f 4263 4337 4338
f 4263 4338 4264
f 4264 4338 4339
f 4264 4339 4265
f 4265 4339 4340
f 4265 4340 4266
f 4266 4340 4341
f 4266 4341 4267
f 4267 4341 4342
f 4267 4342 4268
f 4268 4342 4343
f 4268 4343 4269
f 4269 4343 4344
f 4269 4344 4270
f 4270 4344 4345
f 4270 4345 4271
f 4271 4345 4346
f 4271 4346 4272
f 4272 4346 4347
f 4272 4347 4273
f 4273 4347 4348
f 4273 4348 4274
f 4274 4348 4349
f 4274 4349 4275
f 4275 4349 4350
f 4275 4350 4276
f 4276 4350 4351
f 4276 4351 4277
f 4277 4351 4352
f 4277 4352 4278
f 4278 4352 4353
f 4278 4353 4279
f 4279 4353 4354
f 4279 4354 4280
f 4280 4354 4355
f 4280 4355 4281
f 4281 4355 4356
f 4281 4356 4282
f 4282 4356 4357
f 4282 4357 4283
f 4283 4357 4358
f 4283 4358 4284
f 4284 4358 4359
f 4284 4359 4285
f 4285 4359 4360
f 4285 4360 4286
f 4286 4360 4361
f 4286 4361 4287
f 4287 4361 4362
f 4287 4362 4288
f 4288 4362 4363
f 4288 4363 4289
f 4289 4363 4364
f 4289 4364 4290
f 4290 4364 4365
f 4290 4365 4291
f 4291 4365 4366
f 4291 4366 4292
f 4292 4366 4367
f 4292 4367 4293
f 4295 4368 4369
f 4295 4369 4296
f 4296 4369 4370
f 4296 4370 4297
f 4297 4370 4371
f 4297 4371 4298
f 4298 4371 4372
f 4298 4372 4299
f 4299 4372 4373
f 4299 4373 4300
f 4300 4373 4374
f 4300 4374 4301
f 4301 4374 4375
f 4301 4375 4302
f 4302 4375 4376
f 4302 4376 4303
f 4303 4376 4377
f 4303 4377 4304
f 4304 4377 4378
f 4304 4378 4305
f 4305 4378 4379
f 4305 4379 4306
f 4306 4379 4380
f 4306 4380 4307
f 4307 4380 4381
f 4307 4381 4308
f 4308 4381 4382
f 4308 4382 4309
f 4309 4382 4383
f 4309 4383 4310
f 4310 4383 4384
f 4310 4384 4311
f 4311 4384 4385
f 4311 4385 4312
f 4312 4385 4386
f 4312 4386 4313
f 4313 4386 4387
f 4313 4387 4314
f 4314 4387 4388
f 4314 4388 4315
f 4315 4388 4389
f 4315 4389 4316
f 4316 4389 4390
f 4316 4390 4317
f 4317 4390 4391
f 4317 4391 4318
f 4318 4391 4392
f 4318 4392 4319
f 4319 4392 4393
f 4319 4393 4320
f 4320 4393 4394
f 4320 4394 4321
f 4321 4394 4395
f 4321 4395 4322
f 4322 4395 4396
f 4322 4396 4323
f 4323 4396 4397
f 4323 4397 4324
f 4324 4397 4398
f 4324 4398 4325
f 4325 4398 4399
f 4325 4399 4326
f 4326 4399 4400
f 4326 4400 4327
f 4327 4400 4401
f 4327 4401 4328
f 4328 4401 4402
f 4328 4402 4329
f 4329 4402 4403
f 4329 4403 4330
f 4330 4403 4404
f 4330 4404 4331
f 4331 4404 4405
f 4331 4405 4332
f 4332 4405 4406
f 4332 4406 4333
f 4333 4406 4407
f 4333 4407 4334
f 4334 4407 4408
f 4334 4408 4335
f 4335 4408 4409
f 4335 4409 4336
f 4336 4409 4410
f 4336 4410 4337
f 4337 4410 4411
f 4337 4411 4338
f 4338 4411 4412
f 4338 4412 4339
f 4339 4412 4413
f 4339 4413 4340
f 4340 4413 4414
f 4340 4414 4341
f 4341 4414 4415
f 4341 4415 4342
f 4342 4415 4416
f 4342 4416 4343
f 4343 4416 4417
f 4343 4417 4344
f 4344 4417 4418
f 4344 4418 4345
f 4345 4418 4419
f 4345 4419 4346
f 4346 4419 4420
f 4346 4420 4347
f 4347 4420 4421
f 4347 4421 4348
f 4348 4421 4422
f 4348 4422 4349
f 4349 4422 4423
f 4349 4423 4350
f 4350 4423 4424
f 4350 4424 4351
f 4351 4424 4425
f 4351 4425 4352
f 4352 4425 4426
f 4352 4426 4353
f 4353 4426 4427
f 4353 4427 4354
f 4354 4427 4428
f 4354 4428 4355
f 4355 4428 4429
f 4355 4429 4356
f 4356 4429 4430
f 4356 4430 4357
f 4357 4430 4431
f 4357 4431 4358
f 4358 4431 4432
f 4358 4432 4359
f 4359 4432 4433
f 4359 4433 4360
f 4360 4433 4434
f 4360 4434 4361
f 4361 4434 4435
f 4361 4435 4362
f 4362 4435 4436
f 4362 4436 4363
f 4363 4436 4437
f 4363 4437 4364
f 4364 4437 4438
f 4364 4438 4365
f 4365 4438 4439
f 4365 4439 4366
f 4366 4439 4440
f 4366 4440 4367
f 4369 4441 4442
f 4369 4442 4370
f 4370 4442 4443
f 4370 4443 4371
f 4371 4443 4444
f 4371 4444 4372
f 4372 4444 4445
f 4372 4445 4373
f 4373 4445 4446
f 4373 4446 4374
f 4374 4446 4447
f 4374 4447 4375
f 4375 4447 4448
f 4375 4448 4376
f 4376 4448 4449
f 4376 4449 4377
f 4377 4449 4450
f 4377 4450 4378
f 4378 4450 4451
f 4378 4451 4379
f 4379 4451 4452
f 4379 4452 4380
f 4380 4452 4453
f 4380 4453 4381
f 4381 4453 4454
f 4381 4454 4382
f 4382 4454 4455
f 4382 4455 4383
f 4383 4455 4456
f 4383 4456 4384
f 4384 4456 4457
f 4384 4457 4385
f 4385 4457 4458
f 4385 4458 4386
f 4386 4458 4459
f 4386 4459 4387
f 4387 4459 4460
f 4387 4460 4388
f 4388 4460 4461
f 4388 4461 4389
f 4389 4461 4462
f 4389 4462 4390
f 4390 4462 4463
f 4390 4463 4391
f 4391 4463 4464
f 4391 4464 4392
f 4392 4464 4465
f 4392 4465 4393
f 4393 4465 4466
f 4393 4466 4394
f 4394 4466 4467
f 4394 4467 4395
f 4395 4467 4468
f 4395 4468 4396
f 4396 4468 4469
f 4396 4469 4397
f 4397 4469 4470
f 4397 4470 4398
f 4398 4470 4471
f 4398 4471 4399
f 4399 4471 4472
f 4399 4472 4400
f 4400 4472 4473
f 4400 4473 4401
f 4401 4473 4474
f 4401 4474 4402
f 4402 4474 4475
f 4402 4475 4403
f 4403 4475 4476
f 4403 4476 4404
f 4404 4476 4477
f 4404 4477 4405
f 4405 4477 4478
f 4405 4478 4406
f 4406 4478 4479
f 4406 4479 4407
f 4407 4479 4480
f 4407 4480 4408
f 4408 4480 4481
f 4408 4481 4409
f 4409 4481 4482
f 4409 4482 4410
f 4410 4482 4483
f 4410 4483 4411
f 4411 4483 4484
f 4411 4484 4412
f 4412 4484 4485
f 4412 4485 4413
f 4413 4485 4486
f 4413 4486 4414
f 4414 4486 4487
f 4414 4487 4415
f 4415 4487 4488
f 4415 4488 4416
f 4416 4488 4489
f 4416 4489 4417
f 4417 4489 4490
f 4417 4490 4418
f 4418 4490 4491
f 4418 4491 4419
f 4419 4491 4492
f 4419 4492 4420
f 4420 4492 4493
f 4420 4493 4421
f 4421 4493 4494
f 4421 4494 4422
f 4422 4494 4495
f 4422 4495 4423
f 4423 4495 4496
f 4423 4496 4424
f 4424 4496 4497
f 4424 4497 4425
f 4425 4497 4498
f 4425 4498 4426
f 4426 4498 4499
f 4426 4499 4427
f 4427 4499 4500
f 4427 4500 4428
f 4428 4500 4501
f 4428 4501 4429
f 4429 4501 4502
f 4429 4502 4430
f 4430 4502 4503
f 4430 4503 4431
f 4431 4503 4504
f 4431 4504 4432
f 4432 4504 4505
f 4432 4505 4433
f 4433 4505 4506
f 4433 4506 4434
f 4434 4506 4507
f 4434 4507 4435
f 4435 4507 4508
f 4435 4508 4436
f 4436 4508 4509
f 4436 4509 4437
f 4437 4509 4510
f 4437 4510 4438
f 4438 4510 4511
f 4438 4511 4439
f 4439 4511 4512
f 4439 4512 4440
f 4443 4513 4514
f 4443 4514 4444
f 4444 4514 4515
f 4444 4515 4445
f 4445 4515 4516
f 4445 4516 4446
f 4446 4516 4517
f 4446 4517 4447
f 4447 4517 4518
f 4447 4518 4448
f 4448 4518 4519
f 4448 4519 4449
f 4449 4519 4520
f 4449 4520 4450
f 4450 4520 4521
f 4450 4521 4451
f 4451 4521 4522
f 4451 4522 4452
f 4452 4522 4523
f 4452 4523 4453
f 4453 4523 4524
f 4453 4524 4454
f 4454 4524 4525
f 4454 4525 4455
f 4455 4525 4526
f 4455 4526 4456
f 4456 4526 4527
f 4456 4527 4457
f 4457 4527 4528
f 4457 4528 4458
f 4458 4528 4529
f 4458 4529 4459
f 4459 4529 4530
f 4459 4530 4460
f 4460 4530 4531
f 4460 4531 4461
f 4461 4531 4532
f 4461 4532 4462
f 4462 4532 4533
f 4462 4533 4463
f 4463 4533 4534
f 4463 4534 4464
f 4464 4534 4535
f 4464 4535 4465
f 4465 4535 4536
f 4465 4536 4466
f 4466 4536 4537
f 4466 4537 4467
f 4467 4537 4538
f 4467 4538 4468
f 4468 4538 4539
f 4468 4539 4469
f 4469 4539 4540
f 4469 4540 4470
f 4470 4540 4541
f 4470 4541 4471
f 4471 4541 4542
f 4471 4542 4472
f 4472 4542 4543
f 4472 4543 4473
f 4473 4543 4544
f 4473 4544 4474
f 4474 4544 4545
f 4474 4545 4475
f 4475 4545 4546
f 4475 4546 4476
f 4476 4546 4547
f 4476 4547 4477
f 4477 4547 4548
f 4477 4548 4478
f 4478 4548 4549
f 4478 4549 4479
f 4479 4549 4550
f 4479 4550 4480
f 4480 4550 4551
f 4480 4551 4481
f 4481 4551 4552
f 4481 4552 4482
f 4482 4552 4553
f 4482 4553 4483
f 4483 4553 4554
f 4483 4554 4484
f 4484 4554 4555
f 4484 4555 4485
f 4485 4555 4556
f 4485 4556 4486
f 4486 4556 4557
f 4486 4557 4487
f 4487 4557 4558
f 4487 4558 4488
f 4488 4558 4559
f 4488 4559 4489
f 4489 4559 4560
f 4489 4560 4490
f 4490 4560 4561
f 4490 4561 4491
f 4491 4561 4562
f 4491 4562 4492
f 4492 4562 4563
f 4492 4563 4493
f 4493 4563 4564
f 4493 4564 4494
f 4494 4564 4565
f 4494 4565 4495
f 4495 4565 4566
f 4495 4566 4496
f 4496 4566 4567
f 4496 4567 4497
f 4497 4567 4568
f 4497 4568 4498
f 4498 4568 4569
f 4498 4569 4499
f 4499 4569 4570
f 4499 4570 4500
f 4500 4570 4571
f 4500 4571 4501
f 4501 4571 4572
f 4501 4572 4502
f 4502 4572 4573
f 4502 4573 4503
f 4503 4573 4574
f 4503 4574 4504
f 4504 4574 4575
f 4504 4575 4505
f 4505 4575 4576
f 4505 4576 4506
f 4506 4576 4577
f 4506 4577 4507
f 4507 4577 4578
f 4507 4578 4508
f 4508 4578 4579
f 4508 4579 4509
f 4509 4579 4580
f 4509 4580 4510
f 4510 4580 4581
f 4510 4581 4511
f 4511 4581 4582
f 4511 4582 4512
f 4515 4583 4584
f 4515 4584 4516
f 4516 4584 4585
f 4516 4585 4517
f 4517 4585 4586
f 4517 4586 4518
f 4518 4586 4587
f 4518 4587 4519
f 4519 4587 4588
f 4519 4588 4520
f 4520 4588 4589
f 4520 4589 4521
f 4521 4589 4590
f 4521 4590 4522
f 4522 4590 4591
f 4522 4591 4523
f 4523 4591 4592
f 4523 4592 4524
f 4524 4592 4593
f 4524 4593 4525
f 4525 4593 4594
f 4525 4594 4526
f 4526 4594 4595
f 4526 4595 4527
f 4527 4595 4596
f 4527 4596 4528
f 4528 4596 4597
f 4528 4597 4529
f 4529 4597 4598
f 4529 4598 4530
f 4530 4598 4599
f 4530 4599 4531
f 4531 4599 4600
f 4531 4600 4532
f 4532 4600 4601
f 4532 4601 4533
f 4533 4601 4602
f 4533 4602 4534
f 4534 4602 4603
f 4534 4603 4535
f 4535 4603 4604
f 4535 4604 4536
f 4536 4604 4605
f 4536 4605 4537
f 4537 4605 4606
f 4537 4606 4538
f 4538 4606 4607
f 4538 4607 4539
f 4539 4607 4608
f 4539 4608 4540
f 4540 4608 4609
f 4540 4609 4541
f 4541 4609 4610
f 4541 4610 4542
f 4542 4610 4611
f 4542 4611 4543
f 4543 4611 4612
f 4543 4612 4544
f 4544 4612 4613
f 4544 4613 4545
f 4545 4613 4614
f 4545 4614 4546
f 4546 4614 4615
f 4546 4615 4547
f 4547 4615 4616
f 4547 4616 4548
f 4548 4616 4617
f 4548 4617 4549
f 4549 4617 4618
f 4549 4618 4550
f 4550 4618 4619
f 4550 4619 4551
f 4551 4619 4620
f 4551 4620 4552
f 4552 4620 4621
f 4552 4621 4553
f 4553 4621 4622
f 4553 4622 4554
f 4554 4622 4623
f 4554 4623 4555
f 4555 4623 4624
f 4555 4624 4556
f 4556 4624 4625
f 4556 4625 4557
f 4557 4625 4626
f 4557 4626 4558
f 4558 4626 4627
f 4558 4627 4559
f 4559 4627 4628
f 4559 4628 4560
f 4560 4628 4629
f 4560 4629 4561
f 4561 4629 4630
f 4561 4630 4562
f 4562 4630 4631
f 4562 4631 4563
f 4563 4631 4632
f 4563 4632 4564
f 4564 4632 4633
f 4564 4633 4565
f 4565 4633 4634
f 4565 4634 4566
f 4566 4634 4635
f 4566 4635 4567
f 4567 4635 4636
f 4567 4636 4568
f 4568 4636 4637
f 4568 4637 4569
f 4569 4637 4638
f 4569 4638 4570
f 4570 4638 4639
f 4570 4639 4571
f 4571 4639 4640
f 4571 4640 4572
f 4572 4640 4641
f 4572 4641 4573
f 4573 4641 4642
f 4573 4642 4574
f 4574 4642 4643
f 4574 4643 4575
f 4575 4643 4644
f 4575 4644 4576
f 4576 4644 4645
f 4576 4645 4577
f 4577 4645 4646
f 4577 4646 4578
f 4578 4646 4647
f 4578 4647 4579
f 4579 4647 4648
f 4579 4648 4580
f 4580 4648 4649
f 4580 4649 4581
f 4581 4649 4650
f 4581 4650 4582
f 4585 4651 4652
f 4585 4652 4586
f 4586 4652 4653
f 4586 4653 4587
f 4587 4653 4654
f 4587 4654 4588
f 4588 4654 4655
f 4588 4655 4589
f 4589 4655 4656
f 4589 4656 4590
f 4590 4656 4657
f 4590 4657 4591
f 4591 4657 4658
f 4591 4658 4592
f 4592 4658 4659
f 4592 4659 4593
f 4593 4659 4660
f 4593 4660 4594
f 4594 4660 4661
f 4594 4661 4595
f 4595 4661 4662
f 4595 4662 4596
f 4596 4662 4663
f 4596 4663 4597
f 4597 4663 4664
f 4597 4664 4598
f 4598 4664 4665
f 4598 4665 4599
f 4599 4665 4666
f 4599 4666 4600
f 4600 4666 4667
f 4600 4667 4601
f 4601 4667 4668
f 4601 4668 4602
f 4602 4668 4669
f 4602 4669 4603
f 4603 4669 4670
f 4603 4670 4604
f 4604 4670 4671
f 4604 4671 4605
f 4605 4671 4672
f 4605 4672 4606
f 4606 4672 4673
f 4606 4673 4607
f 4607 4673 4674
f 4607 4674 4608
f 4608 4674 4675
f 4608 4675 4609
f 4609 4675 4676
f 4609 4676 4610
f 4610 4676 4677
f 4610 4677 4611
f 4611 4677 4678
f 4611 4678 4612
f 4612 4678 4679
f 4612 4679 4613
f 4613 4679 4680
f 4613 4680 4614
f 4614 4680 4681
f 4614 4681 4615
f 4615 4681 4682
f 4615 4682 4616
f 4616 4682 4683
f 4616 4683 4617
f 4617 4683 4684
f 4617 4684 4618
f 4618 4684 4685
f 4618 4685 4619
f 4619 4685 4686
f 4619 4686 4620
f 4620 4686 4687
f 4620 4687 4621
f 4621 4687 4688
f 4621 4688 4622
f 4622 4688 4689
f 4622 4689 4623
f 4623 4689 4690
f 4623 4690 4624
f 4624 4690 4691
f 4624 4691 4625
f 4625 4691 4692
f 4625 4692 4626
f 4626 4692 4693
f 4626 4693 4627
f 4627 4693 4694
f 4627 4694 4628
f 4628 4694 4695
f 4628 4695 4629
f 4629 4695 4696
f 4629 4696 4630
f 4630 4696 4697
f 4630 4697 4631
f 4631 4697 4698
f 4631 4698 4632
f 4632 4698 4699
f 4632 4699 4633
f 4633 4699 4700
f 4633 4700 4634
f 4634 4700 4701
f 4634 4701 4635
f 4635 4701 4702
f 4635 4702 4636
f 4636 4702 4703
f 4636 4703 4637
f 4637 4703 4704
f 4637 4704 4638
f 4638 4704 4705
f 4638 4705 4639
f 4639 4705 4706
f 4639 4706 4640
f 4640 4706 4707
f 4640 4707 4641
f 4641 4707 4708
f 4641 4708 4642
f 4642 4708 4709
f 4642 4709 4643
f 4643 4709 4710
f 4643 4710 4644
f 4644 4710 4711
f 4644 4711 4645
f 4645 4711 4712
f 4645 4712 4646
f 4646 4712 4713
f 4646 4713 4647
f 4647 4713 4714
f 4647 4714 4648
f 4648 4714 4715
f 4648 4715 4649
f 4649 4715 4716
f 4649 4716 4650
f 4653 4717 4718
f 4653 4718 4654
f 4654 4718 4719
f 4654 4719 4655
f 4655 4719 4720
f 4655 4720 4656
f 4656 4720 4721
f 4656 4721 4657
f 4657 4721 4722
f 4657 4722 4658
f 4658 4722 4723
f 4658 4723 4659
f 4659 4723 4724
f 4659 4724 4660
f 4660 4724 4725
f 4660 4725 4661
f 4661 4725 4726
f 4661 4726 4662
f 4662 4726 4727
f 4662 4727 4663
f 4663 4727 4728
f 4663 4728 4664
f 4664 4728 4729
f 4664 4729 4665
f 4665 4729 4730
f 4665 4730 4666
f 4666 4730 4731
f 4666 4731 4667
f 4667 4731 4732
f 4667 4732 4668
f 4668 4732 4733
f 4668 4733 4669
f 4669 4733 4734
f 4669 4734 4670
f 4670 4734 4735
f 4670 4735 4671
f 4671 4735 4736
f 4671 4736 4672
f 4672 4736 4737
f 4672 4737 4673
f 4673 4737 4738
f 4673 4738 4674
f 4674 4738 4739
f 4674 4739 4675
f 4675 4739 4740
f 4675 4740 4676
f 4676 4740 4741
f 4676 4741 4677
f 4677 4741 4742
f 4677 4742 4678
f 4678 4742 4743
f 4678 4743 4679
f 4679 4743 4744
f 4679 4744 4680
f 4680 4744 4745
f 4680 4745 4681
f 4681 4745 4746
f 4681 4746 4682
f 4682 4746 4747
f 4682 4747 4683
f 4683 4747 4748
f 4683 4748 4684
f 4684 4748 4749
f 4684 4749 4685
f 4685 4749 4750
f 4685 4750 4686
f 4686 4750 4751
f 4686 4751 4687
f 4687 4751 4752
f 4687 4752 4688
f 4688 4752 4753
f 4688 4753 4689
f 4689 4753 4754
f 4689 4754 4690
f 4690 4754 4755
f 4690 4755 4691
f 4691 4755 4756
f 4691 4756 4692
f 4692 4756 4757
f 4692 4757 4693
f 4693 4757 4758
f 4693 4758 4694
f 4694 4758 4759
f 4694 4759 4695
f 4695 4759 4760
f 4695 4760 4696
f 4696 4760 4761
f 4696 4761 4697
f 4697 4761 4762
f 4697 4762 4698
f 4698 4762 4763
f 4698 4763 4699
f 4699 4763 4764
f 4699 4764 4700
f 4700 4764 4765
f 4700 4765 4701
f 4701 4765 4766
f 4701 4766 4702
f 4702 4766 4767
f 4702 4767 4703
f 4703 4767 4768
f 4703 4768 4704
f 4704 4768 4769
f 4704 4769 4705
f 4705 4769 4770
f 4705 4770 4706
f 4706 4770 4771
f 4706 4771 4707
f 4707 4771 4772
f 4707 4772 4708
f 4708 4772 4773
f 4708 4773 4709
f 4709 4773 4774
f 4709 4774 4710
f 4710 4774 4775
f 4710 4775 4711
f 4711 4775 4776
f 4711 4776 4712
f 4712 4776 4777
f 4712 4777 4713
f 4713 4777 4778
f 4713 4778 4714
f 4714 4778 4779
f 4714 4779 4715
f 4715 4779 4780
f 4715 4780 4716
f 4717 4781 4782
f 4717 4782 4718
f 4718 4782 4783
f 4718 4783 4719
f 4719 4783 4784
f 4719 4784 4720
f 4720 4784 4785
f 4720 4785 4721
f 4721 4785 4786
f 4721 4786 4722
f 4722 4786 4787
f 4722 4787 4723
f 4723 4787 4788
f 4723 4788 4724
f 4724 4788 4789
f 4724 4789 4725
f 4725 4789 4790
f 4725 4790 4726
f 4726 4790 4791
f 4726 4791 4727
f 4727 4791 4792
f 4727 4792 4728
f 4728 4792 4793
f 4728 4793 4729
f 4729 4793 4794
f 4729 4794 4730
f 4730 4794 4795
f 4730 4795 4731
f 4731 4795 4796
f 4731 4796 4732
f 4732 4796 4797
f 4732 4797 4733
f 4733 4797 4798
f 4733 4798 4734
f 4734 4798 4799
f 4734 4799 4735
f 4735 4799 4800
f 4735 4800 4736
f 4736 4800 4801
f 4736 4801 4737
f 4737 4801 4802
f 4737 4802 4738
f 4738 4802 4803
f 4738 4803 4739
f 4739 4803 4804
f 4739 4804 4740
f 4740 4804 4805
f 4740 4805 4741
f 4741 4805 4806
f 4741 4806 4742
f 4742 4806 4807
f 4742 4807 4743
f 4743 4807 4808
f 4743 4808 4744
f 4744 4808 4809
f 4744 4809 4745
f 4745 4809 4810
f 4745 4810 4746
f 4746 4810 4811
f 4746 4811 4747
f 4747 4811 4812
f 4747 4812 4748
f 4748 4812 4813
f 4748 4813 4749
f 4749 4813 4814
f 4749 4814 4750
f 4750 4814 4815
f 4750 4815 4751
f 4751 4815 4816
f 4751 4816 4752
f 4752 4816 4817
f 4752 4817 4753
f 4753 4817 4818
f 4753 4818 4754
f 4754 4818 4819
f 4754 4819 4755
f 4755 4819 4820
f 4755 4820 4756
f 4756 4820 4821
f 4756 4821 4757
f 4757 4821 4822
f 4757 4822 4758
f 4758 4822 4823
f 4758 4823 4759
f 4759 4823 4824
f 4759 4824 4760
f 4760 4824 4825
f 4760 4825 4761
f 4761 4825 4826
f 4761 4826 4762
f 4762 4826 4827
f 4762 4827 4763
f 4763 4827 4828
f 4763 4828 4764
f 4764 4828 4829
f 4764 4829 4765
f 4765 4829 4830
f 4765 4830 4766
f 4766 4830 4831
f 4766 4831 4767
f 4767 4831 4832
f 4767 4832 4768
f 4768 4832 4833
f 4768 4833 4769
f 4769 4833 4834
f 4769 4834 4770
f 4770 4834 4835
f 4770 4835 4771
f 4771 4835 4836
f 4771 4836 4772
f 4772 4836 4837
f 4772 4837 4773
f 4773 4837 4838
f 4773 4838 4774
f 4774 4838 4839
f 4774 4839 4775
f 4775 4839 4840
f 4775 4840 4776
f 4776 4840 4841
f 4776 4841 4777
f 4777 4841 4842
f 4777 4842 4778
f 4778 4842 4843
f 4778 4843 4779
f 4779 4843 4844
f 4779 4844 4780
f 4781 4846 4847
f 4781 4847 4782
f 4782 4847 4848
f 4782 4848 4783
f 4783 4848 4849
f 4783 4849 4784
f 4784 4849 4850
f 4784 4850 4785
f 4785 4850 4851
f 4785 4851 4786
f 4786 4851 4852
f 4786 4852 4787
f 4787 4852 4853
f 4787 4853 4788
f 4788 4853 4854
f 4788 4854 4789
f 4789 4854 4855
f 4789 4855 4790
f 4790 4855 4856
f 4790 4856 4791
f 4791 4856 4857
f 4791 4857 4792
f 4792 4857 4858
f 4792 4858 4793
f 4793 4858 4859
f 4793 4859 4794
f 4794 4859 4860
f 4794 4860 4795
f 4795 4860 4861
f 4795 4861 4796
f 4796 4861 4862
f 4796 4862 4797
f 4797 4862 4863
f 4797 4863 4798
f 4798 4863 4864
f 4798 4864 4799
f 4799 4864 4865
f 4799 4865 4800
f 4800 4865 4866
f 4800 4866 4801
f 4801 4866 4867
f 4801 4867 4802
f 4802 4867 4868
f 4802 4868 4803
f 4803 4868 4869
f 4803 4869 4804
f 4804 4869 4870
f 4804 4870 4805
f 4805 4870 4871
f 4805 4871 4806
f 4806 4871 4872
f 4806 4872 4807
f 4807 4872 4873
f 4807 4873 4808
f 4808 4873 4874
f 4808 4874 4809
f 4809 4874 4875
f 4809 4875 4810
f 4810 4875 4876
f 4810 4876 4811
f 4811 4876 4877
f 4811 4877 4812
f 4812 4877 4878
f 4812 4878 4813
f 4813 4878 4879
f 4813 4879 4814
f 4814 4879 4880
f 4814 4880 4815
f 4815 4880 4881
f 4815 4881 4816
f 4816 4881 4882
f 4816 4882 4817
f 4817 4882 4883
f 4817 4883 4818
f 4818 4883 4884
f 4818 4884 4819
f 4819 4884 4885
f 4819 4885 4820
f 4820 4885 4886
f 4820 4886 4821
f 4821 4886 4887
f 4821 4887 4822
f 4822 4887 4888
f 4822 4888 4823
f 4823 4888 4889
f 4823 4889 4824
f 4824 4889 4890
f 4824 4890 4825
f 4825 4890 4891
f 4825 4891 4826
f 4826 4891 4892
f 4826 4892 4827
f 4827 4892 4893
f 4827 4893 4828
f 4828 4893 4894
f 4828 4894 4829
f 4829 4894 4895
f 4829 4895 4830
f 4830 4895 4896
f 4830 4896 4831
f 4831 4896 4897
f 4831 4897 4832
f 4832 4897 4898
f 4832 4898 4833
f 4833 4898 4899
f 4833 4899 4834
f 4834 4899 4900
f 4834 4900 4835
f 4835 4900 4901
f 4835 4901 4836
f 4836 4901 4902
f 4836 4902 4837
f 4837 4902 4903
f 4837 4903 4838
f 4838 4903 4904
f 4838 4904 4839
f 4839 4904 4905
f 4839 4905 4840
f 4840 4905 4906
f 4840 4906 4841
f 4841 4906 4907
f 4841 4907 4842
f 4842 4907 4908
f 4842 4908 4843
f 4843 4908 4909
f 4843 4909 4844
f 4845 4910 4911
f 4845 4911 4846
f 4846 4911 4912
f 4846 4912 4847
f 4847 4912 4913
f 4847 4913 4848
f 4848 4913 4914
f 4848 4914 4849
f 4849 4914 4915
f 4849 4915 4850
f 4850 4915 4916
f 4850 4916 4851
f 4851 4916 4917
f 4851 4917 4852
f 4852 4917 4918
f 4852 4918 4853
f 4853 4918 4919
f 4853 4919 4854
f 4854 4919 4920
f 4854 4920 4855
f 4855 4920 4921
f 4855 4921 4856
f 4856 4921 4922
f 4856 4922 4857
f 4857 4922 4923
f 4857 4923 4858
f 4858 4923 4924
f 4858 4924 4859
f 4859 4924 4925
f 4859 4925 4860
f 4860 4925 4926
f 4860 4926 4861
f 4861 4926 4927
f 4861 4927 4862
f 4862 4927 4928
f 4862 4928 4863
f 4863 4928 4929
f 4863 4929 4864
f 4864 4929 4930
f 4864 4930 4865
f 4865 4930 4931
f 4865 4931 4866
f 4866 4931 4932
f 4866 4932 4867
f 4867 4932 4933
f 4867 4933 4868
f 4868 4933 4934
f 4868 4934 4869
f 4869 4934 4935
f 4869 4935 4870
f 4870 4935 4936
f 4870 4936 4871
f 4871 4936 4937
f 4871 4937 4872
f 4872 4937 4938
f 4872 4938 4873
f 4873 4938 4939
f 4873 4939 4874
f 4874 4939 4940
f 4874 4940 4875
f 4875 4940 4941
f 4875 4941 4876
f 4876 4941 4942
f 4876 4942 4877
f 4877 4942 4943
f 4877 4943 4878
f 4878 4943 4944
f 4878 4944 4879
f 4879 4944 4945
f 4879 4945 4880
f 4880 4945 4946
f 4880 4946 4881
f 4881 4946 4947
f 4881 4947 4882
f 4882 4947 4948
f 4882 4948 4883
f 4883 4948 4949
f 4883 4949 4884
f 4884 4949 4950
f 4884 4950 4885
f 4885 4950 4951
f 4885 4951 4886
f 4886 4951 4952
f 4886 4952 4887
f 4887 4952 4953
f 4887 4953 4888
f 4888 4953 4954
f 4888 4954 4889
f 4889 4954 4955
f 4889 4955 4890
f 4890 4955 4956
f 4890 4956 4891
f 4891 4956 4957
f 4891 4957 4892
f 4892 4957 4958
f 4892 4958 4893
f 4893 4958 4959
f 4893 4959 4894
f 4894 4959 4960
f 4894 4960 4895
f 4895 4960 4961
f 4895 4961 4896
f 4896 4961 4962
f 4896 4962 4897
f 4897 4962 4963
f 4897 4963 4898
f 4898 4963 4964
f 4898 4964 4899
f 4899 4964 4965
f 4899 4965 4900
f 4900 4965 4966
f 4900 4966 4901
f 4901 4966 4967
f 4901 4967 4902
f 4902 4967 4968
f 4902 4968 4903
f 4903 4968 4969
f 4903 4969 4904
f 4904 4969 4970
f 4904 4970 4905
f 4905 4970 4971
f 4905 4971 4906
f 4906 4971 4972
f 4906 4972 4907
f 4907 4972 4973
f 4907 4973 4908
f 4908 4973 4974
f 4908 4974 4909
f 4910 4975 4976
f 4910 4976 4911
f 4911 4976 4977
f 4911 4977 4912
f 4912 4977 4978
f 4912 4978 4913
f 4913 4978 4979
f 4913 4979 4914
f 4914 4979 4980
f 4914 4980 4915
f 4915 4980 4981
f 4915 4981 4916
f 4916 4981 4982
f 4916 4982 4917
f 4917 4982 4983
f 4917 4983 4918
f 4918 4983 4984
f 4918 4984 4919
f 4919 4984 4985
f 4919 4985 4920
f 4920 4985 4986
f 4920 4986 4921
f 4921 4986 4987
f 4921 4987 4922
f 4922 4987 4988
f 4922 4988 4923
f 4923 4988 4989
f 4923 4989 4924
f 4924 4989 4990
f 4924 4990 4925
f 4925 4990 4991
f 4925 4991 4926
f 4926 4991 4992
f 4926 4992 4927
f 4927 4992 4993
f 4927 4993 4928
f 4928 4993 4994
f 4928 4994 4929
f 4929 4994 4995
f 4929 4995 4930
f 4930 4995 4996
f 4930 4996 4931
f 4931 4996 4997
f 4931 4997 4932
f 4932 4997 4998
f 4932 4998 4933
f 4933 4998 4999
f 4933 4999 4934
f 4934 4999 5000
f 4934 5000 4935
f 4935 5000 5001
f 4935 5001 4936
f 4936 5001 5002
f 4936 5002 4937
f 4937 5002 5003
f 4937 5003 4938
f 4938 5003 5004
f 4938 5004 4939
f 4939 5004 5005
f 4939 5005 4940
f 4940 5005 5006
f 4940 5006 4941
f 4941 5006 5007
f 4941 5007 4942
f 4942 5007 5008
f 4942 5008 4943
f 4943 5008 5009
f 4943 5009 4944
f 4944 5009 5010
f 4944 5010 4945
f 4945 5010 5011
f 4945 5011 4946
f 4946 5011 5012
f 4946 5012 4947
f 4947 5012 5013
f 4947 5013 4948
f 4948 5013 5014
f 4948 5014 4949
f 4949 5014 5015
f 4949 5015 4950
f 4950 5015 5016
f 4950 5016 4951
f 4951 5016 5017
f 4951 5017 4952
f 4952 5017 5018
f 4952 5018 4953
f 4953 5018 5019
f 4953 5019 4954
f 4954 5019 5020
f 4954 5020 4955
f 4955 5020 5021
f 4955 5021 4956
f 4956 5021 5022
f 4956 5022 4957
f 4957 5022 5023
f 4957 5023 4958
f 4958 5023 5024
f 4958 5024 4959
f 4959 5024 5025
f 4959 5025 4960
f 4960 5025 5026
f 4960 5026 4961
f 4961 5026 5027
f 4961 5027 4962
f 4962 5027 5028
f 4962 5028 4963
f 4963 5028 5029
f 4963 5029 4964
f 4964 5029 5030
f 4964 5030 4965
f 4965 5030 5031
f 4965 5031 4966
f 4966 5031 5032
f 4966 5032 4967
f 4967 5032 5033
f 4967 5033 4968
f 4968 5033 5034
f 4968 5034 4969
f 4969 5034 5035
f 4969 5035 4970
f 4970 5035 5036
f 4970 5036 4971
f 4971 5036 5037
f 4971 5037 4972
f 4972 5037 5038
f 4972 5038 4973
f 4973 5038 5039
f 4973 5039 4974
f 4975 5040 5041
f 4975 5041 4976
f 4976 5041 5042
f 4976 5042 4977
f 4977 5042 5043
f 4977 5043 4978
f 4978 5043 5044
f 4978 5044 4979
f 4979 5044 5045
f 4979 5045 4980
f 4980 5045 5046
f 4980 5046 4981
f 4981 5046 5047
f 4981 5047 4982
f 4982 5047 5048
f 4982 5048 4983
f 4983 5048 5049
f 4983 5049 4984
f 4984 5049 5050
f 4984 5050 4985
f 4985 5050 5051
f 4985 5051 4986
f 4986 5051 5052
f 4986 5052 4987
f 4987 5052 5053
f 4987 5053 4988
f 4988 5053 5054
f 4988 5054 4989
f 4989 5054 5055
f 4989 5055 4990
f 4990 5055 5056
f 4990 5056 4991
f 4991 5056 5057
f 4991 5057 4992
f 4992 5057 5058
f 4992 5058 4993
f 4993 5058 5059
f 4993 5059 4994
f 4994 5059 5060
f 4994 5060 4995
f 4995 5060 5061
f 4995 5061 4996
f 4996 5061 5062
f 4996 5062 4997
f 4997 5062 5063
f 4997 5063 4998
f 4998 5063 5064
f 4998 5064 4999
f 4999 5064 5065
f 4999 5065 5000
f 5000 5065 5066
f 5000 5066 5001
f 5001 5066 5067
f 5001 5067 5002
f 5002 5067 5068
f 5002 5068 5003
f 5003 5068 5069
f 5003 5069 5004
f 5004 5069 5070
f 5004 5070 5005
f 5005 5070 5071
f 5005 5071 5006
f 5006 5071 5072
f 5006 5072 5007
f 5007 5072 5073
f 5007 5073 5008
f 5008 5073 5074
f 5008 5074 5009
f 5009 5074 5075
f 5009 5075 5010
f 5010 5075 5076
f 5010 5076 5011
f 5011 5076 5077
f 5011 5077 5012
f 5012 5077 5078
f 5012 5078 5013
f 5013 5078 5079
f 5013 5079 5014
f 5014 5079 5080
f 5014 5080 5015
f 5015 5080 5081
f 5015 5081 5016
f 5016 5081 5082
f 5016 5082 5017
f 5017 5082 5083
f 5017 5083 5018
f 5018 5083 5084
f 5018 5084 5019
f 5019 5084 5085
f 5019 5085 5020
f 5020 5085 5086
f 5020 5086 5021
f 5021 5086 5087
f 5021 5087 5022
f 5022 5087 5088
f 5022 5088 5023
f 5023 5088 5089
f 5023 5089 5024
f 5024 5089 5090
f 5024 5090 5025
f 5025 5090 5091
f 5025 5091 5026
f 5026 5091 5092
f 5026 5092 5027
f 5027 5092 5093
f 5027 5093 5028
f 5028 5093 5094
f 5028 5094 5029
f 5029 5094 5095
f 5029 5095 5030
f 5030 5095 5096
f 5030 5096 5031
f 5031 5096 5097
f 5031 5097 5032
f 5032 5097 5098
f 5032 5098 5033
f 5033 5098 5099
f 5033 5099 5034
f 5034 5099 5100
f 5034 5100 5035
f 5035 5100 5101
f 5035 5101 5036
f 5036 5101 5102
f 5036 5102 5037
f 5037 5102 5103
f 5037 5103 5038
f 5041 5104 5105
f 5041 5105 5042
f 5042 5105 5106
f 5042 5106 5043
f 5043 5106 5107
f 5043 5107 5044
f 5044 5107 5108
f 5044 5108 5045
f 5045 5108 5109
f 5045 5109 5046
f 5046 5109 5110
f 5046 5110 5047
f 5047 5110 5111
f 5047 5111 5048
f 5048 5111 5112
f 5048 5112 5049
f 5049 5112 5113
f 5049 5113 5050
f 5050 5113 5114
f 5050 5114 5051
f 5051 5114 5115
f 5051 5115 5052
f 5052 5115 5116
f 5052 5116 5053
f 5053 5116 5117
f 5053 5117 5054
f 5054 5117 5118
f 5054 5118 5055
f 5055 5118 5119
f 5055 5119 5056
f 5056 5119 5120
f 5056 5120 5057
f 5057 5120 5121
f 5057 5121 5058
f 5058 5121 5122
f 5058 5122 5059
f 5059 5122 5123
f 5059 5123 5060
f 5060 5123 5124
f 5060 5124 5061
f 5061 5124 5125
f 5061 5125 5062
f 5062 5125 5126
f 5062 5126 5063
f 5063 5126 5127
f 5063 5127 5064
f 5064 5127 5128
f 5064 5128 5065
f 5065 5128 5129
f 5065 5129 5066
f 5066 5129 5130
f 5066 5130 5067
f 5067 5130 5131
f 5067 5131 5068
f 5068 5131 5132
f 5068 5132 5069
f 5069 5132 5133
f 5069 5133 5070
f 5070 5133 5134
f 5070 5134 5071
f 5071 5134 5135
f 5071 5135 5072
f 5072 5135 5136
f 5072 5136 5073
f 5073 5136 5137
f 5073 5137 5074
f 5074 5137 5138
f 5074 5138 5075
f 5075 5138 5139
f 5075 5139 5076
f 5076 5139 5140
f 5076 5140 5077
f 5077 5140 5141
f 5077 5141 5078
f 5078 5141 5142
f 5078 5142 5079
f 5079 5142 5143
f 5079 5143 5080
f 5080 5143 5144
f 5080 5144 5081
f 5081 5144 5145
f 5081 5145 5082
f 5082 5145 5146
f 5082 5146 5083
f 5083 5146 5147
f 5083 5147 5084
f 5084 5147 5148
f 5084 5148 5085
f 5085 5148 5149
f 5085 5149 5086
f 5086 5149 5150
f 5086 5150 5087
f 5087 5150 5151
f 5087 5151 5088
f 5088 5151 5152
f 5088 5152 5089
f 5089 5152 5153
f 5089 5153 5090
f 5090 5153 5154
f 5090 5154 5091
f 5091 5154 5155
f 5091 5155 5092
f 5092 5155 5156
f 5092 5156 5093
f 5093 5156 5157
f 5093 5157 5094
f 5094 5157 5158
f 5094 5158 5095
f 5095 5158 5159
f 5095 5159 5096
f 5096 5159 5160
f 5096 5160 5097
f 5097 5160 5161
f 5097 5161 5098
f 5098 5161 5162
f 5098 5162 5099
f 5099 5162 5163
f 5099 5163 5100
f 5100 5163 5164
f 5100 5164 5101
f 5101 5164 5165
f 5101 5165 5102
f 5102 5165 5166
f 5102 5166 5103
f 5104 5167 5168
f 5104 5168 5105
f 5105 5168 5169
f 5105 5169 5106
f 5106 5169 5170
f 5106 5170 5107
f 5107 5170 5171
f 5107 5171 5108
f 5108 5171 5172
f 5108 5172 5109
f 5109 5172 5173
f 5109 5173 5110
f 5110 5173 5174
f 5110 5174 5111
f 5111 5174 5175
f 5111 5175 5112
f 5112 5175 5176
f 5112 5176 5113
f 5113 5176 5177
f 5113 5177 5114
f 5114 5177 5178
f 5114 5178 5115
f 5115 5178 5179
f 5115 5179 5116
f 5116 5179 5180
f 5116 5180 5117
f 5117 5180 5181
f 5117 5181 5118
f 5118 5181 5182
f 5118 5182 5119
f 5119 5182 5183
f 5119 5183 5120
f 5120 5183 5184
f 5120 5184 5121
f 5121 5184 5185
f 5121 5185 5122
f 5122 5185 5186
f 5122 5186 5123
f 5123 5186 5187
f 5123 5187 5124
f 5124 5187 5188
f 5124 5188 5125
f 5125 5188 5189
f 5125 5189 5126
f 5126 5189 5190
f 5126 5190 5127
f 5127 5190 5191
f 5127 5191 5128
f 5128 5191 5192
f 5128 5192 5129
f 5129 5192 5193
f 5129 5193 5130
f 5130 5193 5194
f 5130 5194 5131
f 5131 5194 5195
f 5131 5195 5132
f 5132 5195 5196
f 5132 5196 5133
f 5133 5196 5197
f 5133 5197 5134
f 5134 5197 5198
f 5134 5198 5135
f 5135 5198 5199
f 5135 5199 5136
f 5136 5199 5200
f 5136 5200 5137
f 5137 5200 5201
f 5137 5201 5138
f 5138 5201 5202
f 5138 5202 5139
f 5139 5202 5203
f 5139 5203 5140
f 5140 5203 5204
f 5140 5204 5141
f 5141 5204 5205
f 5141 5205 5142
f 5142 5205 5206
f 5142 5206 5143
f 5143 5206 5207
f 5143 5207 5144
f 5144 5207 5208
f 5144 5208 5145
f 5145 5208 5209
f 5145 5209 5146
f 5146 5209 5210
f 5146 5210 5147
f 5147 5210 5211
f 5147 5211 5148
f 5148 5211 5212
f 5148 5212 5149
f 5149 5212 5213
f 5149 5213 5150
f 5150 5213 5214
f 5150 5214 5151
f 5151 5214 5215
f 5151 5215 5152
f 5152 5215 5216
f 5152 5216 5153
f 5153 5216 5217
f 5153 5217 5154
f 5154 5217 5218
f 5154 5218 5155
f 5155 5218 5219
f 5155 5219 5156
f 5156 5219 5220
f 5156 5220 5157
f 5157 5220 5221
f 5157 5221 5158
f 5158 5221 5222
f 5158 5222 5159
f 5159 5222 5223
f 5159 5223 5160
f 5160 5223 5224
f 5160 5224 5161
f 5161 5224 5225
f 5161 5225 5162
f 5162 5225 5226
f 5162 5226 5163
f 5163 5226 5227
f 5163 5227 5164
f 5164 5227 5228
f 5164 5228 5165
f 5165 5228 5229
f 5165 5229 5166
f 5167 5230 5231
f 5167 5231 5168
f 5168 5231 5232
f 5168 5232 5169
f 5169 5232 5233
f 5169 5233 5170
f 5170 5233 5234
f 5170 5234 5171
f 5171 5234 5235
f 5171 5235 5172
f 5172 5235 5236
f 5172 5236 5173
f 5173 5236 5237
f 5173 5237 5174
f 5174 5237 5238
f 5174 5238 5175
f 5175 5238 5239
f 5175 5239 5176
f 5176 5239 5240
f 5176 5240 5177
f 5177 5240 5241
f 5177 5241 5178
f 5178 5241 5242
f 5178 5242 5179
f 5179 5242 5243
f 5179 5243 5180
f 5180 5243 5244
f 5180 5244 5181
f 5181 5244 5245
f 5181 5245 5182
f 5182 5245 5246
f 5182 5246 5183
f 5183 5246 5247
f 5183 5247 5184
f 5184 5247 5248
f 5184 5248 5185
f 5185 5248 5249
f 5185 5249 5186
f 5186 5249 5250
f 5186 5250 5187
f 5187 5250 5251
f 5187 5251 5188
f 5188 5251 5252
f 5188 5252 5189
f 5189 5252 5253
f 5189 5253 5190
f 5190 5253 5254
f 5190 5254 5191
f 5191 5254 5255
f 5191 5255 5192
f 5192 5255 5256
f 5192 5256 5193
f 5193 5256 5257
f 5193 5257 5194
f 5194 5257 5258
f 5194 5258 5195
f 5195 5258 5259
f 5195 5259 5196
f 5196 5259 5260
f 5196 5260 5197
f 5197 5260 5261
f 5197 5261 5198
f 5198 5261 5262
f 5198 5262 5199
f 5199 5262 5263
f 5199 5263 5200
f 5200 5263 5264
f 5200 5264 5201
f 5201 5264 5265
f 5201 5265 5202
f 5202 5265 5266
f 5202 5266 5203
f 5203 5266 5267
f 5203 5267 5204
f 5204 5267 5268
f 5204 5268 5205
f 5205 5268 5269
f 5205 5269 5206
f 5206 5269 5270
f 5206 5270 5207
f 5207 5270 5271
f 5207 5271 5208
f 5208 5271 5272
f 5208 5272 5209
f 5209 5272 5273
f 5209 5273 5210
f 5210 5273 5274
f 5210 5274 5211
f 5211 5274 5275
f 5211 5275 5212
f 5212 5275 5276
f 5212 5276 5213
f 5213 5276 5277
f 5213 5277 5214
f 5214 5277 5278
f 5214 5278 5215
f 5215 5278 5279
f 5215 5279 5216
f 5216 5279 5280
f 5216 5280 5217
f 5217 5280 5281
f 5217 5281 5218
f 5218 5281 5282
f 5218 5282 5219
f 5219 5282 5283
f 5219 5283 5220
f 5220 5283 5284
f 5220 5284 5221
f 5221 5284 5285
f 5221 5285 5222
f 5222 5285 5286
f 5222 5286 5223
f 5223 5286 5287
f 5223 5287 5224
f 5224 5287 5288
f 5224 5288 5225
f 5225 5288 5289
f 5225 5289 5226
f 5226 5289 5290
f 5226 5290 5227
f 5227 5290 5291
f 5227 5291 5228
f 5228 5291 5292
f 5228 5292 5229
f 5230 5293 5294
f 5230 5294 5231
f 5231 5294 5295
f 5231 5295 5232
f 5232 5295 5296
f 5232 5296 5233
f 5233 5296 5297
f 5233 5297 5234
f 5234 5297 5298
f 5234 5298 5235
f 5235 5298 5299
f 5235 5299 5236
f 5236 5299 5300
f 5236 5300 5237
f 5237 5300 5301
f 5237 5301 5238
f 5238 5301 5302
f 5238 5302 5239
f 5239 5302 5303
f 5239 5303 5240
f 5240 5303 5304
f 5240 5304 5241
f 5241 5304 5305
f 5241 5305 5242
f 5242 5305 5306
f 5242 5306 5243
f 5243 5306 5307
f 5243 5307 5244
f 5244 5307 5308
f 5244 5308 5245
f 5245 5308 5309
f 5245 5309 5246
f 5246 5309 5310
f 5246 5310 5247
f 5247 5310 5311
f 5247 5311 5248
f 5248 5311 5312
f 5248 5312 5249
f 5249 5312 5313
f 5249 5313 5250
f 5250 5313 5314
f 5250 5314 5251
f 5251 5314 5315
f 5251 5315 5252
f 5252 5315 5316
f 5252 5316 5253
f 5253 5316 5317
f 5253 5317 5254
f 5254 5317 5318
f 5254 5318 5255
f 5255 5318 5319
f 5255 5319 5256
f 5256 5319 5320
f 5256 5320 5257
f 5257 5320 5321
f 5257 5321 5258
f 5258 5321 5322
f 5258 5322 5259
f 5259 5322 5323
f 5259 5323 5260
f 5260 5323 5324
f 5260 5324 5261
f 5261 5324 5325
f 5261 5325 5262
f 5262 5325 5326
f 5262 5326 5263
f 5263 5326 5327
f 5263 5327 5264
f 5264 5327 5328
f 5264 5328 5265
f 5265 5328 5329
f 5265 5329 5266
f 5266 5329 5330
f 5266 5330 5267
f 5267 5330 5331
f 5267 5331 5268
f 5268 5331 5332
f 5268 5332 5269
f 5269 5332 5333
f 5269 5333 5270
f 5270 5333 5334
f 5270 5334 5271
f 5271 5334 5335
f 5271 5335 5272
f 5272 5335 5336
f 5272 5336 5273
f 5273 5336 5337
f 5273 5337 5274
f 5274 5337 5338
f 5274 5338 5275
f 5275 5338 5339
f 5275 5339 5276
f 5276 5339 5340
f 5276 5340 5277
f 5277 5340 5341
f 5277 5341 5278
f 5278 5341 5342
f 5278 5342 5279
f 5279 5342 5343
f 5279 5343 5280
f 5280 5343 5344
f 5280 5344 5281
f 5281 5344 5345
f 5281 5345 5282
f 5282 5345 5346
f 5282 5346 5283
f 5283 5346 5347
f 5283 5347 5284
f 5284 5347 5348
f 5284 5348 5285
f 5285 5348 5349
f 5285 5349 5286
f 5286 5349 5350
f 5286 5350 5287
f 5287 5350 5351
f 5287 5351 5288
f 5288 5351 5352
f 5288 5352 5289
f 5289 5352 5353
f 5289 5353 5290
f 5290 5353 5354
f 5290 5354 5291
f 5293 5355 5356
f 5293 5356 5294
f 5294 5356 5357
f 5294 5357 5295
f 5295 5357 5358
f 5295 5358 5296
f 5296 5358 5359
f 5296 5359 5297
f 5297 5359 5360
f 5297 5360 5298
f 5298 5360 5361
f 5298 5361 5299
f 5299 5361 5362
f 5299 5362 5300
f 5300 5362 5363
f 5300 5363 5301
f 5301 5363 5364
f 5301 5364 5302
f 5302 5364 5365
f 5302 5365 5303
f 5303 5365 5366
f 5303 5366 5304
f 5304 5366 5367
f 5304 5367 5305
f 5305 5367 5368
f 5305 5368 5306
f 5306 5368 5369
f 5306 5369 5307
f 5307 5369 5370
f 5307 5370 5308
f 5308 5370 5371
f 5308 5371 5309
f 5309 5371 5372
f 5309 5372 5310
f 5310 5372 5373
f 5310 5373 5311
f 5311 5373 5374
f 5311 5374 5312
f 5312 5374 5375
f 5312 5375 5313
f 5313 5375 5376
f 5313 5376 5314
f 5314 5376 5377
f 5314 5377 5315
f 5315 5377 5378
f 5315 5378 5316
f 5316 5378 5379
f 5316 5379 5317
f 5317 5379 5380
f 5317 5380 5318
f 5318 5380 5381
f 5318 5381 5319
f 5319 5381 5382
f 5319 5382 5320
f 5320 5382 5383
f 5320 5383 5321
f 5321 5383 5384
f 5321 5384 5322
f 5322 5384 5385
f 5322 5385 5323
f 5323 5385 5386
f 5323 5386 5324
f 5324 5386 5387
f 5324 5387 5325
f 5325 5387 5388
f 5325 5388 5326
f 5326 5388 5389
f 5326 5389 5327
f 5327 5389 5390
f 5327 5390 5328
f 5328 5390 5391
f 5328 5391 5329
f 5329 5391 5392
f 5329 5392 5330
f 5330 5392 5393
f 5330 5393 5331
f 5331 5393 5394
f 5331 5394 5332
f 5332 5394 5395
f 5332 5395 5333
f 5333 5395 5396
f 5333 5396 5334
f 5334 5396 5397
f 5334 5397 5335
f 5335 5397 5398
f 5335 5398 5336
f 5336 5398 5399
f 5336 5399 5337
f 5337 5399 5400
f 5337 5400 5338
f 5338 5400 5401
f 5338 5401 5339
f 5339 5401 5402
f 5339 5402 5340
f 5340 5402 5403
f 5340 5403 5341
f 5341 5403 5404
f 5341 5404 5342
f 5342 5404 5405
f 5342 5405 5343
f 5343 5405 5406
f 5343 5406 5344
f 5344 5406 5407
f 5344 5407 5345
f 5345 5407 5408
f 5345 5408 5346
f 5346 5408 5409
f 5346 5409 5347
f 5347 5409 5410
f 5347 5410 5348
f 5348 5410 5411
f 5348 5411 5349
f 5349 5411 5412
f 5349 5412 5350
f 5350 5412 5413
f 5350 5413 5351
f 5351 5413 5414
f 5351 5414 5352
f 5352 5414 5415
f 5352 5415 5353
f 5353 5415 5416
f 5353 5416 5354
f 5356 5417 5418
f 5356 5418 5357
f 5357 5418 5419
f 5357 5419 5358
f 5358 5419 5420
f 5358 5420 5359
f 5359 5420 5421
f 5359 5421 5360
f 5360 5421 5422
f 5360 5422 5361
f 5361 5422 5423
f 5361 5423 5362
f 5362 5423 5424
f 5362 5424 5363
f 5363 5424 5425
f 5363 5425 5364
f 5364 5425 5426
f 5364 5426 5365
f 5365 5426 5427
f 5365 5427 5366
f 5366 5427 5428
f 5366 5428 5367
f 5367 5428 5429
f 5367 5429 5368
f 5368 5429 5430
f 5368 5430 5369
f 5369 5430 5431
f 5369 5431 5370
f 5370 5431 5432
f 5370 5432 5371
f 5371 5432 5433
f 5371 5433 5372
f 5372 5433 5434
f 5372 5434 5373
f 5373 5434 5435
f 5373 5435 5374
f 5374 5435 5436
f 5374 5436 5375
f 5375 5436 5437
f 5375 5437 5376
f 5376 5437 5438
f 5376 5438 5377
f 5377 5438 5439
f 5377 5439 5378
f 5378 5439 5440
f 5378 5440 5379
f 5379 5440 5441
f 5379 5441 5380
f 5380 5441 5442
f 5380 5442 5381
f 5381 5442 5443
f 5381 5443 5382
f 5382 5443 5444
f 5382 5444 5383
f 5383 5444 5445
f 5383 5445 5384
f 5384 5445 5446
f 5384 5446 5385
f 5385 5446 5447
f 5385 5447 5386
f 5386 5447 5448
f 5386 5448 5387
f 5387 5448 5449
f 5387 5449 5388
f 5388 5449 5450
f 5388 5450 5389
f 5389 5450 5451
f 5389 5451 5390
f 5390 5451 5452
f 5390 5452 5391
f 5391 5452 5453
f 5391 5453 5392
f 5392 5453 5454
f 5392 5454 5393
f 5393 5454 5455
f 5393 5455 5394
f 5394 5455 5456
f 5394 5456 5395
f 5395 5456 5457
f 5395 5457 5396
f 5396 5457 5458
f 5396 5458 5397
f 5397 5458 5459
f 5397 5459 5398
f 5398 5459 5460
f 5398 5460 5399
f 5399 5460 5461
f 5399 5461 5400
f 5400 5461 5462
f 5400 5462 5401
f 5401 5462 5463
f 5401 5463 5402
f 5402 5463 5464
f 5402 5464 5403
f 5403 5464 5465
f 5403 5465 5404
f 5404 5465 5466
f 5404 5466 5405
f 5405 5466 5467
f 5405 5467 5406
f 5406 5467 5468
f 5406 5468 5407
f 5407 5468 5469
f 5407 5469 5408
f 5408 5469 5470
f 5408 5470 5409
f 5409 5470 5471
f 5409 5471 5410
f 5410 5471 5472
f 5410 5472 5411
f 5411 5472 5473
f 5411 5473 5412
f 5412 5473 5474
f 5412 5474 5413
f 5413 5474 5475
f 5413 5475 5414
f 5414 5475 5476
f 5414 5476 5415
f 5415 5476 5477
f 5415 5477 5416
f 5417 5478 5479
f 5417 5479 5418
f 5418 5479 5480
f 5418 5480 5419
f 5419 5480 5481
f 5419 5481 5420
f 5420 5481 5482
f 5420 5482 5421
f 5421 5482 5483
f 5421 5483 5422
f 5422 5483 5484
f 5422 5484 5423
f 5423 5484 5485
f 5423 5485 5424
f 5424 5485 5486
f 5424 5486 5425
f 5425 5486 5487
f 5425 5487 5426
f 5426 5487 5488
f 5426 5488 5427
f 5427 5488 5489
f 5427 5489 5428
f 5428 5489 5490
f 5428 5490 5429
f 5429 5490 5491
f 5429 5491 5430
f 5430 5491 5492
f 5430 5492 5431
f 5431 5492 5493
f 5431 5493 5432
f 5432 5493 5494
f 5432 5494 5433
f 5433 5494 5495
f 5433 5495 5434
f 5434 5495 5496
f 5434 5496 5435
f 5435 5496 5497
f 5435 5497 5436
f 5436 5497 5498
f 5436 5498 5437
f 5437 5498 5499
f 5437 5499 5438
f 5438 5499 5500
f 5438 5500 5439
f 5439 5500 5501
f 5439 5501 5440
f 5440 5501 5502
f 5440 5502 5441
f 5441 5502 5503
f 5441 5503 5442
f 5442 5503 5504
f 5442 5504 5443
f 5443 5504 5505
f 5443 5505 5444
f 5444 5505 5506
f 5444 5506 5445
f 5445 5506 5507
f 5445 5507 5446
f 5446 5507 5508
f 5446 5508 5447
f 5447 5508 5509
f 5447 5509 5448
f 5448 5509 5510
f 5448 5510 5449
f 5449 5510 5511
f 5449 5511 5450
f 5450 5511 5512
f 5450 5512 5451
f 5451 5512 5513
f 5451 5513 5452
f 5452 5513 5514
f 5452 5514 5453
f 5453 5514 5515
f 5453 5515 5454
f 5454 5515 5516
f 5454 5516 5455
f 5455 5516 5517
f 5455 5517 5456
f 5456 5517 5518
f 5456 5518 5457
f 5457 5518 5519
f 5457 5519 5458
f 5458 5519 5520
f 5458 5520 5459
f 5459 5520 5521
f 5459 5521 5460
f 5460 5521 5522
f 5460 5522 5461
f 5461 5522 5523
f 5461 5523 5462
f 5462 5523 5524
f 5462 5524 5463
f 5463 5524 5525
f 5463 5525 5464
f 5464 5525 5526
f 5464 5526 5465
f 5465 5526 5527
f 5465 5527 5466
f 5466 5527 5528
f 5466 5528 5467
f 5467 5528 5529
f 5467 5529 5468
f 5468 5529 5530
f 5468 5530 5469
f 5469 5530 5531
f 5469 5531 5470
f 5470 5531 5532
f 5470 5532 5471
f 5471 5532 5533
f 5471 5533 5472
f 5472 5533 5534
f 5472 5534 5473
f 5473 5534 5535
f 5473 5535 5474
f 5474 5535 5536
f 5474 5536 5475
f 5475 5536 5537
f 5475 5537 5476
f 5476 5537 5538
f 5476 5538 5477
f 5478 5539 5540
f 5478 5540 5479
f 5479 5540 5541
f 5479 5541 5480
f 5480 5541 5542
f 5480 5542 5481
f 5481 5542 5543
f 5481 5543 5482
f 5482 5543 5544
f 5482 5544 5483
f 5483 5544 5545
f 5483 5545 5484
f 5484 5545 5546
f 5484 5546 5485
f 5485 5546 5547
f 5485 5547 5486
f 5486 5547 5548
f 5486 5548 5487
f 5487 5548 5549
f 5487 5549 5488
f 5488 5549 5550
f 5488 5550 5489
f 5489 5550 5551
f 5489 5551 5490
f 5490 5551 5552
f 5490 5552 5491
f 5491 5552 5553
f 5491 5553 5492
f 5492 5553 5554
f 5492 5554 5493
f 5493 5554 5555
f 5493 5555 5494
f 5494 5555 5556
f 5494 5556 5495
f 5495 5556 5557
f 5495 5557 5496
f 5496 5557 5558
f 5496 5558 5497
f 5497 5558 5559
f 5497 5559 5498
f 5498 5559 5560
f 5498 5560 5499
f 5499 5560 5561
f 5499 5561 5500
f 5500 5561 5562
f 5500 5562 5501
f 5501 5562 5563
f 5501 5563 5502
f 5502 5563 5564
f 5502 5564 5503
f 5503 5564 5565
f 5503 5565 5504
f 5504 5565 5566
f 5504 5566 5505
f 5505 5566 5567
f 5505 5567 5506
f 5506 5567 5568
f 5506 5568 5507
f 5507 5568 5569
f 5507 5569 5508
f 5508 5569 5570
f 5508 5570 5509
f 5509 5570 5571
f 5509 5571 5510
f 5510 5571 5572
f 5510 5572 5511
f 5511 5572 5573
f 5511 5573 5512
f 5512 5573 5574
f 5512 5574 5513
f 5513 5574 5575
f 5513 5575 5514
f 5514 5575 5576
f 5514 5576 5515
f 5515 5576 5577
f 5515 5577 5516
f 5516 5577 5578
f 5516 5578 5517
f 5517 5578 5579
f 5517 5579 5518
f 5518 5579 5580
f 5518 5580 5519
f 5519 5580 5581
f 5519 5581 5520
f 5520 5581 5582
f 5520 5582 5521
f 5521 5582 5583
f 5521 5583 5522
f 5522 5583 5584
f 5522 5584 5523
f 5523 5584 5585
f 5523 5585 5524
f 5524 5585 5586
f 5524 5586 5525
f 5525 5586 5587
f 5525 5587 5526
f 5526 5587 5588
f 5526 5588 5527
f 5527 5588 5589
f 5527 5589 5528
f 5528 5589 5590
f 5528 5590 5529
f 5529 5590 5591
f 5529 5591 5530
f 5530 5591 5592
f 5530 5592 5531
f 5531 5592 5593
f 5531 5593 5532
f 5532 5593 5594
f 5532 5594 5533
f 5533 5594 5595
f 5533 5595 5534
f 5534 5595 5596
f 5534 5596 5535
f 5535 5596 5597
f 5535 5597 5536
f 5536 5597 5598
f 5536 5598 5537
f 5540 5599 5600
f 5540 5600 5541
f 5541 5600 5601
f 5541 5601 5542
f 5542 5601 5602
f 5542 5602 5543
f 5543 5602 5603
f 5543 5603 5544
f 5544 5603 5604
f 5544 5604 5545
f 5545 5604 5605
f 5545 5605 5546
f 5546 5605 5606
f 5546 5606 5547
f 5547 5606 5607
f 5547 5607 5548
f 5548 5607 5608
f 5548 5608 5549
f 5549 5608 5609
f 5549 5609 5550
f 5550 5609 5610
f 5550 5610 5551
f 5551 5610 5611
f 5551 5611 5552
f 5552 5611 5612
f 5552 5612 5553
f 5553 5612 5613
f 5553 5613 5554
f 5554 5613 5614
f 5554 5614 5555
f 5555 5614 5615
f 5555 5615 5556
f 5556 5615 5616
f 5556 5616 5557
f 5557 5616 5617
f 5557 5617 5558
f 5558 5617 5618
f 5558 5618 5559
f 5559 5618 5619
f 5559 5619 5560
f 5560 5619 5620
f 5560 5620 5561
f 5561 5620 5621
f 5561 5621 5562
f 5562 5621 5622
f 5562 5622 5563
f 5563 5622 5623
f 5563 5623 5564
f 5564 5623 5624
f 5564 5624 5565
f 5565 5624 5625
f 5565 5625 5566
f 5566 5625 5626
f 5566 5626 5567
f 5567 5626 5627
f 5567 5627 5568
f 5568 5627 5628
f 5568 5628 5569
f 5569 5628 5629
f 5569 5629 5570
f 5570 5629 5630
f 5570 5630 5571
f 5571 5630 5631
f 5571 5631 5572
f 5572 5631 5632
f 5572 5632 5573
f 5573 5632 5633
f 5573 5633 5574
f 5574 5633 5634
f 5574 5634 5575
f 5575 5634 5635
f 5575 5635 5576
f 5576 5635 5636
f 5576 5636 5577
f 5577 5636 5637
f 5577 5637 5578
f 5578 5637 5638
f 5578 5638 5579
f 5579 5638 5639
f 5579 5639 5580
f 5580 5639 5640
f 5580 5640 5581
f 5581 5640 5641
f 5581 5641 5582
f 5582 5641 5642
f 5582 5642 5583
f 5583 5642 5643
f 5583 5643 5584
f 5584 5643 5644
f 5584 5644 5585
f 5585 5644 5645
f 5585 5645 5586
f 5586 5645 5646
f 5586 5646 5587
f 5587 5646 5647
f 5587 5647 5588
f 5588 5647 5648
f 5588 5648 5589
f 5589 5648 5649
f 5589 5649 5590
f 5590 5649 5650
f 5590 5650 5591
f 5591 5650 5651
f 5591 5651 5592
f 5592 5651 5652
f 5592 5652 5593
f 5593 5652 5653
f 5593 5653 5594
f 5594 5653 5654
f 5594 5654 5595
f 5595 5654 5655
f 5595 5655 5596
f 5596 5655 5656
f 5596 5656 5597
f 5597 5656 5657
f 5597 5657 5598
f 5599 5658 5659
f 5599 5659 5600
f 5600 5659 5660
f 5600 5660 5601
f 5601 5660 5661
f 5601 5661 5602
f 5602 5661 5662
f 5602 5662 5603
f 5603 5662 5663
f 5603 5663 5604
f 5604 5663 5664
f 5604 5664 5605
f 5605 5664 5665
f 5605 5665 5606
f 5606 5665 5666
f 5606 5666 5607
f 5607 5666 5667
f 5607 5667 5608
f 5608 5667 5668
f 5608 5668 5609
f 5609 5668 5669
f 5609 5669 5610
f 5610 5669 5670
f 5610 5670 5611
f 5611 5670 5671
f 5611 5671 5612
f 5612 5671 5672
f 5612 5672 5613
f 5613 5672 5673
f 5613 5673 5614
f 5614 5673 5674
f 5614 5674 5615
f 5615 5674 5675
f 5615 5675 5616
f 5616 5675 5676
f 5616 5676 5617
f 5617 5676 5677
f 5617 5677 5618
f 5618 5677 5678
f 5618 5678 5619
f 5619 5678 5679
f 5619 5679 5620
f 5620 5679 5680
f 5620 5680 5621
f 5621 5680 5681
f 5621 5681 5622
f 5622 5681 5682
f 5622 5682 5623
f 5623 5682 5683
f 5623 5683 5624
f 5624 5683 5684
f 5624 5684 5625
f 5625 5684 5685
f 5625 5685 5626
f 5626 5685 5686
f 5626 5686 5627
f 5627 5686 5687
f 5627 5687 5628
f 5628 5687 5688
f 5628 5688 5629
f 5629 5688 5689
f 5629 5689 5630
f 5630 5689 5690
f 5630 5690 5631
f 5631 5690 5691
f 5631 5691 5632
f 5632 5691 5692
f 5632 5692 5633
f 5633 5692 5693
f 5633 5693 5634
f 5634 5693 5694
f 5634 5694 5635
f 5635 5694 5695
f 5635 5695 5636
f 5636 5695 5696
f 5636 5696 5637
f 5637 5696 5697
f 5637 5697 5638
f 5638 5697 5698
f 5638 5698 5639
f 5639 5698 5699
f 5639 5699 5640
f 5640 5699 5700
f 5640 5700 5641
f 5641 5700 5701
f 5641 5701 5642
f 5642 5701 5702
f 5642 5702 5643
f 5643 5702 5703
f 5643 5703 5644
f 5644 5703 5704
f 5644 5704 5645
f 5645 5704 5705
f 5645 5705 5646
f 5646 5705 5706
f 5646 5706 5647
f 5647 5706 5707
f 5647 5707 5648
f 5648 5707 5708
f 5648 5708 5649
f 5649 5708 5709
f 5649 5709 5650
f 5650 5709 5710
f 5650 5710 5651
f 5651 5710 5711
f 5651 5711 5652
f 5652 5711 5712
f 5652 5712 5653
f 5653 5712 5713
f 5653 5713 5654
f 5654 5713 5714
f 5654 5714 5655
f 5655 5714 5715
f 5655 5715 5656
f 5656 5715 5716
f 5656 5716 5657
f 5658 5717 5718
f 5658 5718 5659
f 5659 5718 5719
f 5659 5719 5660
f 5660 5719 5720
f 5660 5720 5661
f 5661 5720 5721
f 5661 5721 5662
f 5662 5721 5722
f 5662 5722 5663
f 5663 5722 5723
f 5663 5723 5664
f 5664 5723 5724
f 5664 5724 5665
f 5665 5724 5725
f 5665 5725 5666
f 5666 5725 5726
f 5666 5726 5667
f 5667 5726 5727
f 5667 5727 5668
f 5668 5727 5728
f 5668 5728 5669
f 5669 5728 5729
f 5669 5729 5670
f 5670 5729 5730
f 5670 5730 5671
f 5671 5730 5731
f 5671 5731 5672
f 5672 5731 5732
f 5672 5732 5673
f 5673 5732 5733
f 5673 5733 5674
f 5674 5733 5734
f 5674 5734 5675
f 5675 5734 5735
f 5675 5735 5676
f 5676 5735 5736
f 5676 5736 5677
f 5677 5736 5737
f 5677 5737 5678
f 5678 5737 5738
f 5678 5738 5679
f 5679 5738 5739
f 5679 5739 5680
f 5680 5739 5740
f 5680 5740 5681
f 5681 5740 5741
f 5681 5741 5682
f 5682 5741 5742
f 5682 5742 5683
f 5683 5742 5743
f 5683 5743 5684
f 5684 5743 5744
f 5684 5744 5685
f 5685 5744 5745
f 5685 5745 5686
f 5686 5745 5746
f 5686 5746 5687
f 5687 5746 5747
f 5687 5747 5688
f 5688 5747 5748
f 5688 5748 5689
f 5689 5748 5749
f 5689 5749 5690
f 5690 5749 5750
f 5690 5750 5691
f 5691 5750 5751
f 5691 5751 5692
f 5692 5751 5752
f 5692 5752 5693
f 5693 5752 5753
f 5693 5753 5694
f 5694 5753 5754
f 5694 5754 5695
f 5695 5754 5755
f 5695 5755 5696
f 5696 5755 5756
f 5696 5756 5697
f 5697 5756 5757
f 5697 5757 5698
f 5698 5757 5758
f 5698 5758 5699
f 5699 5758 5759
f 5699 5759 5700
f 5700 5759 5760
f 5700 5760 5701
f 5701 5760 5761
f 5701 5761 5702
f 5702 5761 5762
f 5702 5762 5703
f 5703 5762 5763
f 5703 5763 5704
f 5704 5763 5764
f 5704 5764 5705
f 5705 5764 5765
f 5705 5765 5706
f 5706 5765 5766
f 5706 5766 5707
f 5707 5766 5767
f 5707 5767 5708
f 5708 5767 5768
f 5708 5768 5709
f 5709 5768 5769
f 5709 5769 5710
f 5710 5769 5770
f 5710 5770 5711
f 5711 5770 5771
f 5711 5771 5712
f 5712 5771 5772
f 5712 5772 5713
f 5713 5772 5773
f 5713 5773 5714
f 5714 5773 5774
f 5714 5774 5715
f 5715 5774 5775
f 5715 5775 5716
f 5718 5776 5777
f 5718 5777 5719
f 5719 5777 5778
f 5719 5778 5720
f 5720 5778 5779
f 5720 5779 5721
f 5721 5779 5780
f 5721 5780 5722
f 5722 5780 5781
f 5722 5781 5723
f 5723 5781 5782
f 5723 5782 5724
f 5724 5782 5783
f 5724 5783 5725
f 5725 5783 5784
f 5725 5784 5726
f 5726 5784 5785
f 5726 5785 5727
f 5727 5785 5786
f 5727 5786 5728
f 5728 5786 5787
f 5728 5787 5729
f 5729 5787 5788
f 5729 5788 5730
f 5730 5788 5789
f 5730 5789 5731
f 5731 5789 5790
f 5731 5790 5732
f 5732 5790 5791
f 5732 5791 5733
f 5733 5791 5792
f 5733 5792 5734
f 5734 5792 5793
f 5734 5793 5735
f 5735 5793 5794
f 5735 5794 5736
f 5736 5794 5795
f 5736 5795 5737
f 5737 5795 5796
f 5737 5796 5738
f 5738 5796 5797
f 5738 5797 5739
f 5739 5797 5798
f 5739 5798 5740
f 5740 5798 5799
f 5740 5799 5741
f 5741 5799 5800
f 5741 5800 5742
f 5742 5800 5801
f 5742 5801 5743
f 5743 5801 5802
f 5743 5802 5744
f 5744 5802 5803
f 5744 5803 5745
f 5745 5803 5804
f 5745 5804 5746
f 5746 5804 5805
f 5746 5805 5747
f 5747 5805 5806
f 5747 5806 5748
f 5748 5806 5807
f 5748 5807 5749
f 5749 5807 5808
f 5749 5808 5750
f 5750 5808 5809
f 5750 5809 5751
f 5751 5809 5810
f 5751 5810 5752
f 5752 5810 5811
f 5752 5811 5753
f 5753 5811 5812
f 5753 5812 5754
f 5754 5812 5813
f 5754 5813 5755
f 5755 5813 5814
f 5755 5814 5756
f 5756 5814 5815
f 5756 5815 5757
f 5757 5815 5816
f 5757 5816 5758
f 5758 5816 5817
f 5758 5817 5759
f 5759 5817 5818
f 5759 5818 5760
f 5760 5818 5819
f 5760 5819 5761
f 5761 5819 5820
f 5761 5820 5762
f 5762 5820 5821
f 5762 5821 5763
f 5763 5821 5822
f 5763 5822 5764
f 5764 5822 5823
f 5764 5823 5765
f 5765 5823 5824
f 5765 5824 5766
f 5766 5824 5825
f 5766 5825 5767
f 5767 5825 5826
f 5767 5826 5768
f 5768 5826 5827
f 5768 5827 5769
f 5769 5827 5828
f 5769 5828 5770
f 5770 5828 5829
f 5770 5829 5771
f 5771 5829 5830
f 5771 5830 5772
f 5772 5830 5831
f 5772 5831 5773
f 5773 5831 5832
f 5773 5832 5774
f 5774 5832 5833
f 5774 5833 5775
f 5776 5834 5835
f 5776 5835 5777
f 5777 5835 5836
f 5777 5836 5778
f 5778 5836 5837
f 5778 5837 5779
f 5779 5837 5838
f 5779 5838 5780
f 5780 5838 5839
f 5780 5839 5781
f 5781 5839 5840
f 5781 5840 5782
f 5782 5840 5841
f 5782 5841 5783
f 5783 5841 5842
f 5783 5842 5784
f 5784 5842 5843
f 5784 5843 5785
f 5785 5843 5844
f 5785 5844 5786
f 5786 5844 5845
f 5786 5845 5787
f 5787 5845 5846
f 5787 5846 5788
f 5788 5846 5847
f 5788 5847 5789
f 5789 5847 5848
f 5789 5848 5790
f 5790 5848 5849
f 5790 5849 5791
f 5791 5849 5850
f 5791 5850 5792
f 5792 5850 5851
f 5792 5851 5793
f 5793 5851 5852
f 5793 5852 5794
f 5794 5852 5853
f 5794 5853 5795
f 5795 5853 5854
f 5795 5854 5796
f 5796 5854 5855
f 5796 5855 5797
f 5797 5855 5856
f 5797 5856 5798
f 5798 5856 5857
f 5798 5857 5799
f 5799 5857 5858
f 5799 5858 5800
f 5800 5858 5859
f 5800 5859 5801
f 5801 5859 5860
f 5801 5860 5802
f 5802 5860 5861
f 5802 5861 5803
f 5803 5861 5862
f 5803 5862 5804
f 5804 5862 5863
f 5804 5863 5805
f 5805 5863 5864
f 5805 5864 5806
f 5806 5864 5865
f 5806 5865 5807
f 5807 5865 5866
f 5807 5866 5808
f 5808 5866 5867
f 5808 5867 5809
f 5809 5867 5868
f 5809 5868 5810
f 5810 5868 5869
f 5810 5869 5811
f 5811 5869 5870
f 5811 5870 5812
f 5812 5870 5871
f 5812 5871 5813
f 5813 5871 5872
f 5813 5872 5814
f 5814 5872 5873
f 5814 5873 5815
f 5815 5873 5874
f 5815 5874 5816
f 5816 5874 5875
f 5816 5875 5817
f 5817 5875 5876
f 5817 5876 5818
f 5818 5876 5877
f 5818 5877 5819
f 5819 5877 5878
f 5819 5878 5820
f 5820 5878 5879
f 5820 5879 5821
f 5821 5879 5880
f 5821 5880 5822
f 5822 5880 5881
f 5822 5881 5823
f 5823 5881 5882
f 5823 5882 5824
f 5824 5882 5883
f 5824 5883 5825
f 5825 5883 5884
f 5825 5884 5826
f 5826 5884 5885
f 5826 5885 5827
f 5827 5885 5886
f 5827 5886 5828
f 5828 5886 5887
f 5828 5887 5829
f 5829 5887 5888
f 5829 5888 5830
f 5830 5888 5889
f 5830 5889 5831
f 5831 5889 5890
f 5831 5890 5832
f 5834 5891 5892
f 5834 5892 5835
f 5835 5892 5893
f 5835 5893 5836
f 5836 5893 5894
f 5836 5894 5837
f 5837 5894 5895
f 5837 5895 5838
f 5838 5895 5896
f 5838 5896 5839
f 5839 5896 5897
f 5839 5897 5840
f 5840 5897 5898
f 5840 5898 5841
f 5841 5898 5899
f 5841 5899 5842
f 5842 5899 5900
f 5842 5900 5843
f 5843 5900 5901
f 5843 5901 5844
f 5844 5901 5902
f 5844 5902 5845
f 5845 5902 5903
f 5845 5903 5846
f 5846 5903 5904
f 5846 5904 5847
f 5847 5904 5905
f 5847 5905 5848
f 5848 5905 5906
f 5848 5906 5849
f 5849 5906 5907
f 5849 5907 5850
f 5850 5907 5908
f 5850 5908 5851
f 5851 5908 5909
f 5851 5909 5852
f 5852 5909 5910
f 5852 5910 5853
f 5853 5910 5911
f 5853 5911 5854
f 5854 5911 5912
f 5854 5912 5855
f 5855 5912 5913
f 5855 5913 5856
f 5856 5913 5914
f 5856 5914 5857
f 5857 5914 5915
f 5857 5915 5858
f 5858 5915 5916
f 5858 5916 5859
f 5859 5916 5917
f 5859 5917 5860
f 5860 5917 5918
f 5860 5918 5861
f 5861 5918 5919
f 5861 5919 5862
f 5862 5919 5920
f 5862 5920 5863
f 5863 5920 5921
f 5863 5921 5864
f 5864 5921 5922
f 5864 5922 5865
f 5865 5922 5923
f 5865 5923 5866
f 5866 5923 5924
f 5866 5924 5867
f 5867 5924 5925
f 5867 5925 5868
f 5868 5925 5926
f 5868 5926 5869
f 5869 5926 5927
f 5869 5927 5870
f 5870 5927 5928
f 5870 5928 5871
f 5871 5928 5929
f 5871 5929 5872
f 5872 5929 5930
f 5872 5930 5873
f 5873 5930 5931
f 5873 5931 5874
f 5874 5931 5932
f 5874 5932 5875
f 5875 5932 5933
f 5875 5933 5876
f 5876 5933 5934
f 5876 5934 5877
f 5877 5934 5935
f 5877 5935 5878
f 5878 5935 5936
f 5878 5936 5879
f 5879 5936 5937
f 5879 5937 5880
f 5880 5937 5938
f 5880 5938 5881
f 5881 5938 5939
f 5881 5939 5882
f 5882 5939 5940
f 5882 5940 5883
f 5883 5940 5941
f 5883 5941 5884
f 5884 5941 5942
f 5884 5942 5885
f 5885 5942 5943
f 5885 5943 5886
f 5886 5943 5944
f 5886 5944 5887
f 5887 5944 5945
f 5887 5945 5888
f 5888 5945 5946
f 5888 5946 5889
f 5889 5946 5947
f 5889 5947 5890
f 5891 5948 5949
f 5891 5949 5892
f 5892 5949 5950
f 5892 5950 5893
f 5893 5950 5951
f 5893 5951 5894
f 5894 5951 5952
f 5894 5952 5895
f 5895 5952 5953
f 5895 5953 5896
f 5896 5953 5954
f 5896 5954 5897
f 5897 5954 5955
f 5897 5955 5898
f 5898 5955 5956
f 5898 5956 5899
f 5899 5956 5957
f 5899 5957 5900
f 5900 5957 5958
f 5900 5958 5901
f 5901 5958 5959
f 5901 5959 5902
f 5902 5959 5960
f 5902 5960 5903
f 5903 5960 5961
f 5903 5961 5904
f 5904 5961 5962
f 5904 5962 5905
f 5905 5962 5963
f 5905 5963 5906
f 5906 5963 5964
f 5906 5964 5907
f 5907 5964 5965
f 5907 5965 5908
f 5908 5965 5966
f 5908 5966 5909
f 5909 5966 5967
f 5909 5967 5910
f 5910 5967 5968
f 5910 5968 5911
f 5911 5968 5969
f 5911 5969 5912
f 5912 5969 5970
f 5912 5970 5913
f 5913 5970 5971
f 5913 5971 5914
f 5914 5971 5972
f 5914 5972 5915
f 5915 5972 5973
f 5915 5973 5916
f 5916 5973 5974
f 5916 5974 5917
f 5917 5974 5975
f 5917 5975 5918
f 5918 5975 5976
f 5918 5976 5919
f 5919 5976 5977
f 5919 5977 5920
f 5920 5977 5978
f 5920 5978 5921
f 5921 5978 5979
f 5921 5979 5922
f 5922 5979 5980
f 5922 5980 5923
f 5923 5980 5981
f 5923 5981 5924
f 5924 5981 5982
f 5924 5982 5925
f 5925 5982 5983
f 5925 5983 5926
f 5926 5983 5984
f 5926 5984 5927
f 5927 5984 5985
f 5927 5985 5928
f 5928 5985 5986
f 5928 5986 5929
f 5929 5986 5987
f 5929 5987 5930
f 5930 5987 5988
f 5930 5988 5931
f 5931 5988 5989
f 5931 5989 5932
f 5932 5989 5990
f 5932 5990 5933
f 5933 5990 5991
f 5933 5991 5934
f 5934 5991 5992
f 5934 5992 5935
f 5935 5992 5993
f 5935 5993 5936
f 5936 5993 5994
f 5936 5994 5937
f 5937 5994 5995
f 5937 5995 5938
f 5938 5995 5996
f 5938 5996 5939
f 5939 5996 5997
f 5939 5997 5940
f 5940 5997 5998
f 5940 5998 5941
f 5941 5998 5999
f 5941 5999 5942
f 5942 5999 6000
f 5942 6000 5943
f 5943 6000 6001
f 5943 6001 5944
f 5944 6001 6002
f 5944 6002 5945
f 5945 6002 6003
f 5945 6003 5946
f 5946 6003 6004
f 5946 6004 5947
f 5949 6005 6006
f 5949 6006 5950
f 5950 6006 6007
f 5950 6007 5951
f 5951 6007 6008
f 5951 6008 5952
f 5952 6008 6009
f 5952 6009 5953
f 5953 6009 6010
f 5953 6010 5954
f 5954 6010 6011
f 5954 6011 5955
f 5955 6011 6012
f 5955 6012 5956
f 5956 6012 6013
f 5956 6013 5957
f 5957 6013 6014
f 5957 6014 5958
f 5958 6014 6015
f 5958 6015 5959
f 5959 6015 6016
f 5959 6016 5960
f 5960 6016 6017
f 5960 6017 5961
f 5961 6017 6018
f 5961 6018 5962
f 5962 6018 6019
f 5962 6019 5963
f 5963 6019 6020
f 5963 6020 5964
f 5964 6020 6021
f 5964 6021 5965
f 5965 6021 6022
f 5965 6022 5966
f 5966 6022 6023
f 5966 6023 5967
f 5967 6023 6024
f 5967 6024 5968
f 5968 6024 6025
f 5968 6025 5969
f 5969 6025 6026
f 5969 6026 5970
f 5970 6026 6027
f 5970 6027 5971
f 5971 6027 6028
f 5971 6028 5972
f 5972 6028 6029
f 5972 6029 5973
f 5973 6029 6030
f 5973 6030 5974
f 5974 6030 6031
f 5974 6031 5975
f 5975 6031 6032
f 5975 6032 5976
f 5976 6032 6033
f 5976 6033 5977
f 5977 6033 6034
f 5977 6034 5978
f 5978 6034 6035
f 5978 6035 5979
f 5979 6035 6036
f 5979 6036 5980
f 5980 6036 6037
f 5980 6037 5981
f 5981 6037 6038
f 5981 6038 5982
f 5982 6038 6039
f 5982 6039 5983
f 5983 6039 6040
f 5983 6040 5984
f 5984 6040 6041
f 5984 6041 5985
f 5985 6041 6042
f 5985 6042 5986
f 5986 6042 6043
f 5986 6043 5987
f 5987 6043 6044
f 5987 6044 5988
f 5988 6044 6045
f 5988 6045 5989
f 5989 6045 6046
f 5989 6046 5990
f 5990 6046 6047
f 5990 6047 5991
f 5991 6047 6048
f 5991 6048 5992
f 5992 6048 6049
f 5992 6049 5993
f 5993 6049 6050
f 5993 6050 5994
f 5994 6050 6051
f 5994 6051 5995
f 5995 6051 6052
f 5995 6052 5996
f 5996 6052 6053
f 5996 6053 5997
f 5997 6053 6054
f 5997 6054 5998
f 5998 6054 6055
f 5998 6055 5999
f 5999 6055 6056
f 5999 6056 6000
f 6000 6056 6057
f 6000 6057 6001
f 6001 6057 6058
f 6001 6058 6002
f 6002 6058 6059
f 6002 6059 6003
f 6005 6060 6061
f 6005 6061 6006
f 6006 6061 6062
f 6006 6062 6007
f 6007 6062 6063
f 6007 6063 6008
f 6008 6063 6064
f 6008 6064 6009
f 6009 6064 6065
f 6009 6065 6010
f 6010 6065 6066
f 6010 6066 6011
f 6011 6066 6067
f 6011 6067 6012
f 6012 6067 6068
f 6012 6068 6013
f 6013 6068 6069
f 6013 6069 6014
f 6014 6069 6070
f 6014 6070 6015
f 6015 6070 6071
f 6015 6071 6016
f 6016 6071 6072
f 6016 6072 6017
f 6017 6072 6073
f 6017 6073 6018
f 6018 6073 6074
f 6018 6074 6019
f 6019 6074 6075
f 6019 6075 6020
f 6020 6075 6076
f 6020 6076 6021
f 6021 6076 6077
f 6021 6077 6022
f 6022 6077 6078
f 6022 6078 6023
f 6023 6078 6079
f 6023 6079 6024
f 6024 6079 6080
f 6024 6080 6025
f 6025 6080 6081
f 6025 6081 6026
f 6026 6081 6082
f 6026 6082 6027
f 6027 6082 6083
f 6027 6083 6028
f 6028 6083 6084
f 6028 6084 6029
f 6029 6084 6085
f 6029 6085 6030
f 6030 6085 6086
f 6030 6086 6031
f 6031 6086 6087
f 6031 6087 6032
f 6032 6087 6088
f 6032 6088 6033
f 6033 6088 6089
f 6033 6089 6034
f 6034 6089 6090
f 6034 6090 6035
f 6035 6090 6091
f 6035 6091 6036
f 6036 6091 6092
f 6036 6092 6037
f 6037 6092 6093
f 6037 6093 6038
f 6038 6093 6094
f 6038 6094 6039
f 6039 6094 6095
f 6039 6095 6040
f 6040 6095 6096
f 6040 6096 6041
f 6041 6096 6097
f 6041 6097 6042
f 6042 6097 6098
f 6042 6098 6043
f 6043 6098 6099
f 6043 6099 6044
f 6044 6099 6100
f 6044 6100 6045
f 6045 6100 6101
f 6045 6101 6046
f 6046 6101 6102
f 6046 6102 6047
f 6047 6102 6103
f 6047 6103 6048
f 6048 6103 6104
f 6048 6104 6049
f 6049 6104 6105
f 6049 6105 6050
f 6050 6105 6106
f 6050 6106 6051
f 6051 6106 6107
f 6051 6107 6052
f 6052 6107 6108
f 6052 6108 6053
f 6053 6108 6109
f 6053 6109 6054
f 6054 6109 6110
f 6054 6110 6055
f 6055 6110 6111
f 6055 6111 6056
f 6056 6111 6112
f 6056 6112 6057
f 6057 6112 6113
f 6057 6113 6058
f 6058 6113 6114
f 6058 6114 6059
f 6060 6115 6116
f 6060 6116 6061
f 6061 6116 6117
f 6061 6117 6062
f 6062 6117 6118
f 6062 6118 6063
f 6063 6118 6119
f 6063 6119 6064
f 6064 6119 6120
f 6064 6120 6065
f 6065 6120 6121
f 6065 6121 6066
f 6066 6121 6122
f 6066 6122 6067
f 6067 6122 6123
f 6067 6123 6068
f 6068 6123 6124
f 6068 6124 6069
f 6069 6124 6125
f 6069 6125 6070
f 6070 6125 6126
f 6070 6126 6071
f 6071 6126 6127
f 6071 6127 6072
f 6072 6127 6128
f 6072 6128 6073
f 6073 6128 6129
f 6073 6129 6074
f 6074 6129 6130
f 6074 6130 6075
f 6075 6130 6131
f 6075 6131 6076
f 6076 6131 6132
f 6076 6132 6077
f 6077 6132 6133
f 6077 6133 6078
f 6078 6133 6134
f 6078 6134 6079
f 6079 6134 6135
f 6079 6135 6080
f 6080 6135 6136
f 6080 6136 6081
f 6081 6136 6137
f 6081 6137 6082
f 6082 6137 6138
f 6082 6138 6083
f 6083 6138 6139
f 6083 6139 6084
f 6084 6139 6140
f 6084 6140 6085
f 6085 6140 6141
f 6085 6141 6086
f 6086 6141 6142
f 6086 6142 6087
f 6087 6142 6143
f 6087 6143 6088
f 6088 6143 6144
f 6088 6144 6089
f 6089 6144 6145
f 6089 6145 6090
f 6090 6145 6146
f 6090 6146 6091
f 6091 6146 6147
f 6091 6147 6092
f 6092 6147 6148
f 6092 6148 6093
f 6093 6148 6149
f 6093 6149 6094
f 6094 6149 6150
f 6094 6150 6095
f 6095 6150 6151
f 6095 6151 6096
f 6096 6151 6152
f 6096 6152 6097
f 6097 6152 6153
f 6097 6153 6098
f 6098 6153 6154
f 6098 6154 6099
f 6099 6154 6155
f 6099 6155 6100
f 6100 6155 6156
f 6100 6156 6101
f 6101 6156 6157
f 6101 6157 6102
f 6102 6157 6158
f 6102 6158 6103
f 6103 6158 6159
f 6103 6159 6104
f 6104 6159 6160
f 6104 6160 6105
f 6105 6160 6161
f 6105 6161 6106
f 6106 6161 6162
f 6106 6162 6107
f 6107 6162 6163
f 6107 6163 6108
f 6108 6163 6164
f 6108 6164 6109
f 6109 6164 6165
f 6109 6165 6110
f 6110 6165 6166
f 6110 6166 6111
f 6111 6166 6167
f 6111 6167 6112
f 6112 6167 6168
f 6112 6168 6113
f 6113 6168 6169
f 6113 6169 6114
f 6116 6170 6171
f 6116 6171 6117
f 6117 6171 6172
f 6117 6172 6118
f 6118 6172 6173
f 6118 6173 6119
f 6119 6173 6174
f 6119 6174 6120
f 6120 6174 6175
f 6120 6175 6121
f 6121 6175 6176
f 6121 6176 6122
f 6122 6176 6177
f 6122 6177 6123
f 6123 6177 6178
f 6123 6178 6124
f 6124 6178 6179
f 6124 6179 6125
f 6125 6179 6180
f 6125 6180 6126
f 6126 6180 6181
f 6126 6181 6127
f 6127 6181 6182
f 6127 6182 6128
f 6128 6182 6183
f 6128 6183 6129
f 6129 6183 6184
f 6129 6184 6130
f 6130 6184 6185
f 6130 6185 6131
f 6131 6185 6186
f 6131 6186 6132
f 6132 6186 6187
f 6132 6187 6133
f 6133 6187 6188
f 6133 6188 6134
f 6134 6188 6189
f 6134 6189 6135
f 6135 6189 6190
f 6135 6190 6136
f 6136 6190 6191
f 6136 6191 6137
f 6137 6191 6192
f 6137 6192 6138
f 6138 6192 6193
f 6138 6193 6139
f 6139 6193 6194
f 6139 6194 6140
f 6140 6194 6195
f 6140 6195 6141
f 6141 6195 6196
f 6141 6196 6142
f 6142 6196 6197
f 6142 6197 6143
f 6143 6197 6198
f 6143 6198 6144
f 6144 6198 6199
f 6144 6199 6145
f 6145 6199 6200
f 6145 6200 6146
f 6146 6200 6201
f 6146 6201 6147
f 6147 6201 6202
f 6147 6202 6148
f 6148 6202 6203
f 6148 6203 6149
f 6149 6203 6204
f 6149 6204 6150
f 6150 6204 6205
f 6150 6205 6151
f 6151 6205 6206
f 6151 6206 6152
f 6152 6206 6207
f 6152 6207 6153
f 6153 6207 6208
f 6153 6208 6154
f 6154 6208 6209
f 6154 6209 6155
f 6155 6209 6210
f 6155 6210 6156
f 6156 6210 6211
f 6156 6211 6157
f 6157 6211 6212
f 6157 6212 6158
f 6158 6212 6213
f 6158 6213 6159
f 6159 6213 6214
f 6159 6214 6160
f 6160 6214 6215
f 6160 6215 6161
f 6161 6215 6216
f 6161 6216 6162
f 6162 6216 6217
f 6162 6217 6163
f 6163 6217 6218
f 6163 6218 6164
f 6164 6218 6219
f 6164 6219 6165
f 6165 6219 6220
f 6165 6220 6166
f 6166 6220 6221
f 6166 6221 6167
f 6167 6221 6222
f 6167 6222 6168
f 6168 6222 6223
f 6168 6223 6169
f 6170 6224 6225
f 6170 6225 6171
f 6171 6225 6226
f 6171 6226 6172
f 6172 6226 6227
f 6172 6227 6173
f 6173 6227 6228
f 6173 6228 6174
f 6174 6228 6229
f 6174 6229 6175
f 6175 6229 6230
f 6175 6230 6176
f 6176 6230 6231
f 6176 6231 6177
f 6177 6231 6232
f 6177 6232 6178
f 6178 6232 6233
f 6178 6233 6179
f 6179 6233 6234
f 6179 6234 6180
f 6180 6234 6235
f 6180 6235 6181
f 6181 6235 6236
f 6181 6236 6182
f 6182 6236 6237
f 6182 6237 6183
f 6183 6237 6238
f 6183 6238 6184
f 6184 6238 6239
f 6184 6239 6185
f 6185 6239 6240
f 6185 6240 6186
f 6186 6240 6241
f 6186 6241 6187
f 6187 6241 6242
f 6187 6242 6188
f 6188 6242 6243
f 6188 6243 6189
f 6189 6243 6244
f 6189 6244 6190
f 6190 6244 6245
f 6190 6245 6191
f 6191 6245 6246
f 6191 6246 6192
f 6192 6246 6247
f 6192 6247 6193
f 6193 6247 6248
f 6193 6248 6194
f 6194 6248 6249
f 6194 6249 6195
f 6195 6249 6250
f 6195 6250 6196
f 6196 6250 6251
f 6196 6251 6197
f 6197 6251 6252
f 6197 6252 6198
f 6198 6252 6253
f 6198 6253 6199
f 6199 6253 6254
f 6199 6254 6200
f 6200 6254 6255
f 6200 6255 6201
f 6201 6255 6256
f 6201 6256 6202
f 6202 6256 6257
f 6202 6257 6203
f 6203 6257 6258
f 6203 6258 6204
f 6204 6258 6259
f 6204 6259 6205
f 6205 6259 6260
f 6205 6260 6206
f 6206 6260 6261
f 6206 6261 6207
f 6207 6261 6262
f 6207 6262 6208
f 6208 6262 6263
f 6208 6263 6209
f 6209 6263 6264
f 6209 6264 6210
f 6210 6264 6265
f 6210 6265 6211
f 6211 6265 6266
f 6211 6266 6212
f 6212 6266 6267
f 6212 6267 6213
f 6213 6267 6268
f 6213 6268 6214
f 6214 6268 6269
f 6214 6269 6215
f 6215 6269 6270
f 6215 6270 6216
f 6216 6270 6271
f 6216 6271 6217
f 6217 6271 6272
f 6217 6272 6218
f 6218 6272 6273
f 6218 6273 6219
f 6219 6273 6274
f 6219 6274 6220
f 6220 6274 6275
f 6220 6275 6221
f 6221 6275 6276
f 6221 6276 6222
f 6222 6276 6277
f 6222 6277 6223
f 6225 6278 6279
f 6225 6279 6226
f 6226 6279 6280
f 6226 6280 6227
f 6227 6280 6281
f 6227 6281 6228
f 6228 6281 6282
f 6228 6282 6229
f 6229 6282 6283
f 6229 6283 6230
f 6230 6283 6284
f 6230 6284 6231
f 6231 6284 6285
f 6231 6285 6232
f 6232 6285 6286
f 6232 6286 6233
f 6233 6286 6287
f 6233 6287 6234
f 6234 6287 6288
f 6234 6288 6235
f 6235 6288 6289
f 6235 6289 6236
f 6236 6289 6290
f 6236 6290 6237
f 6237 6290 6291
f 6237 6291 6238
f 6238 6291 6292
f 6238 6292 6239
f 6239 6292 6293
f 6239 6293 6240
f 6240 6293 6294
f 6240 6294 6241
f 6241 6294 6295
f 6241 6295 6242
f 6242 6295 6296
f 6242 6296 6243
f 6243 6296 6297
f 6243 6297 6244
f 6244 6297 6298
f 6244 6298 6245
f 6245 6298 6299
f 6245 6299 6246
f 6246 6299 6300
f 6246 6300 6247
f 6247 6300 6301
f 6247 6301 6248
f 6248 6301 6302
f 6248 6302 6249
f 6249 6302 6303
f 6249 6303 6250
f 6250 6303 6304
f 6250 6304 6251
f 6251 6304 6305
f 6251 6305 6252
f 6252 6305 6306
f 6252 6306 6253
f 6253 6306 6307
f 6253 6307 6254
f 6254 6307 6308
f 6254 6308 6255
f 6255 6308 6309
f 6255 6309 6256
f 6256 6309 6310
f 6256 6310 6257
f 6257 6310 6311
f 6257 6311 6258
f 6258 6311 6312
f 6258 6312 6259
f 6259 6312 6313
f 6259 6313 6260
f 6260 6313 6314
f 6260 6314 6261
f 6261 6314 6315
f 6261 6315 6262
f 6262 6315 6316
f 6262 6316 6263
f 6263 6316 6317
f 6263 6317 6264
f 6264 6317 6318
f 6264 6318 6265
f 6265 6318 6319
f 6265 6319 6266
f 6266 6319 6320
f 6266 6320 6267
f 6267 6320 6321
f 6267 6321 6268
f 6268 6321 6322
f 6268 6322 6269
f 6269 6322 6323
f 6269 6323 6270
f 6270 6323 6324
f 6270 6324 6271
f 6271 6324 6325
f 6271 6325 6272
f 6272 6325 6326
f 6272 6326 6273
f 6273 6326 6327
f 6273 6327 6274
f 6274 6327 6328
f 6274 6328 6275
f 6275 6328 6329
f 6275 6329 6276
f 6278 6330 6331
f 6278 6331 6279
f 6279 6331 6332
f 6279 6332 6280
f 6280 6332 6333
f 6280 6333 6281
f 6281 6333 6334
f 6281 6334 6282
f 6282 6334 6335
f 6282 6335 6283
f 6283 6335 6336
f 6283 6336 6284
f 6284 6336 6337
f 6284 6337 6285
f 6285 6337 6338
f 6285 6338 6286
f 6286 6338 6339
f 6286 6339 6287
f 6287 6339 6340
f 6287 6340 6288
f 6288 6340 6341
f 6288 6341 6289
f 6289 6341 6342
f 6289 6342 6290
f 6290 6342 6343
f 6290 6343 6291
f 6291 6343 6344
f 6291 6344 6292
f 6292 6344 6345
f 6292 6345 6293
f 6293 6345 6346
f 6293 6346 6294
f 6294 6346 6347
f 6294 6347 6295
f 6295 6347 6348
f 6295 6348 6296
f 6296 6348 6349
f 6296 6349 6297
f 6297 6349 6350
f 6297 6350 6298
f 6298 6350 6351
f 6298 6351 6299
f 6299 6351 6352
f 6299 6352 6300
f 6300 6352 6353
f 6300 6353 6301
f 6301 6353 6354
f 6301 6354 6302
f 6302 6354 6355
f 6302 6355 6303
f 6303 6355 6356
f 6303 6356 6304
f 6304 6356 6357
f 6304 6357 6305
f 6305 6357 6358
f 6305 6358 6306
f 6306 6358 6359
f 6306 6359 6307
f 6307 6359 6360
f 6307 6360 6308
f 6308 6360 6361
f 6308 6361 6309
f 6309 6361 6362
f 6309 6362 6310
f 6310 6362 6363
f 6310 6363 6311
f 6311 6363 6364
f 6311 6364 6312
f 6312 6364 6365
f 6312 6365 6313
f 6313 6365 6366
f 6313 6366 6314
f 6314 6366 6367
f 6314 6367 6315
f 6315 6367 6368
f 6315 6368 6316
f 6316 6368 6369
f 6316 6369 6317
f 6317 6369 6370
f 6317 6370 6318
f 6318 6370 6371
f 6318 6371 6319
f 6319 6371 6372
f 6319 6372 6320
f 6320 6372 6373
f 6320 6373 6321
f 6321 6373 6374
f 6321 6374 6322
f 6322 6374 6375
f 6322 6375 6323
f 6323 6375 6376
f 6323 6376 6324
f 6324 6376 6377
f 6324 6377 6325
f 6325 6377 6378
f 6325 6378 6326
f 6326 6378 6379
f 6326 6379 6327
f 6327 6379 6380
f 6327 6380 6328
f 6328 6380 6381
f 6328 6381 6329
f 6331 6382 6383
f 6331 6383 6332
f 6332 6383 6384
f 6332 6384 6333
f 6333 6384 6385
f 6333 6385 6334
f 6334 6385 6386
f 6334 6386 6335
f 6335 6386 6387
f 6335 6387 6336
f 6336 6387 6388
f 6336 6388 6337
f 6337 6388 6389
f 6337 6389 6338
f 6338 6389 6390
f 6338 6390 6339
f 6339 6390 6391
f 6339 6391 6340
f 6340 6391 6392
f 6340 6392 6341
f 6341 6392 6393
f 6341 6393 6342
f 6342 6393 6394
f 6342 6394 6343
f 6343 6394 6395
f 6343 6395 6344
f 6344 6395 6396
f 6344 6396 6345
f 6345 6396 6397
f 6345 6397 6346
f 6346 6397 6398
f 6346 6398 6347
f 6347 6398 6399
f 6347 6399 6348
f 6348 6399 6400
f 6348 6400 6349
f 6349 6400 6401
f 6349 6401 6350
f 6350 6401 6402
f 6350 6402 6351
f 6351 6402 6403
f 6351 6403 6352
f 6352 6403 6404
f 6352 6404 6353
f 6353 6404 6405
f 6353 6405 6354
f 6354 6405 6406
f 6354 6406 6355
f 6355 6406 6407
f 6355 6407 6356
f 6356 6407 6408
f 6356 6408 6357
f 6357 6408 6409
f 6357 6409 6358
f 6358 6409 6410
f 6358 6410 6359
f 6359 6410 6411
f 6359 6411 6360
f 6360 6411 6412
f 6360 6412 6361
f 6361 6412 6413
f 6361 6413 6362
f 6362 6413 6414
f 6362 6414 6363
f 6363 6414 6415
f 6363 6415 6364
f 6364 6415 6416
f 6364 6416 6365
f 6365 6416 6417
f 6365 6417 6366
f 6366 6417 6418
f 6366 6418 6367
f 6367 6418 6419
f 6367 6419 6368
f 6368 6419 6420
f 6368 6420 6369
f 6369 6420 6421
f 6369 6421 6370
f 6370 6421 6422
f 6370 6422 6371
f 6371 6422 6423
f 6371 6423 6372
f 6372 6423 6424
f 6372 6424 6373
f 6373 6424 6425
f 6373 6425 6374
f 6374 6425 6426
f 6374 6426 6375
f 6375 6426 6427
f 6375 6427 6376
f 6376 6427 6428
f 6376 6428 6377
f 6377 6428 6429
f 6377 6429 6378
f 6378 6429 6430
f 6378 6430 6379
f 6379 6430 6431
f 6379 6431 6380
f 6380 6431 6432
f 6380 6432 6381
f 6382 6433 6434
f 6382 6434 6383
f 6383 6434 6435
f 6383 6435 6384
f 6384 6435 6436
f 6384 6436 6385
f 6385 6436 6437
f 6385 6437 6386
f 6386 6437 6438
f 6386 6438 6387
f 6387 6438 6439
f 6387 6439 6388
f 6388 6439 6440
f 6388 6440 6389
f 6389 6440 6441
f 6389 6441 6390
f 6390 6441 6442
f 6390 6442 6391
f 6391 6442 6443
f 6391 6443 6392
f 6392 6443 6444
f 6392 6444 6393
f 6393 6444 6445
f 6393 6445 6394
f 6394 6445 6446
f 6394 6446 6395
f 6395 6446 6447
f 6395 6447 6396
f 6396 6447 6448
f 6396 6448 6397
f 6397 6448 6449
f 6397 6449 6398
f 6398 6449 6450
f 6398 6450 6399
f 6399 6450 6451
f 6399 6451 6400
f 6400 6451 6452
f 6400 6452 6401
f 6401 6452 6453
f 6401 6453 6402
f 6402 6453 6454
f 6402 6454 6403
f 6403 6454 6455
f 6403 6455 6404
f 6404 6455 6456
f 6404 6456 6405
f 6405 6456 6457
f 6405 6457 6406
f 6406 6457 6458
f 6406 6458 6407
f 6407 6458 6459
f 6407 6459 6408
f 6408 6459 6460
f 6408 6460 6409
f 6409 6460 6461
f 6409 6461 6410
f 6410 6461 6462
f 6410 6462 6411
f 6411 6462 6463
f 6411 6463 6412
f 6412 6463 6464
f 6412 6464 6413
f 6413 6464 6465
f 6413 6465 6414
f 6414 6465 6466
f 6414 6466 6415
f 6415 6466 6467
f 6415 6467 6416
f 6416 6467 6468
f 6416 6468 6417
f 6417 6468 6469
f 6417 6469 6418
f 6418 6469 6470
f 6418 6470 6419
f 6419 6470 6471
f 6419 6471 6420
f 6420 6471 6472
f 6420 6472 6421
f 6421 6472 6473
f 6421 6473 6422
f 6422 6473 6474
f 6422 6474 6423
f 6423 6474 6475
f 6423 6475 6424
f 6424 6475 6476
f 6424 6476 6425
f 6425 6476 6477
f 6425 6477 6426
f 6426 6477 6478
f 6426 6478 6427
f 6427 6478 6479
f 6427 6479 6428
f 6428 6479 6480
f 6428 6480 6429
f 6429 6480 6481
f 6429 6481 6430
f 6430 6481 6482
f 6430 6482 6431
f 6431 6482 6483
f 6431 6483 6432
f 6433 6484 6485
f 6433 6485 6434
f 6434 6485 6486
f 6434 6486 6435
f 6435 6486 6487
f 6435 6487 6436
f 6436 6487 6488
f 6436 6488 6437
f 6437 6488 6489
f 6437 6489 6438
f 6438 6489 6490
f 6438 6490 6439
f 6439 6490 6491
f 6439 6491 6440
f 6440 6491 6492
f 6440 6492 6441
f 6441 6492 6493
f 6441 6493 6442
f 6442 6493 6494
f 6442 6494 6443
f 6443 6494 6495
f 6443 6495 6444
f 6444 6495 6496
f 6444 6496 6445
f 6445 6496 6497
f 6445 6497 6446
f 6446 6497 6498
f 6446 6498 6447
f 6447 6498 6499
f 6447 6499 6448
f 6448 6499 6500
f 6448 6500 6449
f 6449 6500 6501
f 6449 6501 6450
f 6450 6501 6502
f 6450 6502 6451
f 6451 6502 6503
f 6451 6503 6452
f 6452 6503 6504
f 6452 6504 6453
f 6453 6504 6505
f 6453 6505 6454
f 6454 6505 6506
f 6454 6506 6455
f 6455 6506 6507
f 6455 6507 6456
f 6456 6507 6508
f 6456 6508 6457
f 6457 6508 6509
f 6457 6509 6458
f 6458 6509 6510
f 6458 6510 6459
f 6459 6510 6511
f 6459 6511 6460
f 6460 6511 6512
f 6460 6512 6461
f 6461 6512 6513
f 6461 6513 6462
f 6462 6513 6514
f 6462 6514 6463
f 6463 6514 6515
f 6463 6515 6464
f 6464 6515 6516
f 6464 6516 6465
f 6465 6516 6517
f 6465 6517 6466
f 6466 6517 6518
f 6466 6518 6467
f 6467 6518 6519
f 6467 6519 6468
f 6468 6519 6520
f 6468 6520 6469
f 6469 6520 6521
f 6469 6521 6470
f 6470 6521 6522
f 6470 6522 6471
f 6471 6522 6523
f 6471 6523 6472
f 6472 6523 6524
f 6472 6524 6473
f 6473 6524 6525
f 6473 6525 6474
f 6474 6525 6526
f 6474 6526 6475
f 6475 6526 6527
f 6475 6527 6476
f 6476 6527 6528
f 6476 6528 6477
f 6477 6528 6529
f 6477 6529 6478
f 6478 6529 6530
f 6478 6530 6479
f 6479 6530 6531
f 6479 6531 6480
f 6480 6531 6532
f 6480 6532 6481
f 6481 6532 6533
f 6481 6533 6482
f 6485 6534 6535
f 6485 6535 6486
f 6486 6535 6536
f 6486 6536 6487
f 6487 6536 6537
f 6487 6537 6488
f 6488 6537 6538
f 6488 6538 6489
f 6489 6538 6539
f 6489 6539 6490
f 6490 6539 6540
f 6490 6540 6491
f 6491 6540 6541
f 6491 6541 6492
f 6492 6541 6542
f 6492 6542 6493
f 6493 6542 6543
f 6493 6543 6494
f 6494 6543 6544
f 6494 6544 6495
f 6495 6544 6545
f 6495 6545 6496
f 6496 6545 6546
f 6496 6546 6497
f 6497 6546 6547
f 6497 6547 6498
f 6498 6547 6548
f 6498 6548 6499
f 6499 6548 6549
f 6499 6549 6500
f 6500 6549 6550
f 6500 6550 6501
f 6501 6550 6551
f 6501 6551 6502
f 6502 6551 6552
f 6502 6552 6503
f 6503 6552 6553
f 6503 6553 6504
f 6504 6553 6554
f 6504 6554 6505
f 6505 6554 6555
f 6505 6555 6506
f 6506 6555 6556
f 6506 6556 6507
f 6507 6556 6557
f 6507 6557 6508
f 6508 6557 6558
f 6508 6558 6509
f 6509 6558 6559
f 6509 6559 6510
f 6510 6559 6560
f 6510 6560 6511
f 6511 6560 6561
f 6511 6561 6512
f 6512 6561 6562
f 6512 6562 6513
f 6513 6562 6563
f 6513 6563 6514
f 6514 6563 6564
f 6514 6564 6515
f 6515 6564 6565
f 6515 6565 6516
f 6516 6565 6566
f 6516 6566 6517
f 6517 6566 6567
f 6517 6567 6518
f 6518 6567 6568
f 6518 6568 6519
f 6519 6568 6569
f 6519 6569 6520
f 6520 6569 6570
f 6520 6570 6521
f 6521 6570 6571
f 6521 6571 6522
f 6522 6571 6572
f 6522 6572 6523
f 6523 6572 6573
f 6523 6573 6524
f 6524 6573 6574
f 6524 6574 6525
f 6525 6574 6575
f 6525 6575 6526
f 6526 6575 6576
f 6526 6576 6527
f 6527 6576 6577
f 6527 6577 6528
f 6528 6577 6578
f 6528 6578 6529
f 6529 6578 6579
f 6529 6579 6530
f 6530 6579 6580
f 6530 6580 6531
f 6531 6580 6581
f 6531 6581 6532
f 6532 6581 6582
f 6532 6582 6533
f 6535 6583 6584
f 6535 6584 6536
f 6536 6584 6585
f 6536 6585 6537
f 6537 6585 6586
f 6537 6586 6538
f 6538 6586 6587
f 6538 6587 6539
f 6539 6587 6588
f 6539 6588 6540
f 6540 6588 6589
f 6540 6589 6541
f 6541 6589 6590
f 6541 6590 6542
f 6542 6590 6591
f 6542 6591 6543
f 6543 6591 6592
f 6543 6592 6544
f 6544 6592 6593
f 6544 6593 6545
f 6545 6593 6594
f 6545 6594 6546
f 6546 6594 6595
f 6546 6595 6547
f 6547 6595 6596
f 6547 6596 6548
f 6548 6596 6597
f 6548 6597 6549
f 6549 6597 6598
f 6549 6598 6550
f 6550 6598 6599
f 6550 6599 6551
f 6551 6599 6600
f 6551 6600 6552
f 6552 6600 6601
f 6552 6601 6553
f 6553 6601 6602
f 6553 6602 6554
f 6554 6602 6603
f 6554 6603 6555
f 6555 6603 6604
f 6555 6604 6556
f 6556 6604 6605
f 6556 6605 6557
f 6557 6605 6606
f 6557 6606 6558
f 6558 6606 6607
f 6558 6607 6559
f 6559 6607 6608
f 6559 6608 6560
f 6560 6608 6609
f 6560 6609 6561
f 6561 6609 6610
f 6561 6610 6562
f 6562 6610 6611
f 6562 6611 6563
f 6563 6611 6612
f 6563 6612 6564
f 6564 6612 6613
f 6564 6613 6565
f 6565 6613 6614
f 6565 6614 6566
f 6566 6614 6615
f 6566 6615 6567
f 6567 6615 6616
f 6567 6616 6568
f 6568 6616 6617
f 6568 6617 6569
f 6569 6617 6618
f 6569 6618 6570
f 6570 6618 6619
f 6570 6619 6571
f 6571 6619 6620
f 6571 6620 6572
f 6572 6620 6621
f 6572 6621 6573
f 6573 6621 6622
f 6573 6622 6574
f 6574 6622 6623
f 6574 6623 6575
f 6575 6623 6624
f 6575 6624 6576
f 6576 6624 6625
f 6576 6625 6577
f 6577 6625 6626
f 6577 6626 6578
f 6578 6626 6627
f 6578 6627 6579
f 6579 6627 6628
f 6579 6628 6580
f 6580 6628 6629
f 6580 6629 6581
f 6581 6629 6630
f 6581 6630 6582
f 6583 6631 6632
f 6583 6632 6584
f 6584 6632 6633
f 6584 6633 6585
f 6585 6633 6634
f 6585 6634 6586
f 6586 6634 6635
f 6586 6635 6587
f 6587 6635 6636
f 6587 6636 6588
f 6588 6636 6637
f 6588 6637 6589
f 6589 6637 6638
f 6589 6638 6590
f 6590 6638 6639
f 6590 6639 6591
f 6591 6639 6640
f 6591 6640 6592
f 6592 6640 6641
f 6592 6641 6593
f 6593 6641 6642
f 6593 6642 6594
f 6594 6642 6643
f 6594 6643 6595
f 6595 6643 6644
f 6595 6644 6596
f 6596 6644 6645
f 6596 6645 6597
f 6597 6645 6646
f 6597 6646 6598
f 6598 6646 6647
f 6598 6647 6599
f 6599 6647 6648
f 6599 6648 6600
f 6600 6648 6649
f 6600 6649 6601
f 6601 6649 6650
f 6601 6650 6602
f 6602 6650 6651
f 6602 6651 6603
f 6603 6651 6652
f 6603 6652 6604
f 6604 6652 6653
f 6604 6653 6605
f 6605 6653 6654
f 6605 6654 6606
f 6606 6654 6655
f 6606 6655 6607
f 6607 6655 6656
f 6607 6656 6608
f 6608 6656 6657
f 6608 6657 6609
f 6609 6657 6658
f 6609 6658 6610
f 6610 6658 6659
f 6610 6659 6611
f 6611 6659 6660
f 6611 6660 6612
f 6612 6660 6661
f 6612 6661 6613
f 6613 6661 6662
f 6613 6662 6614
f 6614 6662 6663
f 6614 6663 6615
f 6615 6663 6664
f 6615 6664 6616
f 6616 6664 6665
f 6616 6665 6617
f 6617 6665 6666
f 6617 6666 6618
f 6618 6666 6667
f 6618 6667 6619
f 6619 6667 6668
f 6619 6668 6620
f 6620 6668 6669
f 6620 6669 6621
f 6621 6669 6670
f 6621 6670 6622
f 6622 6670 6671
f 6622 6671 6623
f 6623 6671 6672
f 6623 6672 6624
f 6624 6672 6673
f 6624 6673 6625
f 6625 6673 6674
f 6625 6674 6626
f 6626 6674 6675
f 6626 6675 6627
f 6627 6675 6676
f 6627 6676 6628
f 6628 6676 6677
f 6628 6677 6629
f 6629 6677 6678
f 6629 6678 6630
f 6631 6679 6680
f 6631 6680 6632
f 6632 6680 6681
f 6632 6681 6633
f 6633 6681 6682
f 6633 6682 6634
f 6634 6682 6683
f 6634 6683 6635
f 6635 6683 6684
f 6635 6684 6636
f 6636 6684 6685
f 6636 6685 6637
f 6637 6685 6686
f 6637 6686 6638
f 6638 6686 6687
f 6638 6687 6639
f 6639 6687 6688
f 6639 6688 6640
f 6640 6688 6689
f 6640 6689 6641
f 6641 6689 6690
f 6641 6690 6642
f 6642 6690 6691
f 6642 6691 6643
f 6643 6691 6692
f 6643 6692 6644
f 6644 6692 6693
f 6644 6693 6645
f 6645 6693 6694
f 6645 6694 6646
f 6646 6694 6695
f 6646 6695 6647
f 6647 6695 6696
f 6647 6696 6648
f 6648 6696 6697
f 6648 6697 6649
f 6649 6697 6698
f 6649 6698 6650
f 6650 6698 6699
f 6650 6699 6651
f 6651 6699 6700
f 6651 6700 6652
f 6652 6700 6701
f 6652 6701 6653
f 6653 6701 6702
f 6653 6702 6654
f 6654 6702 6703
f 6654 6703 6655
f 6655 6703 6704
f 6655 6704 6656
f 6656 6704 6705
f 6656 6705 6657
f 6657 6705 6706
f 6657 6706 6658
f 6658 6706 6707
f 6658 6707 6659
f 6659 6707 6708
f 6659 6708 6660
f 6660 6708 6709
f 6660 6709 6661
f 6661 6709 6710
f 6661 6710 6662
f 6662 6710 6711
f 6662 6711 6663
f 6663 6711 6712
f 6663 6712 6664
f 6664 6712 6713
f 6664 6713 6665
f 6665 6713 6714
f 6665 6714 6666
f 6666 6714 6715
f 6666 6715 6667
f 6667 6715 6716
f 6667 6716 6668
f 6668 6716 6717
f 6668 6717 6669
f 6669 6717 6718
f 6669 6718 6670
f 6670 6718 6719
f 6670 6719 6671
f 6671 6719 6720
f 6671 6720 6672
f 6672 6720 6721
f 6672 6721 6673
f 6673 6721 6722
f 6673 6722 6674
f 6674 6722 6723
f 6674 6723 6675
f 6675 6723 6724
f 6675 6724 6676
f 6676 6724 6725
f 6676 6725 6677
f 6677 6725 6726
f 6677 6726 6678
f 6680 6727 6728
f 6680 6728 6681
f 6681 6728 6729
f 6681 6729 6682
f 6682 6729 6730
f 6682 6730 6683
f 6683 6730 6731
f 6683 6731 6684
f 6684 6731 6732
f 6684 6732 6685
f 6685 6732 6733
f 6685 6733 6686
f 6686 6733 6734
f 6686 6734 6687
f 6687 6734 6735
f 6687 6735 6688
f 6688 6735 6736
f 6688 6736 6689
f 6689 6736 6737
f 6689 6737 6690
f 6690 6737 6738
f 6690 6738 6691
f 6691 6738 6739
f 6691 6739 6692
f 6692 6739 6740
f 6692 6740 6693
f 6693 6740 6741
f 6693 6741 6694
f 6694 6741 6742
f 6694 6742 6695
f 6695 6742 6743
f 6695 6743 6696
f 6696 6743 6744
f 6696 6744 6697
f 6697 6744 6745
f 6697 6745 6698
f 6698 6745 6746
f 6698 6746 6699
f 6699 6746 6747
f 6699 6747 6700
f 6700 6747 6748
f 6700 6748 6701
f 6701 6748 6749
f 6701 6749 6702
f 6702 6749 6750
f 6702 6750 6703
f 6703 6750 6751
f 6703 6751 6704
f 6704 6751 6752
f 6704 6752 6705
f 6705 6752 6753
f 6705 6753 6706
f 6706 6753 6754
f 6706 6754 6707
f 6707 6754 6755
f 6707 6755 6708
f 6708 6755 6756
f 6708 6756 6709
f 6709 6756 6757
f 6709 6757 6710
f 6710 6757 6758
f 6710 6758 6711
f 6711 6758 6759
f 6711 6759 6712
f 6712 6759 6760
f 6712 6760 6713
f 6713 6760 6761
f 6713 6761 6714
f 6714 6761 6762
f 6714 6762 6715
f 6715 6762 6763
f 6715 6763 6716
f 6716 6763 6764
f 6716 6764 6717
f 6717 6764 6765
f 6717 6765 6718
f 6718 6765 6766
f 6718 6766 6719
f 6719 6766 6767
f 6719 6767 6720
f 6720 6767 6768
f 6720 6768 6721
f 6721 6768 6769
f 6721 6769 6722
f 6722 6769 6770
f 6722 6770 6723
f 6723 6770 6771
f 6723 6771 6724
f 6724 6771 6772
f 6724 6772 6725
f 6727 6773 6774
f 6727 6774 6728
f 6728 6774 6775
f 6728 6775 6729
f 6729 6775 6776
f 6729 6776 6730
f 6730 6776 6777
f 6730 6777 6731
f 6731 6777 6778
f 6731 6778 6732
f 6732 6778 6779
f 6732 6779 6733
f 6733 6779 6780
f 6733 6780 6734
f 6734 6780 6781
f 6734 6781 6735
f 6735 6781 6782
f 6735 6782 6736
f 6736 6782 6783
f 6736 6783 6737
f 6737 6783 6784
f 6737 6784 6738
f 6738 6784 6785
f 6738 6785 6739
f 6739 6785 6786
f 6739 6786 6740
f 6740 6786 6787
f 6740 6787 6741
f 6741 6787 6788
f 6741 6788 6742
f 6742 6788 6789
f 6742 6789 6743
f 6743 6789 6790
f 6743 6790 6744
f 6744 6790 6791
f 6744 6791 6745
f 6745 6791 6792
f 6745 6792 6746
f 6746 6792 6793
f 6746 6793 6747
f 6747 6793 6794
f 6747 6794 6748
f 6748 6794 6795
f 6748 6795 6749
f 6749 6795 6796
f 6749 6796 6750
f 6750 6796 6797
f 6750 6797 6751
f 6751 6797 6798
f 6751 6798 6752
f 6752 6798 6799
f 6752 6799 6753
f 6753 6799 6800
f 6753 6800 6754
f 6754 6800 6801
f 6754 6801 6755
f 6755 6801 6802
f 6755 6802 6756
f 6756 6802 6803
f 6756 6803 6757
f 6757 6803 6804
f 6757 6804 6758
f 6758 6804 6805
f 6758 6805 6759
f 6759 6805 6806
f 6759 6806 6760
f 6760 6806 6807
f 6760 6807 6761
f 6761 6807 6808
f 6761 6808 6762
f 6762 6808 6809
f 6762 6809 6763
f 6763 6809 6810
f 6763 6810 6764
f 6764 6810 6811
f 6764 6811 6765
f 6765 6811 6812
f 6765 6812 6766
f 6766 6812 6813
f 6766 6813 6767
f 6767 6813 6814
f 6767 6814 6768
f 6768 6814 6815
f 6768 6815 6769
f 6769 6815 6816
f 6769 6816 6770
f 6770 6816 6817
f 6770 6817 6771
f 6771 6817 6818
f 6771 6818 6772
f 6774 6819 6820
f 6774 6820 6775
f 6775 6820 6821
f 6775 6821 6776
f 6776 6821 6822
f 6776 6822 6777
f 6777 6822 6823
f 6777 6823 6778
f 6778 6823 6824
f 6778 6824 6779
f 6779 6824 6825
f 6779 6825 6780
f 6780 6825 6826
f 6780 6826 6781
f 6781 6826 6827
f 6781 6827 6782
f 6782 6827 6828
f 6782 6828 6783
f 6783 6828 6829
f 6783 6829 6784
f 6784 6829 6830
f 6784 6830 6785
f 6785 6830 6831
f 6785 6831 6786
f 6786 6831 6832
f 6786 6832 6787
f 6787 6832 6833
f 6787 6833 6788
f 6788 6833 6834
f 6788 6834 6789
f 6789 6834 6835
f 6789 6835 6790
f 6790 6835 6836
f 6790 6836 6791
f 6791 6836 6837
f 6791 6837 6792
f 6792 6837 6838
f 6792 6838 6793
f 6793 6838 6839
f 6793 6839 6794
f 6794 6839 6840
f 6794 6840 6795
f 6795 6840 6841
f 6795 6841 6796
f 6796 6841 6842
f 6796 6842 6797
f 6797 6842 6843
f 6797 6843 6798
f 6798 6843 6844
f 6798 6844 6799
f 6799 6844 6845
f 6799 6845 6800
f 6800 6845 6846
f 6800 6846 6801
f 6801 6846 6847
f 6801 6847 6802
f 6802 6847 6848
f 6802 6848 6803
f 6803 6848 6849
f 6803 6849 6804
f 6804 6849 6850
f 6804 6850 6805
f 6805 6850 6851
f 6805 6851 6806
f 6806 6851 6852
f 6806 6852 6807
f 6807 6852 6853
f 6807 6853 6808
f 6808 6853 6854
f 6808 6854 6809
f 6809 6854 6855
f 6809 6855 6810
f 6810 6855 6856
f 6810 6856 6811
f 6811 6856 6857
f 6811 6857 6812
f 6812 6857 6858
f 6812 6858 6813
f 6813 6858 6859
f 6813 6859 6814
f 6814 6859 6860
f 6814 6860 6815
f 6815 6860 6861
f 6815 6861 6816
f 6816 6861 6862
f 6816 6862 6817
f 6817 6862 6863
f 6817 6863 6818
f 6819 6864 6865
f 6819 6865 6820
f 6820 6865 6866
f 6820 6866 6821
f 6821 6866 6867
f 6821 6867 6822
f 6822 6867 6868
f 6822 6868 6823
f 6823 6868 6869
f 6823 6869 6824
f 6824 6869 6870
f 6824 6870 6825
f 6825 6870 6871
f 6825 6871 6826
f 6826 6871 6872
f 6826 6872 6827
f 6827 6872 6873
f 6827 6873 6828
f 6828 6873 6874
f 6828 6874 6829
f 6829 6874 6875
f 6829 6875 6830
f 6830 6875 6876
f 6830 6876 6831
f 6831 6876 6877
f 6831 6877 6832
f 6832 6877 6878
f 6832 6878 6833
f 6833 6878 6879
f 6833 6879 6834
f 6834 6879 6880
f 6834 6880 6835
f 6835 6880 6881
f 6835 6881 6836
f 6836 6881 6882
f 6836 6882 6837
f 6837 6882 6883
f 6837 6883 6838
f 6838 6883 6884
f 6838 6884 6839
f 6839 6884 6885
f 6839 6885 6840
f 6840 6885 6886
f 6840 6886 6841
f 6841 6886 6887
f 6841 6887 6842
f 6842 6887 6888
f 6842 6888 6843
f 6843 6888 6889
f 6843 6889 6844
f 6844 6889 6890
f 6844 6890 6845
f 6845 6890 6891
f 6845 6891 6846
f 6846 6891 6892
f 6846 6892 6847
f 6847 6892 6893
f 6847 6893 6848
f 6848 6893 6894
f 6848 6894 6849
f 6849 6894 6895
f 6849 6895 6850
f 6850 6895 6896
f 6850 6896 6851
f 6851 6896 6897
f 6851 6897 6852
f 6852 6897 6898
f 6852 6898 6853
f 6853 6898 6899
f 6853 6899 6854
f 6854 6899 6900
f 6854 6900 6855
f 6855 6900 6901
f 6855 6901 6856
f 6856 6901 6902
f 6856 6902 6857
f 6857 6902 6903
f 6857 6903 6858
f 6858 6903 6904
f 6858 6904 6859
f 6859 6904 6905
f 6859 6905 6860
f 6860 6905 6906
f 6860 6906 6861
f 6861 6906 6907
f 6861 6907 6862
f 6862 6907 6908
f 6862 6908 6863
f 6865 6909 6910
f 6865 6910 6866
f 6866 6910 6911
f 6866 6911 6867
f 6867 6911 6912
f 6867 6912 6868
f 6868 6912 6913
f 6868 6913 6869
f 6869 6913 6914
f 6869 6914 6870
f 6870 6914 6915
f 6870 6915 6871
f 6871 6915 6916
f 6871 6916 6872
f 6872 6916 6917
f 6872 6917 6873
f 6873 6917 6918
f 6873 6918 6874
f 6874 6918 6919
f 6874 6919 6875
f 6875 6919 6920
f 6875 6920 6876
f 6876 6920 6921
f 6876 6921 6877
f 6877 6921 6922
f 6877 6922 6878
f 6878 6922 6923
f 6878 6923 6879
f 6879 6923 6924
f 6879 6924 6880
f 6880 6924 6925
f 6880 6925 6881
f 6881 6925 6926
f 6881 6926 6882
f 6882 6926 6927
f 6882 6927 6883
f 6883 6927 6928
f 6883 6928 6884
f 6884 6928 6929
f 6884 6929 6885
f 6885 6929 6930
f 6885 6930 6886
f 6886 6930 6931
f 6886 6931 6887
f 6887 6931 6932
f 6887 6932 6888
f 6888 6932 6933
f 6888 6933 6889
f 6889 6933 6934
f 6889 6934 6890
f 6890 6934 6935
f 6890 6935 6891
f 6891 6935 6936
f 6891 6936 6892
f 6892 6936 6937
f 6892 6937 6893
f 6893 6937 6938
f 6893 6938 6894
f 6894 6938 6939
f 6894 6939 6895
f 6895 6939 6940
f 6895 6940 6896
f 6896 6940 6941
f 6896 6941 6897
f 6897 6941 6942
f 6897 6942 6898
f 6898 6942 6943
f 6898 6943 6899
f 6899 6943 6944
f 6899 6944 6900
f 6900 6944 6945
f 6900 6945 6901
f 6901 6945 6946
f 6901 6946 6902
f 6902 6946 6947
f 6902 6947 6903
f 6903 6947 6948
f 6903 6948 6904
f 6904 6948 6949
f 6904 6949 6905
f 6905 6949 6950
f 6905 6950 6906
f 6906 6950 6951
f 6906 6951 6907
f 6907 6951 6952
f 6907 6952 6908
f 6909 6954 6955
f 6909 6955 6910
f 6910 6955 6956
f 6910 6956 6911
f 6911 6956 6957
f 6911 6957 6912
f 6912 6957 6958
f 6912 6958 6913
f 6913 6958 6959
f 6913 6959 6914
f 6914 6959 6960
f 6914 6960 6915
f 6915 6960 6961
f 6915 6961 6916
f 6916 6961 6962
f 6916 6962 6917
f 6917 6962 6963
f 6917 6963 6918
f 6918 6963 6964
f 6918 6964 6919
f 6919 6964 6965
f 6919 6965 6920
f 6920 6965 6966
f 6920 6966 6921
f 6921 6966 6967
f 6921 6967 6922
f 6922 6967 6968
f 6922 6968 6923
f 6923 6968 6969
f 6923 6969 6924
f 6924 6969 6970
f 6924 6970 6925
f 6925 6970 6971
f 6925 6971 6926
f 6926 6971 6972
f 6926 6972 6927
f 6927 6972 6973
f 6927 6973 6928
f 6928 6973 6974
f 6928 6974 6929
f 6929 6974 6975
f 6929 6975 6930
f 6930 6975 6976
f 6930 6976 6931
f 6931 6976 6977
f 6931 6977 6932
f 6932 6977 6978
f 6932 6978 6933
f 6933 6978 6979
f 6933 6979 6934
f 6934 6979 6980
f 6934 6980 6935
f 6935 6980 6981
f 6935 6981 6936
f 6936 6981 6982
f 6936 6982 6937
f 6937 6982 6983
f 6937 6983 6938
f 6938 6983 6984
f 6938 6984 6939
f 6939 6984 6985
f 6939 6985 6940
f 6940 6985 6986
f 6940 6986 6941
f 6941 6986 6987
f 6941 6987 6942
f 6942 6987 6988
f 6942 6988 6943
f 6943 6988 6989
f 6943 6989 6944
f 6944 6989 6990
f 6944 6990 6945
f 6945 6990 6991
f 6945 6991 6946
f 6946 6991 6992
f 6946 6992 6947
f 6947 6992 6993
f 6947 6993 6948
f 6948 6993 6994
f 6948 6994 6949
f 6949 6994 6995
f 6949 6995 6950
f 6950 6995 6996
f 6950 6996 6951
f 6951 6996 6997
f 6951 6997 6952
f 6952 6997 6998
f 6952 6998 6953
f 6955 6999 7000
f 6955 7000 6956
f 6956 7000 7001
f 6956 7001 6957
f 6957 7001 7002
f 6957 7002 6958
f 6958 7002 7003
f 6958 7003 6959
f 6959 7003 7004
f 6959 7004 6960
f 6960 7004 7005
f 6960 7005 6961
f 6961 7005 7006
f 6961 7006 6962
f 6962 7006 7007
f 6962 7007 6963
f 6963 7007 7008
f 6963 7008 6964
f 6964 7008 7009
f 6964 7009 6965
f 6965 7009 7010
f 6965 7010 6966
f 6966 7010 7011
f 6966 7011 6967
f 6967 7011 7012
f 6967 7012 6968
f 6968 7012 7013
f 6968 7013 6969
f 6969 7013 7014
f 6969 7014 6970
f 6970 7014 7015
f 6970 7015 6971
f 6971 7015 7016
f 6971 7016 6972
f 6972 7016 7017
f 6972 7017 6973
f 6973 7017 7018
f 6973 7018 6974
f 6974 7018 7019
f 6974 7019 6975
f 6975 7019 7020
f 6975 7020 6976
f 6976 7020 7021
f 6976 7021 6977
f 6977 7021 7022
f 6977 7022 6978
f 6978 7022 7023
f 6978 7023 6979
f 6979 7023 7024
f 6979 7024 6980
f 6980 7024 7025
f 6980 7025 6981
f 6981 7025 7026
f 6981 7026 6982
f 6982 7026 7027
f 6982 7027 6983
f 6983 7027 7028
f 6983 7028 6984
f 6984 7028 7029
f 6984 7029 6985
f 6985 7029 7030
f 6985 7030 6986
f 6986 7030 7031
f 6986 7031 6987
f 6987 7031 7032
f 6987 7032 6988
f 6988 7032 7033
f 6988 7033 6989
f 6989 7033 7034
f 6989 7034 6990
f 6990 7034 7035
f 6990 7035 6991
f 6991 7035 7036
f 6991 7036 6992
f 6992 7036 7037
f 6992 7037 6993
f 6993 7037 7038
f 6993 7038 6994
f 6994 7038 7039
f 6994 7039 6995
f 6995 7039 7040
f 6995 7040 6996
f 6996 7040 7041
f 6996 7041 6997
f 6997 7041 7042
f 6997 7042 6998
f 7000 7043 7044
f 7000 7044 7001
f 7001 7044 7045
f 7001 7045 7002
f 7002 7045 7046
f 7002 7046 7003
f 7003 7046 7047
f 7003 7047 7004
f 7004 7047 7048
f 7004 7048 7005
f 7005 7048 7049
f 7005 7049 7006
f 7006 7049 7050
f 7006 7050 7007
f 7007 7050 7051
f 7007 7051 7008
f 7008 7051 7052
f 7008 7052 7009
f 7009 7052 7053
f 7009 7053 7010
f 7010 7053 7054
f 7010 7054 7011
f 7011 7054 7055
f 7011 7055 7012
f 7012 7055 7056
f 7012 7056 7013
f 7013 7056 7057
f 7013 7057 7014
f 7014 7057 7058
f 7014 7058 7015
f 7015 7058 7059
f 7015 7059 7016
f 7016 7059 7060
f 7016 7060 7017
f 7017 7060 7061
f 7017 7061 7018
f 7018 7061 7062
f 7018 7062 7019
f 7019 7062 7063
f 7019 7063 7020
f 7020 7063 7064
f 7020 7064 7021
f 7021 7064 7065
f 7021 7065 7022
f 7022 7065 7066
f 7022 7066 7023
f 7023 7066 7067
f 7023 7067 7024
f 7024 7067 7068
f 7024 7068 7025
f 7025 7068 7069
f 7025 7069 7026
f 7026 7069 7070
f 7026 7070 7027
f 7027 7070 7071
f 7027 7071 7028
f 7028 7071 7072
f 7028 7072 7029
f 7029 7072 7073
f 7029 7073 7030
f 7030 7073 7074
f 7030 7074 7031
f 7031 7074 7075
f 7031 7075 7032
f 7032 7075 7076
f 7032 7076 7033
f 7033 7076 7077
f 7033 7077 7034
f 7034 7077 7078
f 7034 7078 7035
f 7035 7078 7079
f 7035 7079 7036
f 7036 7079 7080
f 7036 7080 7037
f 7037 7080 7081
f 7037 7081 7038
f 7038 7081 7082
f 7038 7082 7039
f 7039 7082 7083
f 7039 7083 7040
f 7040 7083 7084
f 7040 7084 7041
f 7041 7084 7085
f 7041 7085 7042
f 7043 7087 7088
f 7043 7088 7044
f 7044 7088 7089
f 7044 7089 7045
f 7045 7089 7090
f 7045 7090 7046
f 7046 7090 7091
f 7046 7091 7047
f 7047 7091 7092
f 7047 7092 7048
f 7048 7092 7093
f 7048 7093 7049
f 7049 7093 7094
f 7049 7094 7050
f 7050 7094 7095
f 7050 7095 7051
f 7051 7095 7096
f 7051 7096 7052
f 7052 7096 7097
f 7052 7097 7053
f 7053 7097 7098
f 7053 7098 7054
f 7054 7098 7099
f 7054 7099 7055
f 7055 7099 7100
f 7055 7100 7056
f 7056 7100 7101
f 7056 7101 7057
f 7057 7101 7102
f 7057 7102 7058
f 7058 7102 7103
f 7058 7103 7059
f 7059 7103 7104
f 7059 7104 7060
f 7060 7104 7105
f 7060 7105 7061
f 7061 7105 7106
f 7061 7106 7062
f 7062 7106 7107
f 7062 7107 7063
f 7063 7107 7108
f 7063 7108 7064
f 7064 7108 7109
f 7064 7109 7065
f 7065 7109 7110
f 7065 7110 7066
f 7066 7110 7111
f 7066 7111 7067
f 7067 7111 7112
f 7067 7112 7068
f 7068 7112 7113
f 7068 7113 7069
f 7069 7113 7114
f 7069 7114 7070
f 7070 7114 7115
f 7070 7115 7071
f 7071 7115 7116
f 7071 7116 7072
f 7072 7116 7117
f 7072 7117 7073
f 7073 7117 7118
f 7073 7118 7074
f 7074 7118 7119
f 7074 7119 7075
f 7075 7119 7120
f 7075 7120 7076
f 7076 7120 7121
f 7076 7121 7077
f 7077 7121 7122
f 7077 7122 7078
f 7078 7122 7123
f 7078 7123 7079
f 7079 7123 7124
f 7079 7124 7080
f 7080 7124 7125
f 7080 7125 7081
f 7081 7125 7126
f 7081 7126 7082
f 7082 7126 7127
f 7082 7127 7083
f 7083 7127 7128
f 7083 7128 7084
f 7084 7128 7129
f 7084 7129 7085
f 7085 7129 7130
f 7085 7130 7086
f 7088 7131 7132
f 7088 7132 7089
f 7089 7132 7133
f 7089 7133 7090
f 7090 7133 7134
f 7090 7134 7091
f 7091 7134 7135
f 7091 7135 7092
f 7092 7135 7136
f 7092 7136 7093
f 7093 7136 7137
f 7093 7137 7094
f 7094 7137 7138
f 7094 7138 7095
f 7095 7138 7139
f 7095 7139 7096
f 7096 7139 7140
f 7096 7140 7097
f 7097 7140 7141
f 7097 7141 7098
f 7098 7141 7142
f 7098 7142 7099
f 7099 7142 7143
f 7099 7143 7100
f 7100 7143 7144
f 7100 7144 7101
f 7101 7144 7145
f 7101 7145 7102
f 7102 7145 7146
f 7102 7146 7103
f 7103 7146 7147
f 7103 7147 7104
f 7104 7147 7148
f 7104 7148 7105
f 7105 7148 7149
f 7105 7149 7106
f 7106 7149 7150
f 7106 7150 7107
f 7107 7150 7151
f 7107 7151 7108
f 7108 7151 7152
f 7108 7152 7109
f 7109 7152 7153
f 7109 7153 7110
f 7110 7153 7154
f 7110 7154 7111
f 7111 7154 7155
f 7111 7155 7112
f 7112 7155 7156
f 7112 7156 7113
f 7113 7156 7157
f 7113 7157 7114
f 7114 7157 7158
f 7114 7158 7115
f 7115 7158 7159
f 7115 7159 7116
f 7116 7159 7160
f 7116 7160 7117
f 7117 7160 7161
f 7117 7161 7118
f 7118 7161 7162
f 7118 7162 7119
f 7119 7162 7163
f 7119 7163 7120
f 7120 7163 7164
f 7120 7164 7121
f 7121 7164 7165
f 7121 7165 7122
f 7122 7165 7166
f 7122 7166 7123
f 7123 7166 7167
f 7123 7167 7124
f 7124 7167 7168
f 7124 7168 7125
f 7125 7168 7169
f 7125 7169 7126
f 7126 7169 7170
f 7126 7170 7127
f 7127 7170 7171
f 7127 7171 7128
f 7128 7171 7172
f 7128 7172 7129
f 7129 7172 7173
f 7129 7173 7130
f 7131 7174 7175
f 7131 7175 7132
f 7132 7175 7176
f 7132 7176 7133
f 7133 7176 7177
f 7133 7177 7134
f 7134 7177 7178
f 7134 7178 7135
f 7135 7178 7179
f 7135 7179 7136
f 7136 7179 7180
f 7136 7180 7137
f 7137 7180 7181
f 7137 7181 7138
f 7138 7181 7182
f 7138 7182 7139
f 7139 7182 7183
f 7139 7183 7140
f 7140 7183 7184
f 7140 7184 7141
f 7141 7184 7185
f 7141 7185 7142
f 7142 7185 7186
f 7142 7186 7143
f 7143 7186 7187
f 7143 7187 7144
f 7144 7187 7188
f 7144 7188 7145
f 7145 7188 7189
f 7145 7189 7146
f 7146 7189 7190
f 7146 7190 7147
f 7147 7190 7191
f 7147 7191 7148
f 7148 7191 7192
f 7148 7192 7149
f 7149 7192 7193
f 7149 7193 7150
f 7150 7193 7194
f 7150 7194 7151
f 7151 7194 7195
f 7151 7195 7152
f 7152 7195 7196
f 7152 7196 7153
f 7153 7196 7197
f 7153 7197 7154
f 7154 7197 7198
f 7154 7198 7155
f 7155 7198 7199
f 7155 7199 7156
f 7156 7199 7200
f 7156 7200 7157
f 7157 7200 7201
f 7157 7201 7158
f 7158 7201 7202
f 7158 7202 7159
f 7159 7202 7203
f 7159 7203 7160
f 7160 7203 7204
f 7160 7204 7161
f 7161 7204 7205
f 7161 7205 7162
f 7162 7205 7206
f 7162 7206 7163
f 7163 7206 7207
f 7163 7207 7164
f 7164 7207 7208
f 7164 7208 7165
f 7165 7208 7209
f 7165 7209 7166
f 7166 7209 7210
f 7166 7210 7167
f 7167 7210 7211
f 7167 7211 7168
f 7168 7211 7212
f 7168 7212 7169
f 7169 7212 7213
f 7169 7213 7170
f 7170 7213 7214
f 7170 7214 7171
f 7171 7214 7215
f 7171 7215 7172
f 7172 7215 7216
f 7172 7216 7173
f 7175 7218 7219
f 7175 7219 7176
f 7176 7219 7220
f 7176 7220 7177
f 7177 7220 7221
f 7177 7221 7178
f 7178 7221 7222
f 7178 7222 7179
f 7179 7222 7223
f 7179 7223 7180
f 7180 7223 7224
f 7180 7224 7181
f 7181 7224 7225
f 7181 7225 7182
f 7182 7225 7226
f 7182 7226 7183
f 7183 7226 7227
f 7183 7227 7184
f 7184 7227 7228
f 7184 7228 7185
f 7185 7228 7229
f 7185 7229 7186
f 7186 7229 7230
f 7186 7230 7187
f 7187 7230 7231
f 7187 7231 7188
f 7188 7231 7232
f 7188 7232 7189
f 7189 7232 7233
f 7189 7233 7190
f 7190 7233 7234
f 7190 7234 7191
f 7191 7234 7235
f 7191 7235 7192
f 7192 7235 7236
f 7192 7236 7193
f 7193 7236 7237
f 7193 7237 7194
f 7194 7237 7238
f 7194 7238 7195
f 7195 7238 7239
f 7195 7239 7196
f 7196 7239 7240
f 7196 7240 7197
f 7197 7240 7241
f 7197 7241 7198
f 7198 7241 7242
f 7198 7242 7199
f 7199 7242 7243
f 7199 7243 7200
f 7200 7243 7244
f 7200 7244 7201
f 7201 7244 7245
f 7201 7245 7202
f 7202 7245 7246
f 7202 7246 7203
f 7203 7246 7247
f 7203 7247 7204
f 7204 7247 7248
f 7204 7248 7205
f 7205 7248 7249
f 7205 7249 7206
f 7206 7249 7250
f 7206 7250 7207
f 7207 7250 7251
f 7207 7251 7208
f 7208 7251 7252
f 7208 7252 7209
f 7209 7252 7253
f 7209 7253 7210
f 7210 7253 7254
f 7210 7254 7211
f 7211 7254 7255
f 7211 7255 7212
f 7212 7255 7256
f 7212 7256 7213
f 7213 7256 7257
f 7213 7257 7214
f 7214 7257 7258
f 7214 7258 7215
f 7215 7258 7259
f 7215 7259 7216
f 7216 7259 7260
f 7216 7260 7217
f 7218 7261 7262
f 7218 7262 7219
f 7219 7262 7263
f 7219 7263 7220
f 7220 7263 7264
f 7220 7264 7221
f 7221 7264 7265
f 7221 7265 7222
f 7222 7265 7266
f 7222 7266 7223
f 7223 7266 7267
f 7223 7267 7224
f 7224 7267 7268
f 7224 7268 7225
f 7225 7268 7269
f 7225 7269 7226
f 7226 7269 7270
f 7226 7270 7227
f 7227 7270 7271
f 7227 7271 7228
f 7228 7271 7272
f 7228 7272 7229
f 7229 7272 7273
f 7229 7273 7230
f 7230 7273 7274
f 7230 7274 7231
f 7231 7274 7275
f 7231 7275 7232
f 7232 7275 7276
f 7232 7276 7233
f 7233 7276 7277
f 7233 7277 7234
f 7234 7277 7278
f 7234 7278 7235
f 7235 7278 7279
f 7235 7279 7236
f 7236 7279 7280
f 7236 7280 7237
f 7237 7280 7281
f 7237 7281 7238
f 7238 7281 7282
f 7238 7282 7239
f 7239 7282 7283
f 7239 7283 7240
f 7240 7283 7284
f 7240 7284 7241
f 7241 7284 7285
f 7241 7285 7242
f 7242 7285 7286
f 7242 7286 7243
f 7243 7286 7287
f 7243 7287 7244
f 7244 7287 7288
f 7244 7288 7245
f 7245 7288 7289
f 7245 7289 7246
f 7246 7289 7290
f 7246 7290 7247
f 7247 7290 7291
f 7247 7291 7248
f 7248 7291 7292
f 7248 7292 7249
f 7249 7292 7293
f 7249 7293 7250
f 7250 7293 7294
f 7250 7294 7251
f 7251 7294 7295
f 7251 7295 7252
f 7252 7295 7296
f 7252 7296 7253
f 7253 7296 7297
f 7253 7297 7254
f 7254 7297 7298
f 7254 7298 7255
f 7255 7298 7299
f 7255 7299 7256
f 7256 7299 7300
f 7256 7300 7257
f 7257 7300 7301
f 7257 7301 7258
f 7258 7301 7302
f 7258 7302 7259
f 7259 7302 7303
f 7259 7303 7260
f 7262 7304 7305
f 7262 7305 7263
f 7263 7305 7306
f 7263 7306 7264
f 7264 7306 7307
f 7264 7307 7265
f 7265 7307 7308
f 7265 7308 7266
f 7266 7308 7309
f 7266 7309 7267
f 7267 7309 7310
f 7267 7310 7268
f 7268 7310 7311
f 7268 7311 7269
f 7269 7311 7312
f 7269 7312 7270
f 7270 7312 7313
f 7270 7313 7271
f 7271 7313 7314
f 7271 7314 7272
f 7272 7314 7315
f 7272 7315 7273
f 7273 7315 7316
f 7273 7316 7274
f 7274 7316 7317
f 7274 7317 7275
f 7275 7317 7318
f 7275 7318 7276
f 7276 7318 7319
f 7276 7319 7277
f 7277 7319 7320
f 7277 7320 7278
f 7278 7320 7321
f 7278 7321 7279
f 7279 7321 7322
f 7279 7322 7280
f 7280 7322 7323
f 7280 7323 7281
f 7281 7323 7324
f 7281 7324 7282
f 7282 7324 7325
f 7282 7325 7283
f 7283 7325 7326
f 7283 7326 7284
f 7284 7326 7327
f 7284 7327 7285
f 7285 7327 7328
f 7285 7328 7286
f 7286 7328 7329
f 7286 7329 7287
f 7287 7329 7330
f 7287 7330 7288
f 7288 7330 7331
f 7288 7331 7289
f 7289 7331 7332
f 7289 7332 7290
f 7290 7332 7333
f 7290 7333 7291
f 7291 7333 7334
f 7291 7334 7292
f 7292 7334 7335
f 7292 7335 7293
f 7293 7335 7336
f 7293 7336 7294
f 7294 7336 7337
f 7294 7337 7295
f 7295 7337 7338
f 7295 7338 7296
f 7296 7338 7339
f 7296 7339 7297
f 7297 7339 7340
f 7297 7340 7298
f 7298 7340 7341
f 7298 7341 7299
f 7299 7341 7342
f 7299 7342 7300
f 7300 7342 7343
f 7300 7343 7301
f 7301 7343 7344
f 7301 7344 7302
f 7302 7344 7345
f 7302 7345 7303
f 7304 7347 7348
f 7304 7348 7305
f 7305 7348 7349
f 7305 7349 7306
f 7306 7349 7350
f 7306 7350 7307
f 7307 7350 7351
f 7307 7351 7308
f 7308 7351 7352
f 7308 7352 7309
f 7309 7352 7353
f 7309 7353 7310
f 7310 7353 7354
f 7310 7354 7311
f 7311 7354 7355
f 7311 7355 7312
f 7312 7355 7356
f 7312 7356 7313
f 7313 7356 7357
f 7313 7357 7314
f 7314 7357 7358
f 7314 7358 7315
f 7315 7358 7359
f 7315 7359 7316
f 7316 7359 7360
f 7316 7360 7317
f 7317 7360 7361
f 7317 7361 7318
f 7318 7361 7362
f 7318 7362 7319
f 7319 7362 7363
f 7319 7363 7320
f 7320 7363 7364
f 7320 7364 7321
f 7321 7364 7365
f 7321 7365 7322
f 7322 7365 7366
f 7322 7366 7323
f 7323 7366 7367
f 7323 7367 7324
f 7324 7367 7368
f 7324 7368 7325
f 7325 7368 7369
f 7325 7369 7326
f 7326 7369 7370
f 7326 7370 7327
f 7327 7370 7371
f 7327 7371 7328
f 7328 7371 7372
f 7328 7372 7329
f 7329 7372 7373
f 7329 7373 7330
f 7330 7373 7374
f 7330 7374 7331
f 7331 7374 7375
f 7331 7375 7332
f 7332 7375 7376
f 7332 7376 7333
f 7333 7376 7377
f 7333 7377 7334
f 7334 7377 7378
f 7334 7378 7335
f 7335 7378 7379
f 7335 7379 7336
f 7336 7379 7380
f 7336 7380 7337
f 7337 7380 7381
f 7337 7381 7338
f 7338 7381 7382
f 7338 7382 7339
f 7339 7382 7383
f 7339 7383 7340
f 7340 7383 7384
f 7340 7384 7341
f 7341 7384 7385
f 7341 7385 7342
f 7342 7385 7386
f 7342 7386 7343
f 7343 7386 7387
f 7343 7387 7344
f 7344 7387 7388
f 7344 7388 7345
f 7345 7388 7389
f 7345 7389 7346
f 7347 7390 7391
f 7347 7391 7348
f 7348 7391 7392
f 7348 7392 7349
f 7349 7392 7393
f 7349 7393 7350
f 7350 7393 7394
f 7350 7394 7351
f 7351 7394 7395
f 7351 7395 7352
f 7352 7395 7396
f 7352 7396 7353
f 7353 7396 7397
f 7353 7397 7354
f 7354 7397 7398
f 7354 7398 7355
f 7355 7398 7399
f 7355 7399 7356
f 7356 7399 7400
f 7356 7400 7357
f 7357 7400 7401
f 7357 7401 7358
f 7358 7401 7402
f 7358 7402 7359
f 7359 7402 7403
f 7359 7403 7360
f 7360 7403 7404
f 7360 7404 7361
f 7361 7404 7405
f 7361 7405 7362
f 7362 7405 7406
f 7362 7406 7363
f 7363 7406 7407
f 7363 7407 7364
f 7364 7407 7408
f 7364 7408 7365
f 7365 7408 7409
f 7365 7409 7366
f 7366 7409 7410
f 7366 7410 7367
f 7367 7410 7411
f 7367 7411 7368
f 7368 7411 7412
f 7368 7412 7369
f 7369 7412 7413
f 7369 7413 7370
f 7370 7413 7414
f 7370 7414 7371
f 7371 7414 7415
f 7371 7415 7372
f 7372 7415 7416
f 7372 7416 7373
f 7373 7416 7417
f 7373 7417 7374
f 7374 7417 7418
f 7374 7418 7375
f 7375 7418 7419
f 7375 7419 7376
f 7376 7419 7420
f 7376 7420 7377
f 7377 7420 7421
f 7377 7421 7378
f 7378 7421 7422
f 7378 7422 7379
f 7379 7422 7423
f 7379 7423 7380
f 7380 7423 7424
f 7380 7424 7381
f 7381 7424 7425
f 7381 7425 7382
f 7382 7425 7426
f 7382 7426 7383
f 7383 7426 7427
f 7383 7427 7384
f 7384 7427 7428
f 7384 7428 7385
f 7385 7428 7429
f 7385 7429 7386
f 7386 7429 7430
f 7386 7430 7387
f 7387 7430 7431
f 7387 7431 7388
f 7388 7431 7432
f 7388 7432 7389
f 7391 7434 7435
f 7391 7435 7392
f 7392 7435 7436
f 7392 7436 7393
f 7393 7436 7437
f 7393 7437 7394
f 7394 7437 7438
f 7394 7438 7395
f 7395 7438 7439
f 7395 7439 7396
f 7396 7439 7440
f 7396 7440 7397
f 7397 7440 7441
f 7397 7441 7398
f 7398 7441 7442
f 7398 7442 7399
f 7399 7442 7443
f 7399 7443 7400
f 7400 7443 7444
f 7400 7444 7401
f 7401 7444 7445
f 7401 7445 7402
f 7402 7445 7446
f 7402 7446 7403
f 7403 7446 7447
f 7403 7447 7404
f 7404 7447 7448
f 7404 7448 7405
f 7405 7448 7449
f 7405 7449 7406
f 7406 7449 7450
f 7406 7450 7407
f 7407 7450 7451
f 7407 7451 7408
f 7408 7451 7452
f 7408 7452 7409
f 7409 7452 7453
f 7409 7453 7410
f 7410 7453 7454
f 7410 7454 7411
f 7411 7454 7455
f 7411 7455 7412
f 7412 7455 7456
f 7412 7456 7413
f 7413 7456 7457
f 7413 7457 7414
f 7414 7457 7458
f 7414 7458 7415
f 7415 7458 7459
f 7415 7459 7416
f 7416 7459 7460
f 7416 7460 7417
f 7417 7460 7461
f 7417 7461 7418
f 7418 7461 7462
f 7418 7462 7419
f 7419 7462 7463
f 7419 7463 7420
f 7420 7463 7464
f 7420 7464 7421
f 7421 7464 7465
f 7421 7465 7422
f 7422 7465 7466
f 7422 7466 7423
f 7423 7466 7467
f 7423 7467 7424
f 7424 7467 7468
f 7424 7468 7425
f 7425 7468 7469
f 7425 7469 7426
f 7426 7469 7470
f 7426 7470 7427
f 7427 7470 7471
f 7427 7471 7428
f 7428 7471 7472
f 7428 7472 7429
f 7429 7472 7473
f 7429 7473 7430
f 7430 7473 7474
f 7430 7474 7431
f 7431 7474 7475
f 7431 7475 7432
f 7432 7475 7476
f 7432 7476 7433
f 7434 7477 7478
f 7434 7478 7435
f 7435 7478 7479
f 7435 7479 7436
f 7436 7479 7480
f 7436 7480 7437
f 7437 7480 7481
f 7437 7481 7438
f 7438 7481 7482
f 7438 7482 7439
f 7439 7482 7483
f 7439 7483 7440
f 7440 7483 7484
f 7440 7484 7441
f 7441 7484 7485
f 7441 7485 7442
f 7442 7485 7486
f 7442 7486 7443
f 7443 7486 7487
f 7443 7487 7444
f 7444 7487 7488
f 7444 7488 7445
f 7445 7488 7489
f 7445 7489 7446
f 7446 7489 7490
f 7446 7490 7447
f 7447 7490 7491
f 7447 7491 7448
f 7448 7491 7492
f 7448 7492 7449
f 7449 7492 7493
f 7449 7493 7450
f 7450 7493 7494
f 7450 7494 7451
f 7451 7494 7495
f 7451 7495 7452
f 7452 7495 7496
f 7452 7496 7453
f 7453 7496 7497
f 7453 7497 7454
f 7454 7497 7498
f 7454 7498 7455
f 7455 7498 7499
f 7455 7499 7456
f 7456 7499 7500
f 7456 7500 7457
f 7457 7500 7501
f 7457 7501 7458
f 7458 7501 7502
f 7458 7502 7459
f 7459 7502 7503
f 7459 7503 7460
f 7460 7503 7504
f 7460 7504 7461
f 7461 7504 7505
f 7461 7505 7462
f 7462 7505 7506
f 7462 7506 7463
f 7463 7506 7507
f 7463 7507 7464
f 7464 7507 7508
f 7464 7508 7465
f 7465 7508 7509
f 7465 7509 7466
f 7466 7509 7510
f 7466 7510 7467
f 7467 7510 7511
f 7467 7511 7468
f 7468 7511 7512
f 7468 7512 7469
f 7469 7512 7513
f 7469 7513 7470
f 7470 7513 7514
f 7470 7514 7471
f 7471 7514 7515
f 7471 7515 7472
f 7472 7515 7516
f 7472 7516 7473
f 7473 7516 7517
f 7473 7517 7474
f 7474 7517 7518
f 7474 7518 7475
f 7475 7518 7519
f 7475 7519 7476
f 7478 7520 7521
f 7478 7521 7479
f 7479 7521 7522
f 7479 7522 7480
f 7480 7522 7523
f 7480 7523 7481
f 7481 7523 7524
f 7481 7524 7482
f 7482 7524 7525
f 7482 7525 7483
f 7483 7525 7526
f 7483 7526 7484
f 7484 7526 7527
f 7484 7527 7485
f 7485 7527 7528
f 7485 7528 7486
f 7486 7528 7529
f 7486 7529 7487
f 7487 7529 7530
f 7487 7530 7488
f 7488 7530 7531
f 7488 7531 7489
f 7489 7531 7532
f 7489 7532 7490
f 7490 7532 7533
f 7490 7533 7491
f 7491 7533 7534
f 7491 7534 7492
f 7492 7534 7535
f 7492 7535 7493
f 7493 7535 7536
f 7493 7536 7494
f 7494 7536 7537
f 7494 7537 7495
f 7495 7537 7538
f 7495 7538 7496
f 7496 7538 7539
f 7496 7539 7497
f 7497 7539 7540
f 7497 7540 7498
f 7498 7540 7541
f 7498 7541 7499
f 7499 7541 7542
f 7499 7542 7500
f 7500 7542 7543
f 7500 7543 7501
f 7501 7543 7544
f 7501 7544 7502
f 7502 7544 7545
f 7502 7545 7503
f 7503 7545 7546
f 7503 7546 7504
f 7504 7546 7547
f 7504 7547 7505
f 7505 7547 7548
f 7505 7548 7506
f 7506 7548 7549
f 7506 7549 7507
f 7507 7549 7550
f 7507 7550 7508
f 7508 7550 7551
f 7508 7551 7509
f 7509 7551 7552
f 7509 7552 7510
f 7510 7552 7553
f 7510 7553 7511
f 7511 7553 7554
f 7511 7554 7512
f 7512 7554 7555
f 7512 7555 7513
f 7513 7555 7556
f 7513 7556 7514
f 7514 7556 7557
f 7514 7557 7515
f 7515 7557 7558
f 7515 7558 7516
f 7516 7558 7559
f 7516 7559 7517
f 7517 7559 7560
f 7517 7560 7518
f 7518 7560 7561
f 7518 7561 7519
f 7520 7563 7564
f 7520 7564 7521
f 7521 7564 7565
f 7521 7565 7522
f 7522 7565 7566
f 7522 7566 7523
f 7523 7566 7567
f 7523 7567 7524
f 7524 7567 7568
f 7524 7568 7525
f 7525 7568 7569
f 7525 7569 7526
f 7526 7569 7570
f 7526 7570 7527
f 7527 7570 7571
f 7527 7571 7528
f 7528 7571 7572
f 7528 7572 7529
f 7529 7572 7573
f 7529 7573 7530
f 7530 7573 7574
f 7530 7574 7531
f 7531 7574 7575
f 7531 7575 7532
f 7532 7575 7576
f 7532 7576 7533
f 7533 7576 7577
f 7533 7577 7534
f 7534 7577 7578
f 7534 7578 7535
f 7535 7578 7579
f 7535 7579 7536
f 7536 7579 7580
f 7536 7580 7537
f 7537 7580 7581
f 7537 7581 7538
f 7538 7581 7582
f 7538 7582 7539
f 7539 7582 7583
f 7539 7583 7540
f 7540 7583 7584
f 7540 7584 7541
f 7541 7584 7585
f 7541 7585 7542
f 7542 7585 7586
f 7542 7586 7543
f 7543 7586 7587
f 7543 7587 7544
f 7544 7587 7588
f 7544 7588 7545
f 7545 7588 7589
f 7545 7589 7546
f 7546 7589 7590
f 7546 7590 7547
f 7547 7590 7591
f 7547 7591 7548
f 7548 7591 7592
f 7548 7592 7549
f 7549 7592 7593
f 7549 7593 7550
f 7550 7593 7594
f 7550 7594 7551
f 7551 7594 7595
f 7551 7595 7552
f 7552 7595 7596
f 7552 7596 7553
f 7553 7596 7597
f 7553 7597 7554
f 7554 7597 7598
f 7554 7598 7555
f 7555 7598 7599
f 7555 7599 7556
f 7556 7599 7600
f 7556 7600 7557
f 7557 7600 7601
f 7557 7601 7558
f 7558 7601 7602
f 7558 7602 7559
f 7559 7602 7603
f 7559 7603 7560
f 7560 7603 7604
f 7560 7604 7561
f 7561 7604 7605
f 7561 7605 7562
f 7564 7606 7607
f 7564 7607 7565
f 7565 7607 7608
f 7565 7608 7566
f 7566 7608 7609
f 7566 7609 7567
f 7567 7609 7610
f 7567 7610 7568
f 7568 7610 7611
f 7568 7611 7569
f 7569 7611 7612
f 7569 7612 7570
f 7570 7612 7613
f 7570 7613 7571
f 7571 7613 7614
f 7571 7614 7572
f 7572 7614 7615
f 7572 7615 7573
f 7573 7615 7616
f 7573 7616 7574
f 7574 7616 7617
f 7574 7617 7575
f 7575 7617 7618
f 7575 7618 7576
f 7576 7618 7619
f 7576 7619 7577
f 7577 7619 7620
f 7577 7620 7578
f 7578 7620 7621
f 7578 7621 7579
f 7579 7621 7622
f 7579 7622 7580
f 7580 7622 7623
f 7580 7623 7581
f 7581 7623 7624
f 7581 7624 7582
f 7582 7624 7625
f 7582 7625 7583
f 7583 7625 7626
f 7583 7626 7584
f 7584 7626 7627
f 7584 7627 7585
f 7585 7627 7628
f 7585 7628 7586
f 7586 7628 7629
f 7586 7629 7587
f 7587 7629 7630
f 7587 7630 7588
f 7588 7630 7631
f 7588 7631 7589
f 7589 7631 7632
f 7589 7632 7590
f 7590 7632 7633
f 7590 7633 7591
f 7591 7633 7634
f 7591 7634 7592
f 7592 7634 7635
f 7592 7635 7593
f 7593 7635 7636
f 7593 7636 7594
f 7594 7636 7637
f 7594 7637 7595
f 7595 7637 7638
f 7595 7638 7596
f 7596 7638 7639
f 7596 7639 7597
f 7597 7639 7640
f 7597 7640 7598
f 7598 7640 7641
f 7598 7641 7599
f 7599 7641 7642
f 7599 7642 7600
f 7600 7642 7643
f 7600 7643 7601
f 7601 7643 7644
f 7601 7644 7602
f 7602 7644 7645
f 7602 7645 7603
f 7603 7645 7646
f 7603 7646 7604
f 7604 7646 7647
f 7604 7647 7605
f 7606 7648 7649
f 7606 7649 7607
f 7607 7649 7650
f 7607 7650 7608
f 7608 7650 7651
f 7608 7651 7609
f 7609 7651 7652
f 7609 7652 7610
f 7610 7652 7653
f 7610 7653 7611
f 7611 7653 7654
f 7611 7654 7612
f 7612 7654 7655
f 7612 7655 7613
f 7613 7655 7656
f 7613 7656 7614
f 7614 7656 7657
f 7614 7657 7615
f 7615 7657 7658
f 7615 7658 7616
f 7616 7658 7659
f 7616 7659 7617
f 7617 7659 7660
f 7617 7660 7618
f 7618 7660 7661
f 7618 7661 7619
f 7619 7661 7662
f 7619 7662 7620
f 7620 7662 7663
f 7620 7663 7621
f 7621 7663 7664
f 7621 7664 7622
f 7622 7664 7665
f 7622 7665 7623
f 7623 7665 7666
f 7623 7666 7624
f 7624 7666 7667
f 7624 7667 7625
f 7625 7667 7668
f 7625 7668 7626
f 7626 7668 7669
f 7626 7669 7627
f 7627 7669 7670
f 7627 7670 7628
f 7628 7670 7671
f 7628 7671 7629
f 7629 7671 7672
f 7629 7672 7630
f 7630 7672 7673
f 7630 7673 7631
f 7631 7673 7674
f 7631 7674 7632
f 7632 7674 7675
f 7632 7675 7633
f 7633 7675 7676
f 7633 7676 7634
f 7634 7676 7677
f 7634 7677 7635
f 7635 7677 7678
f 7635 7678 7636
f 7636 7678 7679
f 7636 7679 7637
f 7637 7679 7680
f 7637 7680 7638
f 7638 7680 7681
f 7638 7681 7639
f 7639 7681 7682
f 7639 7682 7640
f 7640 7682 7683
f 7640 7683 7641
f 7641 7683 7684
f 7641 7684 7642
f 7642 7684 7685
f 7642 7685 7643
f 7643 7685 7686
f 7643 7686 7644
f 7644 7686 7687
f 7644 7687 7645
f 7645 7687 7688
f 7645 7688 7646
f 7646 7688 7689
f 7646 7689 7647
f 7648 7690 7691
f 7648 7691 7649
f 7649 7691 7692
f 7649 7692 7650
f 7650 7692 7693
f 7650 7693 7651
f 7651 7693 7694
f 7651 7694 7652
f 7652 7694 7695
f 7652 7695 7653
f 7653 7695 7696
f 7653 7696 7654
f 7654 7696 7697
f 7654 7697 7655
f 7655 7697 7698
f 7655 7698 7656
f 7656 7698 7699
f 7656 7699 7657
f 7657 7699 7700
f 7657 7700 7658
f 7658 7700 7701
f 7658 7701 7659
f 7659 7701 7702
f 7659 7702 7660
f 7660 7702 7703
f 7660 7703 7661
f 7661 7703 7704
f 7661 7704 7662
f 7662 7704 7705
f 7662 7705 7663
f 7663 7705 7706
f 7663 7706 7664
f 7664 7706 7707
f 7664 7707 7665
f 7665 7707 7708
f 7665 7708 7666
f 7666 7708 7709
f 7666 7709 7667
f 7667 7709 7710
f 7667 7710 7668
f 7668 7710 7711
f 7668 7711 7669
f 7669 7711 7712
f 7669 7712 7670
f 7670 7712 7713
f 7670 7713 7671
f 7671 7713 7714
f 7671 7714 7672
f 7672 7714 7715
f 7672 7715 7673
f 7673 7715 7716
f 7673 7716 7674
f 7674 7716 7717
f 7674 7717 7675
f 7675 7717 7718
f 7675 7718 7676
f 7676 7718 7719
f 7676 7719 7677
f 7677 7719 7720
f 7677 7720 7678
f 7678 7720 7721
f 7678 7721 7679
f 7679 7721 7722
f 7679 7722 7680
f 7680 7722 7723
f 7680 7723 7681
f 7681 7723 7724
f 7681 7724 7682
f 7682 7724 7725
f 7682 7725 7683
f 7683 7725 7726
f 7683 7726 7684
f 7684 7726 7727
f 7684 7727 7685
f 7685 7727 7728
f 7685 7728 7686
f 7686 7728 7729
f 7686 7729 7687
f 7687 7729 7730
f 7687 7730 7688
f 7688 7730 7731
f 7688 7731 7689
f 7691 7733 7734
f 7691 7734 7692
f 7692 7734 7735
f 7692 7735 7693
f 7693 7735 7736
f 7693 7736 7694
f 7694 7736 7737
f 7694 7737 7695
f 7695 7737 7738
f 7695 7738 7696
f 7696 7738 7739
f 7696 7739 7697
f 7697 7739 7740
f 7697 7740 7698
f 7698 7740 7741
f 7698 7741 7699
f 7699 7741 7742
f 7699 7742 7700
f 7700 7742 7743
f 7700 7743 7701
f 7701 7743 7744
f 7701 7744 7702
f 7702 7744 7745
f 7702 7745 7703
f 7703 7745 7746
f 7703 7746 7704
f 7704 7746 7747
f 7704 7747 7705
f 7705 7747 7748
f 7705 7748 7706
f 7706 7748 7749
f 7706 7749 7707
f 7707 7749 7750
f 7707 7750 7708
f 7708 7750 7751
f 7708 7751 7709
f 7709 7751 7752
f 7709 7752 7710
f 7710 7752 7753
f 7710 7753 7711
f 7711 7753 7754
f 7711 7754 7712
f 7712 7754 7755
f 7712 7755 7713
f 7713 7755 7756
f 7713 7756 7714
f 7714 7756 7757
f 7714 7757 7715
f 7715 7757 7758
f 7715 7758 7716
f 7716 7758 7759
f 7716 7759 7717
f 7717 7759 7760
f 7717 7760 7718
f 7718 7760 7761
f 7718 7761 7719
f 7719 7761 7762
f 7719 7762 7720
f 7720 7762 7763
f 7720 7763 7721
f 7721 7763 7764
f 7721 7764 7722
f 7722 7764 7765
f 7722 7765 7723
f 7723 7765 7766
f 7723 7766 7724
f 7724 7766 7767
f 7724 7767 7725
f 7725 7767 7768
f 7725 7768 7726
f 7726 7768 7769
f 7726 7769 7727
f 7727 7769 7770
f 7727 7770 7728
f 7728 7770 7771
f 7728 7771 7729
f 7729 7771 7772
f 7729 7772 7730
f 7730 7772 7773
f 7730 7773 7731
f 7731 7773 7774
f 7731 7774 7732
f 7733 7775 7776
f 7733 7776 7734
f 7734 7776 7777
f 7734 7777 7735
f 7735 7777 7778
f 7735 7778 7736
f 7736 7778 7779
f 7736 7779 7737
f 7737 7779 7780
f 7737 7780 7738
f 7738 7780 7781
f 7738 7781 7739
f 7739 7781 7782
f 7739 7782 7740
f 7740 7782 7783
f 7740 7783 7741
f 7741 7783 7784
f 7741 7784 7742
f 7742 7784 7785
f 7742 7785 7743
f 7743 7785 7786
f 7743 7786 7744
f 7744 7786 7787
f 7744 7787 7745
f 7745 7787 7788
f 7745 7788 7746
f 7746 7788 7789
f 7746 7789 7747
f 7747 7789 7790
f 7747 7790 7748
f 7748 7790 7791
f 7748 7791 7749
f 7749 7791 7792
f 7749 7792 7750
f 7750 7792 7793
f 7750 7793 7751
f 7751 7793 7794
f 7751 7794 7752
f 7752 7794 7795
f 7752 7795 7753
f 7753 7795 7796
f 7753 7796 7754
f 7754 7796 7797
f 7754 7797 7755
f 7755 7797 7798
f 7755 7798 7756
f 7756 7798 7799
f 7756 7799 7757
f 7757 7799 7800
f 7757 7800 7758
f 7758 7800 7801
f 7758 7801 7759
f 7759 7801 7802
f 7759 7802 7760
f 7760 7802 7803
f 7760 7803 7761
f 7761 7803 7804
f 7761 7804 7762
f 7762 7804 7805
f 7762 7805 7763
f 7763 7805 7806
f 7763 7806 7764
f 7764 7806 7807
f 7764 7807 7765
f 7765 7807 7808
f 7765 7808 7766
f 7766 7808 7809
f 7766 7809 7767
f 7767 7809 7810
f 7767 7810 7768
f 7768 7810 7811
f 7768 7811 7769
f 7769 7811 7812
f 7769 7812 7770
f 7770 7812 7813
f 7770 7813 7771
f 7771 7813 7814
f 7771 7814 7772
f 7772 7814 7815
f 7772 7815 7773
f 7773 7815 7816
f 7773 7816 7774
f 7775 7817 7818
f 7775 7818 7776
f 7776 7818 7819
f 7776 7819 7777
f 7777 7819 7820
f 7777 7820 7778
f 7778 7820 7821
f 7778 7821 7779
f 7779 7821 7822
f 7779 7822 7780
f 7780 7822 7823
f 7780 7823 7781
f 7781 7823 7824
f 7781 7824 7782
f 7782 7824 7825
f 7782 7825 7783
f 7783 7825 7826
f 7783 7826 7784
f 7784 7826 7827
f 7784 7827 7785
f 7785 7827 7828
f 7785 7828 7786
f 7786 7828 7829
f 7786 7829 7787
f 7787 7829 7830
f 7787 7830 7788
f 7788 7830 7831
f 7788 7831 7789
f 7789 7831 7832
f 7789 7832 7790
f 7790 7832 7833
f 7790 7833 7791
f 7791 7833 7834
f 7791 7834 7792
f 7792 7834 7835
f 7792 7835 7793
f 7793 7835 7836
f 7793 7836 7794
f 7794 7836 7837
f 7794 7837 7795
f 7795 7837 7838
f 7795 7838 7796
f 7796 7838 7839
f 7796 7839 7797
f 7797 7839 7840
f 7797 7840 7798
f 7798 7840 7841
f 7798 7841 7799
f 7799 7841 7842
f 7799 7842 7800
f 7800 7842 7843
f 7800 7843 7801
f 7801 7843 7844
f 7801 7844 7802
f 7802 7844 7845
f 7802 7845 7803
f 7803 7845 7846
f 7803 7846 7804
f 7804 7846 7847
f 7804 7847 7805
f 7805 7847 7848
f 7805 7848 7806
f 7806 7848 7849
f 7806 7849 7807
f 7807 7849 7850
f 7807 7850 7808
f 7808 7850 7851
f 7808 7851 7809
f 7809 7851 7852
f 7809 7852 7810
f 7810 7852 7853
f 7810 7853 7811
f 7811 7853 7854
f 7811 7854 7812
f 7812 7854 7855
f 7812 7855 7813
f 7813 7855 7856
f 7813 7856 7814
f 7814 7856 7857
f 7814 7857 7815
f 7815 7857 7858
f 7815 7858 7816
f 7818 7859 7860
f 7818 7860 7819
f 7819 7860 7861
f 7819 7861 7820
f 7820 7861 7862
f 7820 7862 7821
f 7821 7862 7863
f 7821 7863 7822
f 7822 7863 7864
f 7822 7864 7823
f 7823 7864 7865
f 7823 7865 7824
f 7824 7865 7866
f 7824 7866 7825
f 7825 7866 7867
f 7825 7867 7826
f 7826 7867 7868
f 7826 7868 7827
f 7827 7868 7869
f 7827 7869 7828
f 7828 7869 7870
f 7828 7870 7829
f 7829 7870 7871
f 7829 7871 7830
f 7830 7871 7872
f 7830 7872 7831
f 7831 7872 7873
f 7831 7873 7832
f 7832 7873 7874
f 7832 7874 7833
f 7833 7874 7875
f 7833 7875 7834
f 7834 7875 7876
f 7834 7876 7835
f 7835 7876 7877
f 7835 7877 7836
f 7836 7877 7878
f 7836 7878 7837
f 7837 7878 7879
f 7837 7879 7838
f 7838 7879 7880
f 7838 7880 7839
f 7839 7880 7881
f 7839 7881 7840
f 7840 7881 7882
f 7840 7882 7841
f 7841 7882 7883
f 7841 7883 7842
f 7842 7883 7884
f 7842 7884 7843
f 7843 7884 7885
f 7843 7885 7844
f 7844 7885 7886
f 7844 7886 7845
f 7845 7886 7887
f 7845 7887 7846
f 7846 7887 7888
f 7846 7888 7847
f 7847 7888 7889
f 7847 7889 7848
f 7848 7889 7890
f 7848 7890 7849
f 7849 7890 7891
f 7849 7891 7850
f 7850 7891 7892
f 7850 7892 7851
f 7851 7892 7893
f 7851 7893 7852
f 7852 7893 7894
f 7852 7894 7853
f 7853 7894 7895
f 7853 7895 7854
f 7854 7895 7896
f 7854 7896 7855
f 7855 7896 7897
f 7855 7897 7856
f 7856 7897 7898
f 7856 7898 7857
f 7857 7898 7899
f 7857 7899 7858
f 7859 7901 7902
f 7859 7902 7860
f 7860 7902 7903
f 7860 7903 7861
f 7861 7903 7904
f 7861 7904 7862
f 7862 7904 7905
f 7862 7905 7863
f 7863 7905 7906
f 7863 7906 7864
f 7864 7906 7907
f 7864 7907 7865
f 7865 7907 7908
f 7865 7908 7866
f 7866 7908 7909
f 7866 7909 7867
f 7867 7909 7910
f 7867 7910 7868
f 7868 7910 7911
f 7868 7911 7869
f 7869 7911 7912
f 7869 7912 7870
f 7870 7912 7913
f 7870 7913 7871
f 7871 7913 7914
f 7871 7914 7872
f 7872 7914 7915
f 7872 7915 7873
f 7873 7915 7916
f 7873 7916 7874
f 7874 7916 7917
f 7874 7917 7875
f 7875 7917 7918
f 7875 7918 7876
f 7876 7918 7919
f 7876 7919 7877
f 7877 7919 7920
f 7877 7920 7878
f 7878 7920 7921
f 7878 7921 7879
f 7879 7921 7922
f 7879 7922 7880
f 7880 7922 7923
f 7880 7923 7881
f 7881 7923 7924
f 7881 7924 7882
f 7882 7924 7925
f 7882 7925 7883
f 7883 7925 7926
f 7883 7926 7884
f 7884 7926 7927
f 7884 7927 7885
f 7885 7927 7928
f 7885 7928 7886
f 7886 7928 7929
f 7886 7929 7887
f 7887 7929 7930
f 7887 7930 7888
f 7888 7930 7931
f 7888 7931 7889
f 7889 7931 7932
f 7889 7932 7890
f 7890 7932 7933
f 7890 7933 7891
f 7891 7933 7934
f 7891 7934 7892
f 7892 7934 7935
f 7892 7935 7893
f 7893 7935 7936
f 7893 7936 7894
f 7894 7936 7937
f 7894 7937 7895
f 7895 7937 7938
f 7895 7938 7896
f 7896 7938 7939
f 7896 7939 7897
f 7897 7939 7940
f 7897 7940 7898
f 7898 7940 7941
f 7898 7941 7899
f 7899 7941 7942
f 7899 7942 7900
f 7902 7943 7944
f 7902 7944 7903
f 7903 7944 7945
f 7903 7945 7904
f 7904 7945 7946
f 7904 7946 7905
f 7905 7946 7947
f 7905 7947 7906
f 7906 7947 7948
f 7906 7948 7907
f 7907 7948 7949
f 7907 7949 7908
f 7908 7949 7950
f 7908 7950 7909
f 7909 7950 7951
f 7909 7951 7910
f 7910 7951 7952
f 7910 7952 7911
f 7911 7952 7953
f 7911 7953 7912
f 7912 7953 7954
f 7912 7954 7913
f 7913 7954 7955
f 7913 7955 7914
f 7914 7955 7956
f 7914 7956 7915
f 7915 7956 7957
f 7915 7957 7916
f 7916 7957 7958
f 7916 7958 7917
f 7917 7958 7959
f 7917 7959 7918
f 7918 7959 7960
f 7918 7960 7919
f 7919 7960 7961
f 7919 7961 7920
f 7920 7961 7962
f 7920 7962 7921
f 7921 7962 7963
f 7921 7963 7922
f 7922 7963 7964
f 7922 7964 7923
f 7923 7964 7965
f 7923 7965 7924
f 7924 7965 7966
f 7924 7966 7925
f 7925 7966 7967
f 7925 7967 7926
f 7926 7967 7968
f 7926 7968 7927
f 7927 7968 7969
f 7927 7969 7928
f 7928 7969 7970
f 7928 7970 7929
f 7929 7970 7971
f 7929 7971 7930
f 7930 7971 7972
f 7930 7972 7931
f 7931 7972 7973
f 7931 7973 7932
f 7932 7973 7974
f 7932 7974 7933
f 7933 7974 7975
f 7933 7975 7934
f 7934 7975 7976
f 7934 7976 7935
f 7935 7976 7977
f 7935 7977 7936
f 7936 7977 7978
f 7936 7978 7937
f 7937 7978 7979
f 7937 7979 7938
f 7938 7979 7980
f 7938 7980 7939
f 7939 7980 7981
f 7939 7981 7940
f 7940 7981 7982
f 7940 7982 7941
f 7941 7982 7983
f 7941 7983 7942
f 7943 7984 7985
f 7943 7985 7944
f 7944 7985 7986
f 7944 7986 7945
f 7945 7986 7987
f 7945 7987 7946
f 7946 7987 7988
f 7946 7988 7947
f 7947 7988 7989
f 7947 7989 7948
f 7948 7989 7990
f 7948 7990 7949
f 7949 7990 7991
f 7949 7991 7950
f 7950 7991 7992
f 7950 7992 7951
f 7951 7992 7993
f 7951 7993 7952
f 7952 7993 7994
f 7952 7994 7953
f 7953 7994 7995
f 7953 7995 7954
f 7954 7995 7996
f 7954 7996 7955
f 7955 7996 7997
f 7955 7997 7956
f 7956 7997 7998
f 7956 7998 7957
f 7957 7998 7999
f 7957 7999 7958
f 7958 7999 8000
f 7958 8000 7959
f 7959 8000 8001
f 7959 8001 7960
f 7960 8001 8002
f 7960 8002 7961
f 7961 8002 8003
f 7961 8003 7962
f 7962 8003 8004
f 7962 8004 7963
f 7963 8004 8005
f 7963 8005 7964
f 7964 8005 8006
f 7964 8006 7965
f 7965 8006 8007
f 7965 8007 7966
f 7966 8007 8008
f 7966 8008 7967
f 7967 8008 8009
f 7967 8009 7968
f 7968 8009 8010
f 7968 8010 7969
f 7969 8010 8011
f 7969 8011 7970
f 7970 8011 8012
f 7970 8012 7971
f 7971 8012 8013
f 7971 8013 7972
f 7972 8013 8014
f 7972 8014 7973
f 7973 8014 8015
f 7973 8015 7974
f 7974 8015 8016
f 7974 8016 7975
f 7975 8016 8017
f 7975 8017 7976
f 7976 8017 8018
f 7976 8018 7977
f 7977 8018 8019
f 7977 8019 7978
f 7978 8019 8020
f 7978 8020 7979
f 7979 8020 8021
f 7979 8021 7980
f 7980 8021 8022
f 7980 8022 7981
f 7981 8022 8023
f 7981 8023 7982
f 7982 8023 8024
f 7982 8024 7983
f 7984 8026 8027
f 7984 8027 7985
f 7985 8027 8028
f 7985 8028 7986
f 7986 8028 8029
f 7986 8029 7987
f 7987 8029 8030
f 7987 8030 7988
f 7988 8030 8031
f 7988 8031 7989
f 7989 8031 8032
f 7989 8032 7990
f 7990 8032 8033
f 7990 8033 7991
f 7991 8033 8034
f 7991 8034 7992
f 7992 8034 8035
f 7992 8035 7993
f 7993 8035 8036
f 7993 8036 7994
f 7994 8036 8037
f 7994 8037 7995
f 7995 8037 8038
f 7995 8038 7996
f 7996 8038 8039
f 7996 8039 7997
f 7997 8039 8040
f 7997 8040 7998
f 7998 8040 8041
f 7998 8041 7999
f 7999 8041 8042
f 7999 8042 8000
f 8000 8042 8043
f 8000 8043 8001
f 8001 8043 8044
f 8001 8044 8002
f 8002 8044 8045
f 8002 8045 8003
f 8003 8045 8046
f 8003 8046 8004
f 8004 8046 8047
f 8004 8047 8005
f 8005 8047 8048
f 8005 8048 8006
f 8006 8048 8049
f 8006 8049 8007
f 8007 8049 8050
f 8007 8050 8008
f 8008 8050 8051
f 8008 8051 8009
f 8009 8051 8052
f 8009 8052 8010
f 8010 8052 8053
f 8010 8053 8011
f 8011 8053 8054
f 8011 8054 8012
f 8012 8054 8055
f 8012 8055 8013
f 8013 8055 8056
f 8013 8056 8014
f 8014 8056 8057
f 8014 8057 8015
f 8015 8057 8058
f 8015 8058 8016
f 8016 8058 8059
f 8016 8059 8017
f 8017 8059 8060
f 8017 8060 8018
f 8018 8060 8061
f 8018 8061 8019
f 8019 8061 8062
f 8019 8062 8020
f 8020 8062 8063
f 8020 8063 8021
f 8021 8063 8064
f 8021 8064 8022
f 8022 8064 8065
f 8022 8065 8023
f 8023 8065 8066
f 8023 8066 8024
f 8024 8066 8067
f 8024 8067 8025
f 8027 8068 8069
f 8027 8069 8028
f 8028 8069 8070
f 8028 8070 8029
f 8029 8070 8071
f 8029 8071 8030
f 8030 8071 8072
f 8030 8072 8031
f 8031 8072 8073
f 8031 8073 8032
f 8032 8073 8074
f 8032 8074 8033
f 8033 8074 8075
f 8033 8075 8034
f 8034 8075 8076
f 8034 8076 8035
f 8035 8076 8077
f 8035 8077 8036
f 8036 8077 8078
f 8036 8078 8037
f 8037 8078 8079
f 8037 8079 8038
f 8038 8079 8080
f 8038 8080 8039
f 8039 8080 8081
f 8039 8081 8040
f 8040 8081 8082
f 8040 8082 8041
f 8041 8082 8083
f 8041 8083 8042
f 8042 8083 8084
f 8042 8084 8043
f 8043 8084 8085
f 8043 8085 8044
f 8044 8085 8086
f 8044 8086 8045
f 8045 8086 8087
f 8045 8087 8046
f 8046 8087 8088
f 8046 8088 8047
f 8047 8088 8089
f 8047 8089 8048
f 8048 8089 8090
f 8048 8090 8049
f 8049 8090 8091
f 8049 8091 8050
f 8050 8091 8092
f 8050 8092 8051
f 8051 8092 8093
f 8051 8093 8052
f 8052 8093 8094
f 8052 8094 8053
f 8053 8094 8095
f 8053 8095 8054
f 8054 8095 8096
f 8054 8096 8055
f 8055 8096 8097
f 8055 8097 8056
f 8056 8097 8098
f 8056 8098 8057
f 8057 8098 8099
f 8057 8099 8058
f 8058 8099 8100
f 8058 8100 8059
f 8059 8100 8101
f 8059 8101 8060
f 8060 8101 8102
f 8060 8102 8061
f 8061 8102 8103
f 8061 8103 8062
f 8062 8103 8104
f 8062 8104 8063
f 8063 8104 8105
f 8063 8105 8064
f 8064 8105 8106
f 8064 8106 8065
f 8065 8106 8107
f 8065 8107 8066
f 8066 8107 8108
f 8066 8108 8067
f 8068 8110 8111
f 8068 8111 8069
f 8069 8111 8112
f 8069 8112 8070
f 8070 8112 8113
f 8070 8113 8071
f 8071 8113 8114
f 8071 8114 8072
f 8072 8114 8115
f 8072 8115 8073
f 8073 8115 8116
f 8073 8116 8074
f 8074 8116 8117
f 8074 8117 8075
f 8075 8117 8118
f 8075 8118 8076
f 8076 8118 8119
f 8076 8119 8077
f 8077 8119 8120
f 8077 8120 8078
f 8078 8120 8121
f 8078 8121 8079
f 8079 8121 8122
f 8079 8122 8080
f 8080 8122 8123
f 8080 8123 8081
f 8081 8123 8124
f 8081 8124 8082
f 8082 8124 8125
f 8082 8125 8083
f 8083 8125 8126
f 8083 8126 8084
f 8084 8126 8127
f 8084 8127 8085
f 8085 8127 8128
f 8085 8128 8086
f 8086 8128 8129
f 8086 8129 8087
f 8087 8129 8130
f 8087 8130 8088
f 8088 8130 8131
f 8088 8131 8089
f 8089 8131 8132
f 8089 8132 8090
f 8090 8132 8133
f 8090 8133 8091
f 8091 8133 8134
f 8091 8134 8092
f 8092 8134 8135
f 8092 8135 8093
f 8093 8135 8136
f 8093 8136 8094
f 8094 8136 8137
f 8094 8137 8095
f 8095 8137 8138
f 8095 8138 8096
f 8096 8138 8139
f 8096 8139 8097
f 8097 8139 8140
f 8097 8140 8098
f 8098 8140 8141
f 8098 8141 8099
f 8099 8141 8142
f 8099 8142 8100
f 8100 8142 8143
f 8100 8143 8101
f 8101 8143 8144
f 8101 8144 8102
f 8102 8144 8145
f 8102 8145 8103
f 8103 8145 8146
f 8103 8146 8104
f 8104 8146 8147
f 8104 8147 8105
f 8105 8147 8148
f 8105 8148 8106
f 8106 8148 8149
f 8106 8149 8107
f 8107 8149 8150
f 8107 8150 8108
f 8108 8150 8151
f 8108 8151 8109
f 8110 8152 8153
f 8110 8153 8111
f 8111 8153 8154
f 8111 8154 8112
f 8112 8154 8155
f 8112 8155 8113
f 8113 8155 8156
f 8113 8156 8114
f 8114 8156 8157
f 8114 8157 8115
f 8115 8157 8158
f 8115 8158 8116
f 8116 8158 8159
f 8116 8159 8117
f 8117 8159 8160
f 8117 8160 8118
f 8118 8160 8161
f 8118 8161 8119
f 8119 8161 8162
f 8119 8162 8120
f 8120 8162 8163
f 8120 8163 8121
f 8121 8163 8164
f 8121 8164 8122
f 8122 8164 8165
f 8122 8165 8123
f 8123 8165 8166
f 8123 8166 8124
f 8124 8166 8167
f 8124 8167 8125
f 8125 8167 8168
f 8125 8168 8126
f 8126 8168 8169
f 8126 8169 8127
f 8127 8169 8170
f 8127 8170 8128
f 8128 8170 8171
f 8128 8171 8129
f 8129 8171 8172
f 8129 8172 8130
f 8130 8172 8173
f 8130 8173 8131
f 8131 8173 8174
f 8131 8174 8132
f 8132 8174 8175
f 8132 8175 8133
f 8133 8175 8176
f 8133 8176 8134
f 8134 8176 8177
f 8134 8177 8135
f 8135 8177 8178
f 8135 8178 8136
f 8136 8178 8179
f 8136 8179 8137
f 8137 8179 8180
f 8137 8180 8138
f 8138 8180 8181
f 8138 8181 8139
f 8139 8181 8182
f 8139 8182 8140
f 8140 8182 8183
f 8140 8183 8141
f 8141 8183 8184
f 8141 8184 8142
f 8142 8184 8185
f 8142 8185 8143
f 8143 8185 8186
f 8143 8186 8144
f 8144 8186 8187
f 8144 8187 8145
f 8145 8187 8188
f 8145 8188 8146
f 8146 8188 8189
f 8146 8189 8147
f 8147 8189 8190
f 8147 8190 8148
f 8148 8190 8191
f 8148 8191 8149
f 8149 8191 8192
f 8149 8192 8150
f 8150 8192 8193
f 8150 8193 8151
f 8153 8194 8195
f 8153 8195 8154
f 8154 8195 8196
f 8154 8196 8155
f 8155 8196 8197
f 8155 8197 8156
f 8156 8197 8198
f 8156 8198 8157
f 8157 8198 8199
f 8157 8199 8158
f 8158 8199 8200
f 8158 8200 8159
f 8159 8200 8201
f 8159 8201 8160
f 8160 8201 8202
f 8160 8202 8161
f 8161 8202 8203
f 8161 8203 8162
f 8162 8203 8204
f 8162 8204 8163
f 8163 8204 8205
f 8163 8205 8164
f 8164 8205 8206
f 8164 8206 8165
f 8165 8206 8207
f 8165 8207 8166
f 8166 8207 8208
f 8166 8208 8167
f 8167 8208 8209
f 8167 8209 8168
f 8168 8209 8210
f 8168 8210 8169
f 8169 8210 8211
f 8169 8211 8170
f 8170 8211 8212
f 8170 8212 8171
f 8171 8212 8213
f 8171 8213 8172
f 8172 8213 8214
f 8172 8214 8173
f 8173 8214 8215
f 8173 8215 8174
f 8174 8215 8216
f 8174 8216 8175
f 8175 8216 8217
f 8175 8217 8176
f 8176 8217 8218
f 8176 8218 8177
f 8177 8218 8219
f 8177 8219 8178
f 8178 8219 8220
f 8178 8220 8179
f 8179 8220 8221
f 8179 8221 8180
f 8180 8221 8222
f 8180 8222 8181
f 8181 8222 8223
f 8181 8223 8182
f 8182 8223 8224
f 8182 8224 8183
f 8183 8224 8225
f 8183 8225 8184
f 8184 8225 8226
f 8184 8226 8185
f 8185 8226 8227
f 8185 8227 8186
f 8186 8227 8228
f 8186 8228 8187
f 8187 8228 8229
f 8187 8229 8188
f 8188 8229 8230
f 8188 8230 8189
f 8189 8230 8231
f 8189 8231 8190
f 8190 8231 8232
f 8190 8232 8191
f 8191 8232 8233
f 8191 8233 8192
f 8192 8233 8234
f 8192 8234 8193
f 8194 8236 8237
f 8194 8237 8195
f 8195 8237 8238
f 8195 8238 8196
f 8196 8238 8239
f 8196 8239 8197
f 8197 8239 8240
f 8197 8240 8198
f 8198 8240 8241
f 8198 8241 8199
f 8199 8241 8242
f 8199 8242 8200
f 8200 8242 8243
f 8200 8243 8201
f 8201 8243 8244
f 8201 8244 8202
f 8202 8244 8245
f 8202 8245 8203
f 8203 8245 8246
f 8203 8246 8204
f 8204 8246 8247
f 8204 8247 8205
f 8205 8247 8248
f 8205 8248 8206
f 8206 8248 8249
f 8206 8249 8207
f 8207 8249 8250
f 8207 8250 8208
f 8208 8250 8251
f 8208 8251 8209
f 8209 8251 8252
f 8209 8252 8210
f 8210 8252 8253
f 8210 8253 8211
f 8211 8253 8254
f 8211 8254 8212
f 8212 8254 8255
f 8212 8255 8213
f 8213 8255 8256
f 8213 8256 8214
f 8214 8256 8257
f 8214 8257 8215
f 8215 8257 8258
f 8215 8258 8216
f 8216 8258 8259
f 8216 8259 8217
f 8217 8259 8260
f 8217 8260 8218
f 8218 8260 8261
f 8218 8261 8219
f 8219 8261 8262
f 8219 8262 8220
f 8220 8262 8263
f 8220 8263 8221
f 8221 8263 8264
f 8221 8264 8222
f 8222 8264 8265
f 8222 8265 8223
f 8223 8265 8266
f 8223 8266 8224
f 8224 8266 8267
f 8224 8267 8225
f 8225 8267 8268
f 8225 8268 8226
f 8226 8268 8269
f 8226 8269 8227
f 8227 8269 8270
f 8227 8270 8228
f 8228 8270 8271
f 8228 8271 8229
f 8229 8271 8272
f 8229 8272 8230
f 8230 8272 8273
f 8230 8273 8231
f 8231 8273 8274
f 8231 8274 8232
f 8232 8274 8275
f 8232 8275 8233
f 8233 8275 8276
f 8233 8276 8234
f 8234 8276 8277
f 8234 8277 8235
f 8236 8278 8279
f 8236 8279 8237
f 8237 8279 8280
f 8237 8280 8238
f 8238 8280 8281
f 8238 8281 8239
f 8239 8281 8282
f 8239 8282 8240
f 8240 8282 8283
f 8240 8283 8241
f 8241 8283 8284
f 8241 8284 8242
f 8242 8284 8285
f 8242 8285 8243
f 8243 8285 8286
f 8243 8286 8244
f 8244 8286 8287
f 8244 8287 8245
f 8245 8287 8288
f 8245 8288 8246
f 8246 8288 8289
f 8246 8289 8247
f 8247 8289 8290
f 8247 8290 8248
f 8248 8290 8291
f 8248 8291 8249
f 8249 8291 8292
f 8249 8292 8250
f 8250 8292 8293
f 8250 8293 8251
f 8251 8293 8294
f 8251 8294 8252
f 8252 8294 8295
f 8252 8295 8253
f 8253 8295 8296
f 8253 8296 8254
f 8254 8296 8297
f 8254 8297 8255
f 8255 8297 8298
f 8255 8298 8256
f 8256 8298 8299
f 8256 8299 8257
f 8257 8299 8300
f 8257 8300 8258
f 8258 8300 8301
f 8258 8301 8259
f 8259 8301 8302
f 8259 8302 8260
f 8260 8302 8303
f 8260 8303 8261
f 8261 8303 8304
f 8261 8304 8262
f 8262 8304 8305
f 8262 8305 8263
f 8263 8305 8306
f 8263 8306 8264
f 8264 8306 8307
f 8264 8307 8265
f 8265 8307 8308
f 8265 8308 8266
f 8266 8308 8309
f 8266 8309 8267
f 8267 8309 8310
f 8267 8310 8268
f 8268 8310 8311
f 8268 8311 8269
f 8269 8311 8312
f 8269 8312 8270
f 8270 8312 8313
f 8270 8313 8271
f 8271 8313 8314
f 8271 8314 8272
f 8272 8314 8315
f 8272 8315 8273
f 8273 8315 8316
f 8273 8316 8274
f 8274 8316 8317
f 8274 8317 8275
f 8275 8317 8318
f 8275 8318 8276
f 8276 8318 8319
f 8276 8319 8277
f 8278 8320 8321
f 8278 8321 8279
f 8279 8321 8322
f 8279 8322 8280
f 8280 8322 8323
f 8280 8323 8281
f 8281 8323 8324
f 8281 8324 8282
f 8282 8324 8325
f 8282 8325 8283
f 8283 8325 8326
f 8283 8326 8284
f 8284 8326 8327
f 8284 8327 8285
f 8285 8327 8328
f 8285 8328 8286
f 8286 8328 8329
f 8286 8329 8287
f 8287 8329 8330
f 8287 8330 8288
f 8288 8330 8331
f 8288 8331 8289
f 8289 8331 8332
f 8289 8332 8290
f 8290 8332 8333
f 8290 8333 8291
f 8291 8333 8334
f 8291 8334 8292
f 8292 8334 8335
f 8292 8335 8293
f 8293 8335 8336
f 8293 8336 8294
f 8294 8336 8337
f 8294 8337 8295
f 8295 8337 8338
f 8295 8338 8296
f 8296 8338 8339
f 8296 8339 8297
f 8297 8339 8340
f 8297 8340 8298
f 8298 8340 8341
f 8298 8341 8299
f 8299 8341 8342
f 8299 8342 8300
f 8300 8342 8343
f 8300 8343 8301
f 8301 8343 8344
f 8301 8344 8302
f 8302 8344 8345
f 8302 8345 8303
f 8303 8345 8346
f 8303 8346 8304
f 8304 8346 8347
f 8304 8347 8305
f 8305 8347 8348
f 8305 8348 8306
f 8306 8348 8349
f 8306 8349 8307
f 8307 8349 8350
f 8307 8350 8308
f 8308 8350 8351
f 8308 8351 8309
f 8309 8351 8352
f 8309 8352 8310
f 8310 8352 8353
f 8310 8353 8311
f 8311 8353 8354
f 8311 8354 8312
f 8312 8354 8355
f 8312 8355 8313
f 8313 8355 8356
f 8313 8356 8314
f 8314 8356 8357
f 8314 8357 8315
f 8315 8357 8358
f 8315 8358 8316
f 8316 8358 8359
f 8316 8359 8317
f 8317 8359 8360
f 8317 8360 8318
f 8318 8360 8361
f 8318 8361 8319
f 8321 8363 8364
f 8321 8364 8322
f 8322 8364 8365
f 8322 8365 8323
f 8323 8365 8366
f 8323 8366 8324
f 8324 8366 8367
f 8324 8367 8325
f 8325 8367 8368
f 8325 8368 8326
f 8326 8368 8369
f 8326 8369 8327
f 8327 8369 8370
f 8327 8370 8328
f 8328 8370 8371
f 8328 8371 8329
f 8329 8371 8372
f 8329 8372 8330
f 8330 8372 8373
f 8330 8373 8331
f 8331 8373 8374
f 8331 8374 8332
f 8332 8374 8375
f 8332 8375 8333
f 8333 8375 8376
f 8333 8376 8334
f 8334 8376 8377
f 8334 8377 8335
f 8335 8377 8378
f 8335 8378 8336
f 8336 8378 8379
f 8336 8379 8337
f 8337 8379 8380
f 8337 8380 8338
f 8338 8380 8381
f 8338 8381 8339
f 8339 8381 8382
f 8339 8382 8340
f 8340 8382 8383
f 8340 8383 8341
f 8341 8383 8384
f 8341 8384 8342
f 8342 8384 8385
f 8342 8385 8343
f 8343 8385 8386
f 8343 8386 8344
f 8344 8386 8387
f 8344 8387 8345
f 8345 8387 8388
f 8345 8388 8346
f 8346 8388 8389
f 8346 8389 8347
f 8347 8389 8390
f 8347 8390 8348
f 8348 8390 8391
f 8348 8391 8349
f 8349 8391 8392
f 8349 8392 8350
f 8350 8392 8393
f 8350 8393 8351
f 8351 8393 8394
f 8351 8394 8352
f 8352 8394 8395
f 8352 8395 8353
f 8353 8395 8396
f 8353 8396 8354
f 8354 8396 8397
f 8354 8397 8355
f 8355 8397 8398
f 8355 8398 8356
f 8356 8398 8399
f 8356 8399 8357
f 8357 8399 8400
f 8357 8400 8358
f 8358 8400 8401
f 8358 8401 8359
f 8359 8401 8402
f 8359 8402 8360
f 8360 8402 8403
f 8360 8403 8361
f 8361 8403 8404
f 8361 8404 8362

